,EURUSD,GBPUSD,USDJPY,USDCHF,AUDUSD,USDCAD,USDSEK,USDNOK,NZDUSD
2000-01-04,-0.014938403336890005,-0.006108735491753281,0.013667649950835692,-0.015371963562753055,0.0044193843340445405,0.0036640165917734002,-0.0098306289233685,-0.003766951280763431,0.010773374374759337
2000-01-05,-0.002515723270440362,-0.002741395065488761,0.006596178096808458,-0.0025056215868937137,0.001832061068702151,0.0,-0.0008373205741626366,0.0001260398285858333,0.005221427190098771
2000-01-06,0.0010654784967067954,-0.0036418816388467112,0.013684109087404916,0.0009017132551849549,0.00152905198776776,0.0036506405841025824,0.0017359032682868758,0.000630119722747402,0.005053449951409217
2000-01-07,0.002914319020788758,0.00555419921875,-0.00019013214183849492,0.005341055341055334,-0.0012217470983507672,-0.004529544986617395,0.00567672542575437,0.003274559193954696,-0.0029069767441861627
2000-01-10,0.004096761607491395,0.0006107243190425216,0.0010459256441950338,0.005184663636945475,-0.0019814052735862564,0.0043433298862463054,0.004040404040404066,0.007280944012051149,-0.001547987616099089
2000-01-11,-0.006781631466770133,-0.00643203883495147,0.007693768996960504,-0.00630412633723898,-0.0021292775665398,0.00013728720483241474,-0.0061545745058586565,-0.006854436689930021,0.0007745933384974979
2000-01-12,0.003987938916447886,0.0009110233829332515,-0.0031105665001414096,0.003524511374559447,-0.0004560656734571289,-0.0013726835964310569,0.0025008931761341113,0.001003890074036784,-0.004050144648023224
2000-01-13,0.0010710808179164033,-0.0010314282247300133,0.0031202723146748212,0.0030012771392080584,-0.016300284133392906,-0.0037800687285223233,-0.0001187930624850786,-0.004324934185784168,-0.010496183206107013
2000-01-14,0.014020537124802557,0.007888460832874866,-0.0021679705910077063,0.015152479786082695,0.003300825206301594,0.00013797861331488193,0.006772009029345494,0.0068618193264085026,0.005372217958557135
2000-01-18,0.0006916312617328835,-0.0016483516483516425,-0.003495182316266776,-0.00018814675446843232,0.003765060240963791,0.00034489894460909554,-0.0007080481472739875,0.0016256096036013634,0.008123791102514488
2000-01-19,0.0005931784478496738,-0.0035284097822119165,-0.0009479571523366426,0.0014427298958725743,0.0009044317154054404,0.001723900151703317,0.002243741143127087,-0.0012484394506866447,0.0029097963142581396
2000-01-20,-0.0017763742228363855,-0.006046680372475466,0.000569313976658048,-0.003131850923896118,-0.004800480048004707,-0.0029600055069871622,-0.0022387180393542705,-0.002874999999999961,0.004481683554169669
2000-01-21,0.0032673267326732702,0.00206010664081413,-0.004646752015173172,0.0036443606660383487,0.0067965564114182975,-0.004418668876001064,0.0029522909777988104,0.002757929046007135,0.005485893416927956
2000-01-24,0.00808463918554736,-0.0009685230024212288,0.005335365853658569,0.007324860702435432,0.011766503667481665,-0.001386962552011095,0.0038855528081949142,0.0033754219277408737,0.008496344595929628
2000-01-25,-0.0021910168309928757,0.0023055454435139122,0.0033169067475360414,-0.0003107520198880609,0.0003057169061448928,-0.0007638888888887863,-0.0005864414731409084,0.0012459506603539339,-0.0013812154696133394
2000-01-26,0.0029967036260112323,0.005306495882891227,-0.00018891092849726565,0.0010568852968604325,0.005687932359723424,-0.0006949753283759241,0.0008801783828187304,0.003919860627177751,0.0015810276679841806
2000-01-27,0.012234580384226534,0.0019556316078956915,-0.008880491261218704,0.013352378586510838,-0.006870229007633788,-0.0020168300994505284,0.01014246350471959,0.009916330957545627,-0.0023659305993690705
2000-01-28,0.012800819252432039,0.009438618136952792,0.021351634734534386,0.01029601029601035,0.04549082202713506,0.010104529616724811,0.023795705165409187,0.015035286897821187,0.04147843942505158
2000-01-31,0.0008199241570157056,0.001730317636880363,0.0016798880074659905,0.0006066120715801926,-0.01833281103102491,0.0015177647464643673,-0.0005668934240363743,0.0037484885126966017,-0.01675752069452885
2000-02-01,0.002671873394306745,0.001981424148606914,0.0031678002422435014,0.0027280994240679313,0.010609659540775862,-0.0033753530343734184,-0.005331820760067885,-0.0028912179255512482,0.009991843393148514
2000-02-02,-0.0037878787878788955,0.005603985056039651,0.0067799758521407405,-0.0022974607013300785,-0.007075471698113289,-0.002280895769975144,-0.006843065693430739,-0.006282469493777865,0.001224989791751785
2000-02-03,-0.012036006877718108,0.0021840873634946245,-0.0044280442804428555,-0.014967882680887112,-0.004227336777830049,-0.0012469691721510578,-0.01504363803399178,-0.008145896656534979,-0.013891685121803943
2000-02-04,0.013012295081967107,0.00691171850455552,-0.0035211267605633756,0.013226699477083992,0.01140142517814735,0.0034681279045571944,0.010026815902996367,0.013728855111546867,0.007505070993914842
2000-02-07,-0.002351017070428063,-0.0001256518188100797,0.011251627301469114,-0.002671523982999413,-0.003786086133459543,-0.0006912283127117336,-0.0003463003578436652,-0.0013301088270857298,-0.001215559157212387
2000-02-08,-0.008010545528290502,-0.011673393356100625,0.007724137931034436,-0.007609886764884943,-0.002203683299228598,0.0011067303036591536,-0.007505773672055405,-0.009141542559631954,-0.0008097165991901578
2000-02-09,-0.005245107928182446,-0.000620539869686465,-0.0043799616753353865,-0.0042328691491320125,0.0012608353033884967,-0.0020728252608306352,-0.005933682373472915,-0.00470458850125266,0.004065040650406582
2000-02-10,0.00496705524581853,0.0036121317805317688,-0.003391073228851682,0.0029571217348447476,0.003955696202531556,0.003946548501003955,0.004798689138576728,0.0036832412523022384,-0.003039513677811523
2000-02-11,0.0018279679090076328,0.008415499591785336,0.002299061982711015,0.0015356265356265553,0.006049028971665038,0.001034482758620836,0.002679091438555492,0.0045259938837918234,0.004069175991861629
2000-02-14,0.006541960543800629,0.002076777847702882,-0.0031195522525001573,0.007973014412756774,0.0004777830864788335,0.0022046159145712174,0.008248141263940578,0.004383828543594648,0.00965488907148715
2000-02-15,-0.005186089078706657,-0.0037617554858933033,0.0009203865623561569,-0.006388804380894397,-0.0033333333333334103,0.0026122224513644987,0.00011522064753988204,0.0004243452958294647,-0.00041067761806967695
2000-02-16,-0.000812842918106127,-0.005610972568578787,0.0057931034482758825,-0.001714635639926465,-0.0001587049674655061,-0.004456633527596843,-0.0012096774193548487,-0.001514876083136274,-0.005919575423555923
2000-02-17,-0.002129169623846572,-0.0006230529595014911,0.0081367708904736,-0.0017175806649492031,-0.0030063291139239556,0.00013774104683195176,0.0012111425111021035,0.005583201844884034,-0.0076969819728580635
2000-02-18,0.0013197969543146115,0.0041291291291292165,0.005531876303618288,0.0004915816640040926,0.00445009535918639,-0.0006886103842445035,-0.000864055299539257,-0.003379601689800893,0.005703809329802523
2000-02-22,-0.020874751491053556,-0.011197030621713622,0.0014430014430015792,-0.01836383736641689,0.005593735016781176,0.005719404630650571,-0.015335831651772769,-0.01356424851641036,-0.0016270083384177791
2000-02-23,0.004292702405909843,0.007353399389294024,0.0006304034582131912,0.006194081211287061,0.009845061329890159,0.003836930455635601,0.004391357807834062,0.003990178023327351,0.012770339855818769
2000-02-24,0.00865975229080651,0.004129904261310324,-0.001440014400143963,0.007337395846287897,0.00846354166666674,-0.0043683025049484625,0.004896817068905213,0.003424029348823021,-0.0024655845490035855
2000-02-25,0.01720782546348465,0.004588886095046485,0.00027039206849943653,0.016975308641975273,-0.005020242914979822,-0.005621443751285482,0.00881772827474192,0.012979099384558879,-0.003072511265874711
2000-02-28,0.00972179129175732,-0.0016943834326952345,-0.01630924490899266,0.008497723823975623,0.009646827992151774,0.002275077559462213,-0.0006325474410580068,0.003669393647738106,0.007428807263722748
2000-02-29,0.002696256351757631,0.009822560202788155,0.0065036182101310125,0.0030093289196508888,-0.006336311941510964,-0.0022699133305820185,0.006962425916335668,0.004614923584057573,-0.0039054470709146694
2000-03-01,-0.005876288659793616,-0.004353586977096202,-0.025300327630142005,-0.005820582058205792,0.014504697544091005,-0.0024129610479144414,-0.00725714285714274,-0.008292566519508382,0.0024726973006388153
2000-03-02,0.00842083376650371,0.005328258801141628,0.0025210084033613356,0.0088121680347657,-0.0016455487905217003,0.005044920525224539,0.013641858055603473,0.010936654033567805,-0.005125051250512547
2000-03-03,0.00010397171969223074,-0.002846299810246644,0.004004843066033326,-0.00011966016513098587,-0.0008220979940808393,-0.0022691329161794727,0.0011357183418512218,-0.0006426735218508783,0.0
2000-03-06,0.0015620118712902364,0.0049580472921433305,-0.0005565862708719616,0.0022738152225945107,0.010970744680850908,0.003101309441764233,-0.0032331253545092586,0.0018458973442896376,0.014137214137214249
2000-03-07,0.00449790794979088,-0.002536139994927633,-0.014293669946166654,0.0035820895522387097,-0.0031483015741508025,-0.0019237375472345164,0.0019916917999203143,0.002793462109955458,-0.005376344086021612
2000-03-08,-0.0016708437761068229,-0.005234941658782799,0.006497175141242817,-0.002379535990481907,-0.009681654085986202,0.004474426929166331,0.005338482507950992,0.002133712660028486,-0.007999999999999896
2000-03-09,-0.01115241635687736,0.0025292443882389826,-0.004116381326597418,-0.010435301132975638,-0.009910641754670935,-0.001507675438596423,-0.014405151960230622,-0.007215519280813765,-0.008541793776693285
2000-03-10,0.0025882596542083913,0.0013930222250364555,-0.0016909347111320194,0.003977101536607464,0.003096479791395046,0.00034317089910773646,-0.0004012151086145721,0.00023829381627527013,-0.006666666666666599
2000-03-13,0.0011401326699835845,0.0006969965783802934,-0.008939493742354365,0.0024608366844727225,-0.004703974047039705,0.0026758147512864205,-0.0002293577981652417,0.0028588445503276994,0.0034461787958643963
2000-03-14,0.00041476565740361515,0.0036248012718602673,-0.00446259020129125,0.0007783498982159021,0.004071661237785129,0.0012316956343232377,-0.00240880935994503,0.002850694856871172,0.005913539967373538
2000-03-15,-0.005363036303630553,-0.00031786395422750413,0.006962327134000912,-0.005803170804666524,0.002448979591836542,0.0032804811372333376,-0.0006324019776934309,-0.003079474120573189,0.0038894575230297157
2000-03-16,-0.0014418125643664848,-0.0010795707118816944,0.00047357454063257087,-0.0015043928270549456,0.0029474373669560183,0.0029972752043596618,0.00028763734683323605,-0.0013068789354876431,0.001435014350143371
2000-03-17,0.0016505054672992792,0.0026743075453676823,0.004449493515099823,0.0016271921894774888,0.006593044338223386,0.00027166530834032976,-0.0032206119162641045,0.00029740661432309246,0.00681114551083617
2000-03-20,-0.0016477857878476332,0.0012112711972460666,0.0037700282752122227,-0.0009025270758121762,0.0003297609233303689,-0.0016974470396524666,-0.0027117470574660185,0.0014865909496342145,0.0020682523267838704
2000-03-21,0.0007214263629804485,-0.0024801271860095397,0.003849765258215898,0.0006022282445046212,-0.0057377049180326045,-0.002788546555124838,0.0008678044547296704,0.000950005937537135,-0.01386905975933106
2000-03-22,0.009887593671940031,0.0012734797835083356,-0.0013095126742119767,0.00812518808305751,0.007265521796565366,0.003955804119492479,0.0070520231213873075,0.004389607308102894,0.005537325676784111
2000-03-23,-0.008564647611185583,-0.007896399241945629,0.006368830195747854,-0.013611940298507541,0.002483032610494984,0.00047554347826084253,-0.00757662725289876,-0.009213323883770275,0.0002051282051283021
2000-03-24,-0.0033936651583711397,-0.00502828409805145,-0.0018613308515589289,-0.011439293063793654,-0.0037928759894461095,-0.005228491885652109,-0.007807981492191862,-0.005126371006199282,-0.001638337087855879
2000-03-27,0.00819077242094357,0.0034689372437715082,-0.0011188811188811432,0.008265474805608353,-0.008177952240758901,-0.0030716723549488734,0.008044301952783384,0.0073097663271419755,-0.009935117599351284
2000-03-28,0.003224464322862497,-0.0010710685483871218,-0.011481377765331757,0.005040077726499836,-0.004396678065461512,-0.0043820609380349484,-0.009136644885213485,-0.0019034023316678583,-0.018507462686567
2000-03-29,0.009449811003779951,0.0001260239445495248,-0.0028328611898018607,0.010512959941997524,0.002775963422599448,0.0009627948559247645,0.011672016340822822,0.007151370679379987,0.001994017946161497
2000-03-30,-0.007296226808421902,-0.003265921366662594,-0.0006628787878787401,-0.007174887892376636,-0.00016326530612253976,0.0001374098248023703,-0.003980386501298061,-0.005325443786982187,0.005010020040079999
2000-03-31,0.002088991017338504,0.0,-0.026532739505353953,0.001505570611261664,0.010392609699769295,-0.0013052139863982681,0.00023166917641614937,0.0035693039857229714,0.006048387096774244
2000-04-03,0.0014644351464436767,-0.0036295369211513107,0.02034459262143473,-0.0025856885147323982,-0.0018112958998847128,0.0006878525244189415,0.004979733642154205,0.0034380557202133843,-0.0076030412164866945
2000-04-04,-0.0029203170629953368,0.0009395552771687132,0.0048654836863195605,-0.005245071441490445,0.006797082228116702,-0.001168545504536711,0.001498041023277219,0.003071833648393252,-0.0017974835230677444
2000-04-05,-0.006115890950554537,0.004088050314465352,-0.0031330105383081674,-0.010303030303030258,-0.003469354039319361,0.0011699126006470273,-0.007881716718444398,-0.005594817432273191,-0.005165905026822792
2000-04-06,0.006993736951983243,0.006329113924050667,-0.002095238095238039,0.003674219228414044,0.006150265957446832,-0.0022683530382183736,0.004465062336909131,0.003968018951732377,0.004590818363273241
2000-04-07,-0.0010427528675703845,-0.0018951358180667732,0.005249093338423272,-0.0004270896888346476,0.0021655838747294265,0.004064760592490613,-0.002193742062117532,0.0007078810759790777,0.001399160503697816
2000-04-10,0.00020859407592821455,0.00012635835228702597,0.009873730181334972,0.0031740218519196173,0.0020030045067600533,0.0028132290380129543,-0.0037028465632955587,0.0023579344494224497,0.003610832497492389
2000-04-11,-0.00031279324366584316,-0.002835002835002931,0.005452665225157416,-0.0012169151201704143,0.005707570924962102,0.0013684570646594896,0.0027874564459930973,0.0028228652081863093,0.00020064205457459572
2000-04-12,0.004188043136844177,-0.0005666792595392378,-0.01019167835437118,0.0045689917758149345,-0.002177554438860918,-0.0008199521694568501,0.0078758397034977,0.0008210180623973162,0.0018090452261305678
2000-04-13,0.0028349433011338743,6.296832693175602e-05,-0.0009446438692611858,0.0018192844147968401,0.0011739057521380492,0.002598645968679536,0.0024132383360147003,0.0015234970116020374,-0.0006026516673361959
2000-04-14,-0.004182350480970376,0.0013240857503151737,-0.00605143721633894,-0.006779661016949046,-0.00150703281982556,0.00723006616192623,-0.002636707554740547,-0.0002925345190731843,0.00040192926045024
2000-04-17,0.0014659685863875893,0.00044155680312862877,-0.008847031963470364,0.0019502681618721596,0.009978014544224312,0.005959233425882227,0.0022988505747127963,0.005091590097735077,0.006268958543983905
2000-04-18,0.007702859554711505,0.005645775183963364,0.0038391400326327485,0.009914841849148592,-0.0055499495459131465,-0.0012117132278693932,0.0027522935779815683,0.00512402468848272,-0.0016151827175451272
2000-04-19,0.011527377521613813,-0.0008239842809153464,0.0033464002294674167,0.009154971993013294,-0.0018465670639583598,-0.005122329311855522,0.00617566331198538,0.00961649866759351,-0.006419257773319864
2000-04-20,-0.0007465870307168387,-0.0015188912094169504,0.004859919954259606,0.0010146225007461318,0.004383746417130352,-0.0024388591558838213,0.00022732439190731313,-0.002467294009639631,0.007070707070707227
2000-04-21,-0.0003198635248958803,0.0010136205258157727,0.004077761972498761,-0.0007154781779156183,0.0010126582278480178,0.0016977928692700761,-0.0015909090909091983,-0.0017831463905667588,0.003039513677811634
2000-04-24,-0.0018092805449129168,-0.000949367088607711,-0.002077823951643354,-0.0028639618138424083,-0.003364171572750152,0.0008813559322033981,-0.0006829046209879674,-0.00046098882102107996,-0.002224019409623912
2000-04-25,0.014139233675121599,0.0008234623424339116,0.0004732159757712129,0.016335567257060646,-0.001846877098723998,-0.004335162229899048,0.0077448747152621955,0.015334947538337307,-0.001816347124117157
2000-04-26,0.0052077682543125725,-0.00050648939537834,0.007094882224955024,0.005887547836326279,0.011205432937181792,0.004013878495135792,0.004181735985533397,0.0024415171473997077,0.018499486125385323
2000-04-27,0.01475283496642077,0.002984505969011897,-0.0009393199323689538,0.013169446883231073,0.002553191489361728,0.0023038352080229085,0.010782217220033807,0.016346644010195366,0.0014409221902018654
2000-04-28,-0.0006601386291121836,0.012082262210797001,0.0152312899586311,-0.0034662045060658286,0.006510193592599078,0.0017577068685774577,-0.0015366114377337592,-0.0014266925254687868,0.0006179196704427792
2000-05-01,-0.003399122807017596,0.00012855122766408655,0.008427486571587206,-0.00666666666666671,0.006379310344827527,-0.0023619921716830916,-0.005431024868963963,-0.006027458421698828,0.004136504653567741
2000-05-02,0.005734450816056391,-0.002052597819114599,-0.0023877307374414736,0.0029180040852057054,-0.009731944681577676,0.005005749847798224,0.002545328145498571,0.005446378439079247,-0.004939287919324964
2000-05-03,0.0199077719041727,-0.000961230374879829,0.0046948356807512415,0.010707011929008026,-0.00728813559322028,0.004442350407215523,0.015210826529470811,0.013123359580052396,-0.006339468302658524
2000-05-04,-0.0017963399573369676,0.0110139293812761,-0.008887667216419315,-0.0009211814151649511,-0.002367264119039758,0.003819607317563589,0.002974551063126496,0.0034174842905965175,-0.003667481662591787
2000-05-05,-0.005137942589076183,0.009615384615384803,0.00332809466580386,-0.0017288076989570023,-0.0035383319292333626,0.0,-0.0001098418277679647,0.0004394638540978768,0.003065603923973148
2000-05-08,0.0003351955307262511,-0.001436969301110258,0.004607021100156539,-0.0010390809905905796,0.011073253833049357,-0.003538050734312459,-0.0008788311545643301,-0.0014276301339776198,0.00949040643697141
2000-05-09,-0.00809043555358524,-0.0003264773098271556,0.005319636797211702,-0.004969661947413995,0.00720658888126291,0.0012058685603268948,-0.003936228697086319,-0.004618937644341736,0.011899791231732904
2000-05-10,-0.008134549851599338,0.010690952286676048,-0.002554511449685215,-0.004007201347348777,0.0022355975924333027,0.0006691201070592179,-0.00018765453903224483,-0.0006629101756712164,0.003141361256544517
2000-05-11,0.008424786609023238,0.010402080416083148,-0.00786609347845968,0.005947521865889316,0.0043177892918828675,-0.0036776997659645483,0.011316588462600086,0.01039248203427312,-0.0004186728072013146
2000-05-12,-0.0064977973568282055,-0.011534405483785926,0.002489167511754431,-0.009390215627173681,-0.0034423407917384408,-0.0018791946308723828,-0.007423580786026118,-0.01395119816172441,-0.003753910323253229
2000-05-15,-0.006347121908513831,0.006434494195688423,0.006805223468824728,-0.0033352837916911238,0.012371493291514213,0.0016810112963958623,-0.003189617245930476,-0.0053820118737170075,0.011390002109259445
2000-05-16,0.009389152767038444,0.0044642857142858094,0.0024662038728533453,0.006986438090764935,-0.005889485536116568,-0.0023494663355038137,0.0044135495972634775,0.009762356353899326,0.0023255813953488857
2000-05-17,0.01479654747225645,0.00691043274069103,-0.0020045558086559945,0.01434235074626855,0.015479331574318467,0.008747140357959982,0.010765681643414293,0.011214850008286703,0.026030368763557465
2000-05-18,-0.0034629133154602254,0.005871237683898078,-0.007577832557290276,-0.0012070352914127502,-0.0031562335612834724,0.001000533617929511,-0.007466579719595634,-0.0028409090909090606,0.018334437817539184
2000-05-19,0.0006706908115359234,-0.002490743857287092,-0.0166513339466422,-0.0017264199804339908,-0.004364525139664788,-0.00293196508296123,0.002759436286587258,0.0012601358755204295,-0.008324205914567284
2000-05-22,-0.009960159362549792,-0.003488294090024824,0.0012162035737672827,-0.009338790568974464,-0.002090592334494712,0.0013366303548754122,0.007043407043406891,-0.002243502051983426,-0.006096233398650064
2000-05-23,0.0004428697962799433,0.012153720803910861,-0.0028032143524574504,0.0064009310445156675,-0.0012180267965895553,0.003537342321297432,-0.0013012361743655054,0.003948667324777944,0.001308044473512071
2000-05-24,-0.0070360598065083435,-0.0018298881735004935,0.008058470764617631,-0.005030355594102254,0.0059513390512864195,0.0032588454376163423,-0.003800217155266017,-0.005954331913034072,0.010352422907488723
2000-05-25,0.002645502645502562,0.003400204012240726,-0.000929540806841378,0.00011622501162245058,0.0022807017543862163,-0.001856148491879317,-0.0010899182561309173,0.0008243116997308508,-0.00569426193604905
2000-05-26,-0.0255639097744359,-0.011428571428571566,-0.002791216970599142,-0.022196397443346894,-0.002799160251924393,-0.0007969715082686291,-0.01691216584833599,-0.020535910388754575,-0.00414394765539805
2000-05-30,-0.00042946102641194805,-0.0050167224080266415,-0.0069042731852958505,0.0033872117898738896,-0.009015256588072118,-0.0005982053838483603,-0.0008879023307435396,0.0031393653997082716,-0.003477504890241123
2000-05-31,-0.0015008576329329504,-0.0012025654730091206,0.012213453588876266,-0.00011844832691731977,0.010511562718990897,-0.003923915935089117,-0.0016662963785826213,-0.0023471554711075315,0.006342957130358595
2000-06-01,0.0022563661759964493,0.0035534696614147876,0.00928160386114718,-0.00029615589646381224,-0.0022723300122358125,-0.004473526073312417,-0.0021141649048626032,0.0015684517140934773,0.0024117518088138112
2000-06-02,-0.01325275657336733,-0.010876052788646562,-0.005425786279197986,-0.011731247778172804,-0.01191709844559563,-0.008383635144198598,-0.016001338090990136,-0.014597315436241542,-0.022084048027444125
2000-06-05,-0.004117833386126146,-0.003700033036009298,-0.006564956079519235,-0.002997601918465209,-0.0037852718513422534,-0.0004058167061210538,-0.0022097569267381933,-0.006867586128611047,-0.0023529411764708907
2000-06-06,-0.010344827586206917,-0.006563833278634745,-0.016753536857781026,-0.0120264582080577,-0.012739935450993611,6.76635766967415e-05,-0.010675752413401463,-0.009943993599268452,-0.013296749683410547
2000-06-07,-0.0031249999999999334,0.0006568144499179418,-0.0013252555850057357,-0.00395617772367618,-0.0022033898305084954,0.0003382949932340118,-0.006313856044082189,-0.0035326714384670277,0.003813559322033866
2000-06-08,0.005446166736489122,0.010956175298804771,0.0034123222748814186,0.00274977085242889,0.003742769649540456,0.00101454176530269,0.011783733826247422,0.007252589382950703,0.007470651013874008
2000-06-09,0.002309468822170979,-0.0012600305060016526,0.008690723597203798,0.002010968921389411,0.0023874488403818894,-0.0023648648648648685,-0.0014843571591687255,0.004370830457786745,0.0010683760683760646
2000-06-12,-0.0018860016764458143,-0.002711640211640165,-0.001217456452519139,-0.005291005291005346,-0.00811907983761817,0.0,-0.0061749571183531415,-0.0046953733394409225,-0.005736137667304075
2000-06-13,-0.007797068302318411,-0.0006609385327164263,0.001312705110173562,-0.006175103937392956,-0.010212623472292126,-0.004605485946495014,-0.009089863076746085,-0.007421470486710491,-0.002754237288135508
2000-06-14,0.003023983315954215,0.007122412301138192,0.0009364172675343507,0.0038757305444478973,-0.005660063259530501,-0.00013608219364491525,-0.00917324663260577,-0.006201819973337908,-0.0077780113516923155
2000-06-15,0.006295907660021083,-0.005296960868701683,-0.0034615024791841975,0.004167177350165474,-0.0013300083125520334,0.0042871725076556455,0.010781671159029615,0.007348652746996143,0.014285714285714235
2000-06-16,-0.012230514096185807,-0.004088361358390857,-0.002816372512204235,-0.012693762968387756,-0.011178694722998372,-0.003387992952974539,-0.002724637681159492,-0.007005558128763245,-0.01985370950888199
2000-06-19,0.0027021409270422403,0.0007258809555230616,-0.004518922990020768,0.0032142415626159604,0.009794156706507184,-0.0034675006799022023,0.002150787653316222,0.0005247507433969734,0.011627906976744207
2000-06-20,0.00680129747828806,0.0035761589403975336,-0.003026290902212958,0.0030807147258162804,-0.0021533874440947676,0.0034795660776421045,0.0026102088167054838,0.004953379953380077,-0.0044201220795622165
2000-06-21,0.01078794288736118,0.008684034736138768,0.0007588692847657619,0.006756756756756799,0.0018254231662795384,0.001427794397606652,0.008851605438241261,0.008988112496375544,-0.00021043771043771642
2000-06-22,0.00606512023834882,-0.009265387160820482,-0.010426540284360186,0.003965832824893267,0.005506424161521695,-0.00027157308710723527,0.009863516458309407,0.004367816091954024,0.005076142131979822
2000-06-23,0.004274417610600434,0.006662225183211357,0.0018199233716473806,0.0066848982072318375,0.004862508383635111,0.0046179966044144205,0.005110732538330387,0.0001144426642254448,0.002757158006362781
2000-06-26,-0.002558089959496912,0.0013342228152100066,0.010230423558657442,-0.003320253546634455,-0.00016764459346174654,0.002501182991955675,0.004632768361581885,0.002174161803409902,0.004259850905218299
2000-06-27,-0.006565014824227,-0.0006666666666667043,-0.0012303615370053977,-0.007934585099939495,-0.007817697937458234,-0.0003371544167229956,-0.002080755820492608,-0.007227677551952527,-0.005296610169491456
2000-06-28,0.0,-0.00708280929370475,-0.00018951956789536872,0.0025032053238902563,-0.0018263323924955221,0.0008768971332209219,-0.0009580163426317068,-0.004911037758634551,0.015053763440860068
2000-06-29,-0.007461902259590092,-0.005725944451757448,-0.003980665339778255,-0.0027405602923263883,-0.0009951899154089228,-0.0012131014961584974,-0.004738267148014619,-0.007165973185390584,-0.008951406649616245
2000-06-30,-0.0031430068098482478,0.004230006609385439,0.009991435912075408,-0.0035419847328244103,0.009713615809747056,-0.0014844804318487892,-0.00011335298118331227,-0.0010477299185099875,0.0004264392324093702
2000-07-03,0.0019945412555113506,-0.00033036009250098086,-0.004710759374411122,0.0003677146534291076,-0.004169446297531687,-0.00033788349776997517,-0.0032309261988435756,0.0008157557394241621,0.0032085561497323667
2000-07-05,-0.0023041474654378336,0.0009920634920634885,0.012021961378265722,-0.0063101145622740384,0.015066869815473227,0.00784154667748238,0.004264998578333845,0.0,0.01453993055555558
2000-07-06,0.0022042615723734116,0.0,0.004302684500982146,0.0018495684340320562,-0.0003384667456423074,-0.0039573412032999356,0.0040770101925253766,0.0013972985561248041,0.0006514657980456473
2000-07-07,0.004533951919021506,-0.0015188535957207927,0.004097978951289827,0.0017230769230769383,0.0013557024233181725,-0.002693602693602748,0.005526731333182822,-0.0008720930232558599,0.0
2000-07-10,-0.003886146413191849,0.0003963797317829698,-0.0065856599573324015,-0.00018429782528561756,-0.001860622462787509,-0.0008102633355840938,-0.0033090297251821,-0.001163805644457394,-0.0013012361743657275
2000-07-11,0.002527113825418592,-0.00019815059445171812,-0.0015873015873014706,0.0036866359447005337,0.0035647598030894567,-0.0008784970942019577,0.000573968825614557,0.0031109816487038255,0.003045464433326206
2000-07-12,0.010211679608552293,0.004778338200159382,0.013373234826521863,0.010713192531374371,0.00016977928692707422,0.00202908353060538,0.00021370886104432607,0.007410676950239337,0.00043525571273117514
2000-07-13,0.006638826426812461,0.005203468979319448,-0.0008305647840531893,0.005935796486977507,0.00597779675491017,-0.0004049949375631856,0.005454034298566279,0.006456820016141895,-0.0004350663476179184
2000-07-14,-0.0037337315980373598,0.0,-0.0036021058464948963,-0.004576107899807336,0.0013682230203524437,0.0024309541495035614,-0.004809305446818124,-0.0035513804559512696,-0.0032523850823937828
2000-07-17,0.0024596299860979443,0.004691689008042843,0.00602521319985172,0.00260101621098463,-0.001366353543979515,-0.0021556079488042057,0.007866936390199974,0.005978385835824218,0.007206813714785154
2000-07-18,0.0031109204033468174,-0.0016728002676479337,-0.0021192297060721454,0.0019909502262442924,0.0018822724161533522,-0.0020252480928915073,0.003568242640499486,0.004571428571428449,0.000655594405594373
2000-07-19,0.009202121901050075,0.00020077633516257798,-0.0009233610341643494,0.010416666666666519,0.01634782608695673,-0.00169113170533719,0.008999999999999897,0.0072810011376565065,0.007929515418501953
2000-07-20,-0.005919070167886398,-0.01007022658009804,-0.002865064695009245,-0.006018711638162255,-0.011348005502063385,-0.0006775985905949078,-0.006717321880850169,-0.004969505308335065,-0.014970709481449185
2000-07-21,-0.005458632131007168,-0.004813081031186051,0.011029752525720582,-0.0025179856115107313,-0.008354646206308658,-0.002237591537835648,-0.002605321507760605,-0.004483541430193028,-0.00453563714902816
2000-07-24,0.0031135924414860128,0.0017833553500659072,-0.0014668133480014722,0.0037264094242095425,0.0008532423208191808,-0.0051647978253482885,-0.0015561607291724178,0.001539250897896416,0.0071785947356972635
2000-07-25,-0.008199339793419247,-0.003291639236339683,0.0034887991186192124,-0.010299401197604752,0.0018806633612582502,0.0009563494774234016,-0.004286111884219235,-0.0073428961748635,0.0
2000-07-26,-0.0023371932433868814,0.0023756103998942013,-0.00018298261665139481,-0.002117618586640835,-0.009315718157181685,0.0008189449259536907,0.00022361359570655104,-0.0016629393887264143,-0.0021706099413933977
2000-07-27,0.00878791126353029,0.002513892564170561,-0.001189604685212231,0.006790759716243322,0.00220675606857923,0.0032730992158200856,0.01704672479320357,0.011717403790924896,0.005017452006980783
2000-07-28,0.009193164611724036,0.006056572379367742,0.0043976179569398255,0.008912978018668971,0.003235694822888213,0.0042819275470671325,0.006759355937792089,0.005450210060179428,0.002405423135797058
2000-07-31,-0.0021584286639326766,0.0028031769338583423,0.0004560795402719364,-0.0038202113054378595,0.014688094003801666,0.0070384407146724115,0.0013100436681223737,0.0010163749294185287,0.007268722466960087
2000-08-01,0.0041179020372776876,-0.0006003201707579509,-0.001914660831509929,0.004134459823835979,-0.0031007751937985883,0.0008064516129033805,0.004906236371565731,0.002369133574007032,-0.0013198416190056683
2000-08-02,0.00995950530808809,0.004421814283800174,-0.006394445966931617,0.007697815968492838,-0.004288164665522953,-0.00530486167069566,0.0045567972225235565,0.008103545301069381,0.0008806693086746975
2000-08-03,0.010506525105065334,-0.001404964206864312,-0.003769421715546506,0.011843429857286703,-0.0023956194387406704,0.002092756362654269,0.008208229830435343,0.006140448810985744,-0.0013192612137203907
2000-08-04,-0.0036363636363636598,-0.004992677406470469,0.0016611295681063787,-0.0019898168198045907,0.002057613168724215,0.0030315278900565623,-0.00953401178361013,-0.011984021304926817,0.0006600660066007347
2000-08-07,-0.0032948929159802853,-0.0031851360318514432,0.004145936981757803,-0.0028147540022284145,-0.0051177072671443335,-0.0009402914903618997,-0.006867834739346823,-0.001123090745732247,0.0006605019815058011
2000-08-08,0.009535425213438087,0.0031953135401412425,-0.0032113037893384266,0.008350485151426001,-0.0010224948875253714,0.0009411764705882231,0.006751973863327043,0.010231616820328249,0.0008814455707362168
2000-08-09,0.0031142253364475625,0.002001067235859022,-0.005983063328424243,0.002332769580684735,0.014172139647424808,-0.002753710793203079,0.0005949483476661577,0.000890372843628473,0.005985369097760929
2000-08-10,-0.00947449597884742,0.0008010680907877266,0.0065746828410038205,-0.007098388316751025,-0.0055001718803711075,-0.0014816810344827624,-0.005297297297297221,-0.005448682308462072,-0.001549358123063338
2000-08-11,0.0034269290294053345,-0.003989361702127714,-0.00018399264029433926,0.006797538822150617,0.0039689387402932486,0.0008768379873196341,0.001847625258124097,0.0007826475849730397,0.007133303611234876
2000-08-14,0.0009959057209250055,-0.0013280212483399723,0.007729112992270748,0.0019207263837961452,-0.002581755593803692,0.0005391198867847891,-0.0014102842265133475,-0.0023461065802704573,-0.004659418682050109
2000-08-15,-0.01072796934865905,0.0002656748140275056,-0.0047479912344776665,-0.006912977808760323,-0.0036014405762304635,0.001549134505287375,-0.0056491037479630135,-0.004927211646136631,0.005353557885344751
2000-08-16,-0.0008749863283386006,0.004536962903656461,-0.004128440366972463,-0.00011699327288683392,-0.01119213159233512,-0.006455951580363162,0.005571943625040987,-0.0034886338059868516,-0.005986696230598776
2000-08-17,-0.0009833916083915595,-0.00026680896478137317,-0.0006448641179179759,-0.00046802784765698213,-0.006402695871946196,-0.001015297143630689,0.00010864841373314782,-0.002371541501976382,-0.004415011037527727
2000-08-18,0.009263343625937281,0.006512252433702681,-0.0004609144542772059,0.008779631255487308,0.005080440304826572,-0.0008130632156650996,0.006300923411189485,0.006791940230925997,0.007114273010226935
2000-08-21,0.004541929766257002,-0.00033557046979859617,0.000922253988748345,0.0023208587177254714,0.002546689303905003,0.0012205872380823823,0.003130735182986122,0.0030357544411963033,-0.0004444444444444695
2000-08-22,0.006915783602900127,0.00696087044671212,-0.0017506680180594536,0.007525325615050704,0.015167183729748235,-0.0006095496105654741,0.004627636676711289,0.007174083622912164,0.01465614430665152
2000-08-23,-0.00022304003568651698,-0.0010801323162087373,-0.012183865608270339,-0.007066934788853785,0.016468114926419197,0.008200054215234509,-0.00032137118371722284,0.0022259321090707385,0.03548914312397855
2000-08-24,-0.006756756756756799,0.0004727813048763796,-0.0012147262193982211,-0.009547506075685663,-0.0029694323144104917,-0.000403307118370555,-0.005679382768967067,-0.0016657412548585215,-0.012678653757491887
2000-08-25,0.0004432624113477335,0.004136995591726089,0.0026195153896528822,-0.001285271951860678,-0.002091685549938993,-0.0028915338578442418,0.0034486474835651038,-0.001167964404894417,-0.004360798714711844
2000-08-28,0.0024439013552544075,0.0019706441967926036,-0.006718298031165415,0.0020473822755191495,0.003849518810148833,0.0011464796331266403,0.00365159488776734,-0.0023943426694136294,0.0039170506912442615
2000-08-29,0.004015168414008619,0.006841817186644672,-0.002348520432127743,0.0063047285464097325,0.00035007876772263913,0.0015493432132029916,0.007062600321027235,0.0065862915829424384,0.010477299185098987
2000-08-30,0.00470640968175684,0.0038461538461538325,0.0025423728813558366,0.007077387167884863,-0.0012237762237761185,-0.004237288135593209,0.0030815003719051326,0.0032715980924920007,0.006561987344738451
2000-08-31,0.005181347150259086,0.003100241129865511,0.0017845402460787696,0.003744239631336299,-0.007633587786259666,-0.005741303613644,0.0005296610169491789,0.004200519537942871,-0.00023430178069361318
2000-09-01,-0.01278772378516635,-0.006162273194111556,-0.008250515657228563,-0.011190817790530772,-0.00017346053772770986,0.0014945652173912194,-0.011328745367919613,-0.008112719467224472,-0.00350221807144524
2000-09-05,0.013181613339342091,0.005715466189230023,0.0009453582907921199,0.014973882762623125,0.011580979119143908,0.0006783340116673919,0.014403512529449713,0.008234562968881809,0.00492726419521361
2000-09-06,0.0199954033555505,0.004635074368730452,0.0018889308651304226,0.01669716376944197,0.007780725022104251,0.006168655097613884,0.019530219055159614,0.015299944964226597,0.0028235294117648913
2000-09-07,-0.004347826086956497,0.005215577190542442,-0.009238310708899022,-0.003374578177727794,0.013622512995160596,-0.004446540456780945,-0.010095780481491068,-0.004228100607111873,0.01869606903163934
2000-09-08,0.00877192982456143,0.012961397576781941,0.008848715509039096,0.008408577878103785,0.003958970667626405,0.00027069093862075455,0.009571129707113046,0.007512248230810981,-0.0033444816053510573
2000-09-11,0.004638218923933124,0.005168873468809787,-0.0005658775818164763,-0.00861827746376398,-0.005903398926654924,0.0012854340031120959,0.008237061596642947,0.005943375837475617,-0.024242424242424176
2000-09-12,0.0032573289902280145,0.007346647646219839,0.009059167688968639,-0.00028224668360155025,0.0007160759040460984,0.0016891891891892552,0.0035967526461824217,0.0023633043291437783,0.006569685593617924
2000-09-13,-0.0050925925925925375,-0.0074336283185840735,0.0016833442438977109,-0.0042348955392432774,0.00648648648648642,0.0008768971332209219,-0.004505426991603612,-0.0032901082413460125,0.009952606635071248
2000-09-14,0.002669142392944135,0.004623044096728535,0.0013070675007003096,0.005727246952083931,0.010928961748633892,0.002089230354495264,0.003394363299732639,0.0026558283066135946,-0.002599858189553217
2000-09-15,0.005249650023332109,0.003927168868261166,0.0007459207459208361,0.003890392422192024,0.007339449541284404,-0.0016813504606901786,0.004202972834443708,0.0015013404825738874,0.01220095693779899
2000-09-18,0.005749149360553707,-0.0007135212272564306,-0.0042858473865647895,0.0036506599269867657,0.006091932804135336,0.00410940447318775,0.0033687219273172975,0.005032658742905927,0.01653696498054469
2000-09-19,0.0010570824524311906,-0.004616477272727182,0.0014035744362308478,-0.00587576944599888,-0.0005535055350553986,-0.0016772895001676558,0.0018821853698238744,0.00021308331557645666,-0.004358353510895863
2000-09-20,0.00614511935712625,-0.0019139434323387494,-0.0023360119603812457,0.0045032367013790875,0.008935219657483229,-0.0031586021505375372,0.002792586951002818,0.004473796335747737,0.020509019026439423
2000-09-21,-0.011217574199579472,-0.012114845938375196,-0.0025288002247821906,-0.00728495376856253,-0.010316875460574693,0.002696689813254327,-0.006075949367088662,-0.007423117709438043,-0.0032019704433499108
2000-09-22,-0.026725804617309223,-0.01976935749588149,0.013521126760563273,-0.023708721422523338,-0.004949587534372135,0.0012774826867478772,-0.019358125318390207,-0.02350427350427342,-0.013365735115431154
2000-09-25,0.006294346532387252,0.0019257221458048868,-0.002871965906985352,0.005492917028042887,-0.006375227686703178,-0.00013430029546068756,0.004259740259740408,0.004485776805251529,0.0009729992702502965
2000-09-26,-0.008735110606919894,-0.00410958904109604,0.0,-0.00638297872340432,-0.002905920813657703,-0.000671591672263383,-0.004448582660873224,-0.0055549504411281925,-0.007484307098020282
2000-09-27,0.0011357183418512218,-0.00047922229068253497,-0.0017653070705193619,0.0026621910990218822,-0.0007259528130673099,0.005510752688172138,0.0037410370986179498,0.0010952902519167917,-0.0012056908608631955
2000-09-28,-0.0023793337865398723,-0.0019132217287325393,0.001396128071481817,-0.002135642135642102,0.0036429872495447047,0.004544846945595538,0.003054146391965995,-0.007603938730853521,0.0016908212560386993
2000-09-29,-0.0012447663234128603,-0.010279299384594376,0.0028813086718095793,-0.001330402591392832,0.013850415512465464,0.0026613439787093185,-0.0062445166950507724,0.0002204950113005033,0.01595092024539868
2000-10-02,0.003520327049738814,0.007632027257240104,0.008433734939758963,0.0033014769765422614,-0.006422018348623992,0.0025215660252155825,0.006782301620274156,0.005996142187930431,0.009913258983890838
2000-10-03,0.0074362201121154214,0.007552351527634782,-0.0013785497656465528,0.002482392333448713,0.0092592592592593,-0.003177124702144485,0.008944322366995605,0.005708400442647754,-0.002965159377316451
2000-10-04,0.001719000687600225,0.0004808352795713233,0.005797901711761533,0.0017276130146848256,0.006523765144454963,-0.004648074369189792,0.002044989775051187,0.0028325525656389683,0.004218362282878418
2000-10-05,0.004720782959124925,0.0038615363398153413,9.149967975097262e-05,0.00551882724920949,0.002803738317757043,-0.0024016010673783006,0.002979591836734574,0.004942965779467734,0.004987531172069737
2000-10-06,0.0005760368663596527,0.003946002076843147,-0.0044830741079596725,0.0013721342404664494,0.0020603109196477565,0.003945432660157788,0.0010987669393236477,0.0,-0.0024875621890546595
2000-10-10,-0.00023036166781864598,-0.002692626346313176,-0.008363201911589013,0.0,0.0,6.660893891963227e-05,0.008028455284552871,0.0018917896329928574,-0.0029761904761903546
2000-10-11,-0.0037865748709122737,-0.009302325581395432,-0.002502316960148354,-0.010676562946046353,-0.003917910447761241,0.0019315305714666664,-0.005444097187216501,0.0003236944324558344,-0.0071410982516622035
2000-10-12,0.008213789912077996,-0.0078045469969461045,-0.0004645544922419198,0.005020775623268747,0.007518796992481258,0.0027919962773383933,0.0040547389761782515,0.0023190594326394365,0.020864756158873954
2000-10-13,0.008870214752567662,0.009453997396725367,0.0008365867261572735,0.010335917312661591,0.004342080422880867,0.0033145508783560818,0.003028773346794633,0.00973903685768085,-0.001004520341536863
2000-10-16,0.009306160914124062,0.009823590453130526,0.005851212036779074,0.011082693947144007,0.012810707456978765,0.003964321110009994,0.007851031706089584,0.005275498241500642,0.008101265822784587
2000-10-17,-0.002115904549194747,0.002010259254124458,-0.0013850415512464131,-0.000955593029791868,0.008095605242868231,-0.0007239223428759933,-0.000599221012683504,0.0018552875695732052,0.0033020066040132523
2000-10-18,0.013824335597664161,-0.0026272123893805732,-0.003421174294960694,0.005739042367636227,0.00019278966647373608,0.0010537407797681642,0.010792445288298147,0.013492063492063666,0.004336734693877409
2000-10-19,-0.0017844396859386658,0.002912217445569354,0.007144182594173376,0.0,-0.004414587332053688,-0.0057894736842104555,-0.004943153732081096,-0.007726442182197868,-0.006337135614702172
2000-10-20,0.0007142857142856673,-0.0017995570321153176,0.004514048825426054,0.0005594405594404606,-0.013257575757575801,0.00046320804658539494,0.005464480874316946,-0.001420529278686855,-0.01571856287425133
2000-10-23,0.004304160688665792,-0.007010309278350446,-0.005410858400586971,0.0055912776069331205,0.0011376564277589818,-0.002579535683576939,-0.0006916996047430235,0.00042149631190713244,-0.0017434620174348048
2000-10-24,0.0,0.0041407867494824835,-0.0034117104656523622,0.0011120378092854821,0.0034246575342467,0.002519893899204151,0.0014832393948382983,0.0031598904571308317,-0.002979885771045243
2000-10-25,0.011366384522370154,0.010812696198116534,-0.00027757216876389545,0.008886420438767084,0.012521672124831351,0.0030427305199101085,0.011552132701421636,0.006404871902562226,0.007253626813406688
2000-10-26,-0.00012090436464762266,0.0015370642073637697,0.002869042110134279,0.0046793283787502915,0.0011571841851494291,0.0015167501978370357,0.005368472425573589,0.00041731872717787333,-0.000500000000000056
2000-10-27,-0.016059957173447548,-0.014052490183922295,0.003599114064230413,-0.010136986301369832,-0.009172558761704641,0.005794429446237093,-0.017106796116505008,-0.01522577953905524,-0.006211180124223725
2000-10-30,-0.0030834914611005404,-0.0008947006194082174,0.0022068965517241246,0.00016606698034871137,-0.0003820439350525895,0.0023567921440261763,-0.006301981469408635,-0.007465847717886165,-0.0024783147459727095
2000-10-31,-0.006363422106999916,0.0017235436056532993,0.0014680245894118649,-0.004981182200575529,0.01042269832078735,-0.0024818757755860066,-0.0062624254473161445,-0.009975993598292932,0.01842503785966687
2000-11-01,-0.011416589002795852,0.003667312482701357,-0.006138341731562136,-0.011847813994882661,-0.00880045915439065,-0.0006547502127939309,-0.010503150945283646,-0.008298308007328337,0.001769911504424737
2000-11-02,-0.0011636025133815453,0.0008310249307481588,-0.0008296460176991927,0.00191387559808609,0.0036482334869432087,0.004586254340562146,0.002021835826931051,0.0056509454466420195,0.003297818366311489
2000-11-03,-0.0023218017181331208,-0.0030378348522507315,-0.007473014115693344,-0.007416146974549176,-0.007811011621261188,0.0009782821365680316,0.0003026634382565785,-0.0024854117138534138,-0.004545454545454519
2000-11-06,0.0034948741845293174,0.011452513966480282,-0.002230897936419396,0.003282956925340974,-0.0058712121212121104,-0.002801667969767996,0.008371154815935533,0.007691474379807106,-0.008264462809917217
2000-11-07,0.00011650937900498093,0.0006988120195667857,-0.00037264766163602747,0.00016925246826504647,0.0,0.000653381247958329,0.0003000600120024455,-0.00279509782842402,0.002007528230865585
2000-11-08,0.002804065895548602,0.005198089350941348,0.002516309412861073,0.0026511732851985936,0.003039513677811634,0.0076395690499508895,-9.99900009998056e-05,0.0020482966796033786,0.002515723270440251
2000-11-09,-0.0017494751574528289,-0.00042128914478301027,-0.0014874035511759365,-0.0020253164556962577,0.0022848438690021844,0.001490409538621229,0.0021999999999999797,-0.00016137708445396193,-0.005006257822277815
2000-11-10,-0.0059130434782608265,-0.004404054526389589,0.0039102504422308115,-0.00462258300918883,0.006130268199233679,0.0003235198964735009,-0.00533825583715819,-0.0011836229622853578,0.006297229219143441
2000-11-13,0.0020913210177762043,-0.0057686961356684385,-0.0012056014096262224,-0.0011326952483434738,0.0028818443804035088,0.0007761966364812078,0.007975121633144289,0.0012927551844867935,0.0030318342597273062
2000-11-14,0.003965939577744271,0.005731860757723917,0.00417827298050133,0.004876112717582259,0.0028901734104045396,-0.0017450879007238074,0.00565286624203809,0.009026843832373954,0.0
2000-11-15,0.0003500583430571247,0.003436908185452836,0.00554785020804438,0.005190994752581446,-0.0024985585239284402,0.00420848170929089,-0.0010687989866201564,-0.001642071142199053,-0.006775407779172071
2000-11-16,0.00445382090951707,0.0020382344672476016,0.003034482758620616,0.0038170081392083777,0.0038587690526721286,0.000838168923275262,0.0045571626708937885,0.000854426999893354,0.0037783375314861534
2000-11-17,0.0018788163457021945,-0.00014054813773722863,-0.0020168683535020104,0.0017894089358609921,-0.001348747591522259,0.0049603813695806576,0.002958579881656709,0.002134243944082792,-0.008739076154806513
2000-11-20,0.0035352345038888178,0.0005625087892000558,0.008543082858717632,0.004744627407200719,0.010907674328009431,-0.0005128205128206442,0.004287118977384319,0.0028750931743157793,0.0083081570996979
2000-11-21,0.003310475289666659,0.004378531073446323,0.004554148829583715,-0.0002777777777777102,0.004303599374021916,-0.002501282709081565,0.008557217827210861,0.008388192822255336,0.010172939979654183
2000-11-22,0.0041552890893981065,0.0058961426440291564,-0.0011787106718651463,0.003056404556821324,-0.01578744705429347,-0.005143702179643772,9.707795359670257e-05,0.0016847425502790614,-0.01527673428499876
2000-11-24,0.004891434025292352,0.005715510466528517,0.011074800290486575,0.0019390581717451116,-0.00402684563758382,-0.004976410521553509,0.005629974762182188,0.004940607589614343,0.0
2000-11-27,-0.013882352941176457,-0.011162133521723683,-0.006105225354641752,-0.015593032900193537,-0.00874358486979665,-0.003117692907248726,-0.011341698841698777,-0.013336820083682088,-0.016502463054187344
2000-11-28,-0.005499005499005616,-0.0019038217458751117,-0.004245709123757879,-0.009548952423748758,0.007275512157763675,0.0014985665884805766,-0.007136929460580976,-0.004187649085608092,0.0007394626571359808
2000-11-29,-0.0034977264777893424,-0.0019002040959954503,0.00952553751247387,-0.002155050189984742,-0.0009563886763582774,0.002211957582460622,-0.003579365547623281,-0.00244863195997036,0.00371103414151408
2000-11-30,-0.013457556935817738,-7.037297677692234e-05,-0.0031452192667145162,-0.013071895424836666,-0.006461421512732657,-0.003245699448231054,-0.009177933484654122,-0.009178228388473708,-0.012218963831867047
2000-12-01,-0.00810039931545914,-0.011340708272455258,0.001983232669250823,-0.004606968039159276,-0.02047654504839913,0.002214262455226157,-0.013944223107569598,-0.003931495045239153,-0.013975903614457774
2000-12-04,-0.01239436619718326,-0.010328444536252701,-0.0007197480881692142,-0.013017066820942946,-0.010863561038482739,0.00448372213919046,-0.017676767676767735,-0.009732360097323589,-0.01565464895635671
2000-12-05,0.008064516129032251,0.00784177654406637,-0.0006302331862788613,0.005451348182883953,0.004810360777058209,-0.0012938284383490206,0.0017480719794344957,0.0028938028938028104,0.0016631028747919885
2000-12-06,-0.008223498929818662,0.0031326139923424368,-0.005225225225225172,-0.0043724129889815,-0.007892804698971911,-0.007449151444487656,-0.011496612605214507,-0.012293118466898956,-0.009647058823529342
2000-12-07,-0.0015746260263188594,-0.0024305555555554914,0.0025357725049810487,-0.003688956552289513,-0.004021937842779044,-0.006526137179403535,0.008618899273104663,0.005941947503610434,-0.005149812734082548
2000-12-08,0.0059968318624123995,-0.002908184461985708,0.005329719963866442,0.0028210402585953087,0.0045913682277318735,-0.001182421336136108,0.0022650056625141968,0.0032876712328766544,-0.0004679457182964475
2000-12-11,0.007638809713829797,-0.00769547890614275,-0.004672477311528533,0.0050987516849323455,0.008333333333333304,0.001446892469582295,-0.001489470980996388,0.00611687602403066,0.011118996924532665
2000-12-12,-0.0004558404558404616,0.005110497237569067,0.006590232012277708,-0.0003498542274052996,-0.0036900369003689537,0.001444801996453693,-0.00010287536649344897,0.0,0.003084954912197402
2000-12-13,0.0022844089091949016,-0.002067539627842896,0.008071748878923923,0.0018082127858143338,0.0074349442379182396,-0.0028854351104989906,0.007459231441946601,0.00390837042666381,0.0021403091557670173
2000-12-14,-0.011627906976744318,-0.010569382884418665,0.000177935943060481,-0.01077147016011648,-0.0031498980915323216,-0.002630713581058819,-0.011437908496731986,-0.0077863090732128715,-0.0014248397055330875
2000-12-15,-0.013695579556842086,-0.006638217164532945,0.001156377868706704,-0.011477339611536186,-0.011176255038475524,0.0005934718100890635,-0.008264462809917328,-0.01602179836512263,-0.015891563449404122
2000-12-18,0.0058237204614177696,0.005859508073857045,-0.004353620613060771,0.0029770765108663166,0.0077548005908418816,0.005272176090681535,0.008333333333333304,0.0032676118741690185,-0.007192575406032353
2000-12-19,0.0030330262862277024,0.0038987688098495177,0.004372657504908117,0.0056396556841791234,-0.003495860165593445,-0.0022289235610332137,0.01043388429752068,0.005354678443279193,0.00419384902143527
2000-12-20,-0.017222344888496277,-0.00793920065142173,0.0002665482007997433,-0.010330578512396604,-0.010198506647240979,-0.0003285151116950713,-0.019527655658930665,-0.012079947287502724,-0.014692378328741817
2000-12-21,-0.005926251097454038,0.002039844971782223,-0.0035530289571858997,-0.002564867283030292,-0.007590818724019455,-0.001971738416036928,-0.00031282586027114867,-0.0014450867052022698,-0.006386861313868675
2000-12-22,-0.012784398699891564,-0.005141040384225137,0.005081119629167352,-0.014172945819877936,-0.003063063063063254,-0.0011195258478762238,-0.005006780014603085,-0.013692530335077446,-0.004767309875141956
2000-12-26,-0.006672406371071915,-0.0011486486486488312,0.007716186252771706,-0.008674552623597176,-0.006800286327845129,-0.004549050632911333,-0.0038788132927979335,-0.005846501128668136,-0.0033936651583710287
2000-12-27,-0.0012897678417884695,-0.007510729613734002,0.00510473508185183,0.0056908579121282,-0.00035778175313083693,0.0007285250678852329,0.0074194906335507405,0.008435321632115578,-0.0033821871476888976
2000-12-28,0.005077238846278531,0.00033541289327176926,0.003677758318739066,0.0009126863401278662,0.012314378848243601,-0.0024487094639310536,-0.001828153564899404,0.004897269912749858,0.008412914961346107
2000-12-29,-0.013953983809117942,-0.0032096288866602096,-0.002355609841214523,-0.015075987841945193,-0.006834532374100699,-0.005174815895972906,-0.011616954474097163,-0.014004033161550522,-0.005652272213429788
2001-01-02,-0.008135235076597969,-0.0014689190091472515,0.003323130738959401,-0.007838538452043076,-0.005722460658083017,-0.002134044681560532,-0.0030707327403644014,-0.004658561527099203,-0.002030685920577535
2001-01-03,-0.0008445054365038285,-0.004519774011299438,-0.004096574566373246,-0.0031104199066873672,-0.007630878438331767,0.0012697988371315194,0.0031864046733935947,0.0,-0.006946000448128986
2001-01-04,0.0026460626587638814,0.007702612190221059,0.010589882723612831,0.0056162246489859236,-0.0035366931918655586,0.00020024028834608742,-0.002435150873478009,0.0003196347031964031,0.0013461969934933649
2001-01-05,-0.0091242789722078,-0.004002668445630353,0.00623538581449723,-0.0055848588271796284,-0.009978991596638842,0.001201201201201263,-0.008915304606240904,-0.007052540283927544,-0.0135015493581232
2001-01-08,0.005165507063040309,0.0014028993252723776,-0.001893450382993378,0.0031825273010919197,0.009187279151943617,-0.003932546823968597,0.008567144998929077,0.004884496034938346,0.002885682574916615
2001-01-09,0.009471107800361755,0.00463087248322136,0.005777356212813611,0.008335406817616464,0.005685856432124936,0.0019405781584582726,0.008494372478233148,0.0036026762738035067,0.006703910614525244
2001-01-10,0.0010653030787259876,-0.0006706908115359234,-0.003257887517146729,0.002776064157927083,0.010050251256281229,0.0013357376611233818,-0.006896188671299264,-0.005698005698005826,0.006296379581740563
2001-01-11,-0.013970588235294068,-0.0036752422318743205,0.011181833820746556,-0.008120578283605018,-0.004110813226094634,-0.0010004668845461362,-0.011396766498807276,-0.015014326647564524,-0.010678531701891036
2001-01-12,0.0035842293906811484,0.01265394505345796,0.0017012589316094395,0.006760528437635527,0.00683822206226381,-0.0007344104686874964,0.002037533512064371,0.0082033977193392,0.00965858041329759
2001-01-16,0.011947941113718663,0.007018739352640413,-0.0040760869565217295,0.009733859043864035,0.001441701207424817,0.004676955969800334,0.01723030821917826,0.011887587281435685,0.0004494382022472987
2001-01-17,0.007307113690092626,-0.003260205121238813,0.009123465211459791,0.007931665649786312,0.006347479143997026,0.00571922590942342,0.006312467122566945,0.002851439977188619,0.0022522522522521182
2001-01-18,-0.014821088291340323,-0.002168756353778445,-0.004816223067173553,-0.01967312348668282,-0.008629989212513567,0.002578853402102732,-0.014113957135389432,-0.010406596531134515,-0.007155635062611743
2001-01-19,0.008864680123892077,0.004903630048355145,-0.004669723212769594,0.008582895955541847,-0.0014362657091562259,-0.0004616805170821747,0.0034994697773063077,0.00793012297437068,-0.0022311468094602382
2001-01-22,-0.0011734585022402655,0.0022525597269624775,-0.005203446216838659,0.002203991673809247,0.004689754689754855,-0.005476740349719567,0.005812110324421527,0.0012770809578108722,0.00335795836131636
2001-01-23,-0.001597614229417399,-0.004417261297995134,0.002829703309895404,-0.0024434941967013124,0.0028943560057888007,6.63481953291356e-05,0.001470897247320746,0.003621372933084288,0.0024685816876122146
2001-01-24,0.014149924389717183,0.0067733990147782475,0.010517315091919555,0.013288426209430604,0.014498073040924764,0.0035162210575199193,0.00944187998321433,0.008623624191535173,0.014571948998178597
2001-01-25,0.004230393752033823,0.0007531667237248296,-0.010746319174141261,0.0006647730706472732,-0.00036690515501724974,-0.0030411212481818994,0.007067137809187329,0.0029249634379568956,0.010817031070195604
2001-01-26,0.0006512536633016541,0.0010281014393420662,0.0021383970575656885,0.0014494504167170685,0.003497790868924877,-0.0009283819628648216,-0.006088751289989647,-0.00044868199663483654,-0.002067064768029425
2001-01-29,0.0034854591003159463,0.0013726835964309458,-0.004182314783202412,-0.001326739838378943,0.0,-0.003716978627372969,0.0013705741875194022,0.0004264392324093702,0.003225806451613078
2001-01-30,-0.008959412780656373,-0.003079028395484018,-0.007885488986029032,-0.0063405797101449,-0.007672634271099654,-0.0016655562958027836,-0.009663839406067853,-0.008390541571319576,-0.015873015873015928
2001-01-31,-0.004727116458959957,0.00013686443577642926,0.005529157667386597,-0.001823154056517673,-0.0010948905109490203,0.000667334000667319,-0.0029630405193172837,-0.0005316742081448167,-0.003389830508474523
2001-02-01,-0.008098891730605295,-0.01096446700507614,-0.009107311624710013,-0.005783866057838649,-0.010830324909747224,-0.0031343781260421144,-0.0035389122832809594,-0.009088542550903744,-0.011614920705829701
2001-02-02,0.0028855402372554018,0.005649332970323995,0.0027746466660887315,0.00581751377832207,0.003441405542474074,-0.0010034787262508393,0.0024765517968172723,-0.0002855511136494737,0.006067415730337089
2001-02-05,-0.004044704630122409,-0.00393220338983058,-0.0057068741893645525,-0.004261796042618005,0.0023602033405956124,0.007834996316882004,-0.00026281208935607925,-0.00285632676378178,0.006331976481230184
2001-02-06,0.009780739466895838,0.011312992800822874,-0.0009566049221670925,0.011189238764903742,0.003278688524590123,0.0019933554817277432,0.005993690851735067,0.0060154683471784764,-0.0020311442112388445
2001-02-07,-0.0028935805379916024,-0.003280256953461458,0.011577298050139184,-0.0038094086346595057,0.0051263273526180875,0.0019893899204244114,-0.003083516253789109,-0.0005694760820044165,-0.0011271415689811937
2001-02-08,0.016006097560975707,0.013365650969529241,0.0007744600292574066,0.014081942336874098,0.018839768699869364,0.00046326935804108516,0.014102228047182308,0.013105413105413133,0.021884358442755047
2001-02-09,-0.008956512355670632,-0.0034506556245686992,0.010920034393809175,-0.008798707128748529,-0.0011179429849076383,-0.0017860686644176615,-0.004083953680727892,-0.004499437570303799,-0.010034207525655647
2001-02-12,-0.002153547970281,-0.0015847860538826808,0.00042527855745522203,-0.00018115942028984477,-0.0026017468871958327,0.007620941020543448,0.003062548663379294,-0.0008474576271186862,0.004812098991750835
2001-02-13,0.009017818339852157,0.00020675396278413416,-0.002720625743921179,0.007610074288820323,0.008244332021735357,0.000591910555738373,0.014024011591802887,0.008764489680520349,0.0055299539170508005
2001-02-14,0.0007611177557900195,-0.004664563040197578,-0.005541346973572003,0.0004195888029732142,0.010412722453615908,0.004798212172998362,0.0036233733095178966,0.002298206278027015,0.012362957779332717
2001-02-15,0.015457657060836905,0.006073153899240902,-0.008401200171453072,0.013780707010185633,0.008015267175572438,-0.0007849807025576139,0.004983219770161584,0.010905430345059086,0.008705882352941119
2001-02-16,-0.01146037982973147,-0.0010341261633919352,-0.0018155096394917303,-0.009278959810874787,-0.012252591894439058,0.0060883797054009925,-0.008095527221210319,-0.011230360699269748,-0.012316988147803909
2001-02-20,0.0072559366754616494,0.004779717373233572,0.0009527108955482699,0.006383105649346854,0.015505359877488578,0.0020171785528371178,0.0076004896959804835,0.01326022492027068,0.005843852267414684
2001-02-21,0.002093202599978028,0.003545359749739241,0.007614432811283267,0.0016004742145820927,-0.0019105846388994818,-0.0018832391713748953,0.006429403128638711,0.003036996134732073,-0.003958090803259484
2001-02-22,0.0008821259234754741,-0.004291548418356772,0.0006869901245170063,0.00035509261999178143,-0.002287457110179192,0.0005204944697463354,0.003319919517102754,0.0015964767409855085,-0.0016271501627150853
2001-02-23,-0.002858713578889449,-0.0015894955079475137,-0.0032609628421865766,-0.0010648997219429024,0.005366040628593138,0.0,-0.0020054146194726785,-0.006595580960756187,-0.0006968641114982743
2001-02-26,0.00021994941163527848,0.0020775623268698418,0.004132587171760571,0.0005922416345869319,0.0009591406100135647,-0.004161789569514851,-0.0031146388023710614,-0.00011065619121408687,0.007960664949660634
2001-02-27,-0.0038343558282207812,0.002429711905588272,-0.003686873017233916,-0.003432968333826558,-0.004392666157371994,-0.003460885464281138,-0.0014110058455957253,-0.003430721558211447,-0.010884668828161304
2001-02-28,-0.00911854103343468,-0.001939998614286731,0.009294320137693601,-0.00599869335392289,-0.0022865853658537993,0.0038660638228162902,-0.009386354461041635,-0.009161576901721369,0.003485940041831226
2001-03-01,-0.00850285222258107,-0.008245722531436739,0.0004263301500682104,-0.010695506692160683,-0.0026605853287722248,0.009464751958224493,-0.008405501782985159,-0.006444382179882191,-0.0062355658198615105
2001-03-02,-0.0052462526766595685,-0.011680814940577156,0.01474473706639401,-0.005556562179138691,-0.005668934240362855,0.0015518913676042523,-0.00518880041099401,-0.007219402143260001,-0.010285714285714231
2001-03-05,0.0054903649477879846,0.002587322121604174,0.000167982529816868,0.004433647130276164,0.014181678804139564,-0.000903867260636515,0.0065069200578391495,0.007726394727871844,0.01109313612202456
2001-03-06,-0.0025770428433373738,0.00218355510064816,-0.0017635203224722895,-0.0009070020558712422,0.009284332688588082,-0.005621970920840158,-0.007388404309902397,-0.006426880144322911,0.004410399257195774
2001-03-07,0.004205305154194594,0.0029427867506157668,0.008328426011609213,0.0035707801246744886,0.015717092337917515,0.006758513127111954,0.008167062958751137,0.005560599182932613,0.018439716312056875
2001-03-08,-0.0007542290701433307,-0.0037499147746640205,-0.002920073418988811,0.0006633699191895825,0.00019650225977585478,0.000322747224374087,-0.0006152584085316049,-0.0018056652747996393,0.004750593824228044
2001-03-09,-0.0036500268384325185,-0.0005451448040887374,0.0016735001255123727,-0.002892786114626622,0.0007866273353001052,-0.0010969865135187495,0.0011799712702647014,-0.0047484454494064465,0.0035756853396902155
2001-03-12,0.001612903225806317,0.0003408316291750868,0.007685239328376836,0.000604412209126659,-0.002158555729984468,0.001614987080103214,0.007430181911350253,0.004203112575258405,-0.002140818268315803
2001-03-13,0.016615653694796784,0.01081788741128653,-0.0035646190831467583,0.017094533373603227,0.012919896640827044,-0.0018058690744920947,0.018667344862665303,0.015837104072398356,0.011306230454654731
2001-03-14,0.0016423957078726126,0.001103676622749461,0.006405990016638885,0.00011877895236955816,0.010038144950813122,0.0032952122504361636,-0.00033954161881466494,-0.0018930957683742644,-0.0012013455069678214
2001-03-15,0.0096175105018792,0.004225547243003724,0.010415805571629466,0.009619952494061668,0.007483818770226414,0.004314786192684217,0.008781131057632008,0.012216891665737029,0.010439427045399352
2001-03-16,0.013103371038190037,0.011987381703469913,0.005072404483351001,0.009293024350076395,0.0008097165991902688,0.0047451106123757025,0.014953456129926712,0.007880958941857363,-0.003869407496976951
2001-03-19,-0.006232609905397757,0.0019667064690596092,-0.002279202279202308,-0.005361305361305302,-0.008828250401284099,0.0018507881804838977,-0.005268806712850016,-0.01246719160104992,-0.010765550239234423
2001-03-20,-0.007620941020543559,-0.0033601680084004437,0.0013053765195398803,-0.006503398172017838,-0.002601560936561831,-0.005542107274812191,-0.006768023540951518,-0.003211517165005562,-0.0004782400765184214
2001-03-21,0.00936454849498336,-0.0017470300489168533,0.0072516907031696665,0.007548505042165532,0.012358184764991842,0.0076228300557299455,0.012640726841793404,0.006610376624819558,0.008926417370325845
2001-03-22,0.010021393987163618,0.006116852984602517,0.0017796473062610119,0.008662569505414108,0.004681457358029828,0.0007628734901463652,0.01716403354788376,0.007394735389879115,0.001933768431230165
2001-03-23,-0.005041451938158192,-0.004827875734676801,-0.009689922480620172,-0.004526199733070335,-0.010074551682450306,-0.004764324736374115,-0.01697027804410356,-0.007395234182415722,-0.007199424046076319
2001-03-26,-0.003238414293690761,-0.0036946671314047608,0.0013861709067188865,0.0,-0.005410821643286656,-0.007787068360247673,-0.0030235053155174274,-0.0010485651214129366,0.005307599517490935
2001-03-27,0.005050505050504972,0.003848845346396068,0.001465678690660388,0.0025065578548528755,0.005440257908523094,0.00952074622064969,0.0014674232048523805,0.0067952046848240855,0.008515815085158085
2001-03-28,0.003152443143436212,-0.0043199554069119905,-0.0030083746646067944,0.002732875915804067,0.005470016207455464,-0.001593066972535473,0.010159226335840543,0.0006584723441616092,0.004153432689958381
2001-03-29,0.008515953219030203,0.0034960145434206336,0.006768879465013811,0.004523050159466635,0.0030481609428978373,0.0036379882563186694,0.006430712697031327,0.0009870585654749853,0.006888068880688936
2001-03-30,0.001478280645894836,0.00789288231148677,0.016929931146212995,0.0021358887028806173,0.008195041999590424,0.0037519872813991384,-0.002642325246216659,0.002246083050290393,0.007934540044631788
2001-04-02,-0.0033998186763372074,-0.0007042253521125641,0.009638362274972057,-0.002476958525345574,0.010977630488815171,-0.0021540800810948557,0.00048169556840060856,0.0014758130636784994,0.010017530678687603
2001-04-03,-0.011870100783874626,-0.007340090877315797,-0.010571992110453676,-0.01137610440607495,-0.006584362139917754,0.0025396825396826195,-0.01088107847857478,-0.005839973801986642,-0.009181141439206009
2001-04-04,-0.009208920448241287,-0.003135888501742068,-0.00023921537357463052,-0.009871495327102742,-0.006744328632740659,-0.005889803673210792,-0.003699376947040478,-0.0032061487784792453,-0.003708281829419069
2001-04-05,0.004122103386809295,0.0058881256133462845,-0.008374541394161716,0.00407055630936215,-0.0010208248264598208,0.005797286105625243,-0.004201680672268782,-0.000693962526023717,0.001733531451213688
2001-04-06,-0.002888247056209936,-0.008134603351178327,-0.0024129333226091676,-0.001175088131609825,-0.012101653892698683,-0.010957689384342495,-0.007457560592679879,-0.0023699294532627535,-0.001977261492832505
2001-04-09,-0.001331262480585682,-0.006012439530062252,0.006611303716842709,-0.0026470588235293357,0.0020210185933711156,0.001280819724623683,0.0015818091942658707,-0.0019335948290150062,0.0007420232500618962
2001-04-10,0.014633048176497132,0.0076601671309193264,-0.0029635562675209837,0.012385726924211138,0.0006066734074823277,-0.005116725295810531,0.004343105320304019,0.007915421233255948,0.003225806451612856
2001-04-11,0.003161698283649539,0.001394700139470073,0.002731362467866205,-0.0002330323332362383,-0.015920398009950154,0.00456444873031181,0.003439803439803546,0.0031303201713437367,-0.0012391573729864103
2001-04-12,-0.00739744451916613,-0.003543881592662168,-0.010495112962666142,-0.005768894586562601,-0.011216056670602215,-0.0016638935108153063,-0.008031341821743476,-0.006569582831490006,-0.00932973238399204
2001-04-13,0.0038253825382539297,0.002577678695834029,0.005181766658570064,0.003809635447192594,0.00019681165124985078,0.0017307692307690914,0.004640600315955812,0.004078033726440999,-0.0017156862745097978
2001-04-16,0.0029338749717897628,-0.0004178272980501774,0.003946838501812211,0.0030945291060897606,-0.004701273261508265,-0.00012798361809684966,0.0017690417690416904,0.002843029637760619,-0.0024449877750610804
2001-04-17,0.005445881552076148,0.005109540141387203,-0.007782413350449269,0.0075669383003493795,0.009891196834816984,-0.0031999999999999806,0.009535956048268401,-0.00037215818912195164,0.00912904021712313
2001-04-18,-0.00022686025408347188,0.0021042295012976275,-0.010673566750222463,0.0037550548815712403,0.013026052104208263,0.007512038523274311,-0.0009912343783406996,-0.000996441281138849,0.001977750309023474
2001-04-19,-0.010438882029408458,-0.007587359042182995,-0.003923171230077571,-0.011798561151079134,-0.018682399213372447,-0.014147336222278817,-0.013910505836575715,-0.005853081088190826,-0.003203548546081736
2001-04-20,-0.013618246235606701,-0.004297199889104486,0.005333552145728948,-0.014210832847990629,-0.01796060254924703,-0.0029088558500323103,-0.005425668343691403,-0.004851157662624117,-0.024050024050023988
2001-04-23,0.008035714285714368,0.0035473325450372517,-0.006856023506366271,0.009511993382961048,0.023117960877297117,0.0022690437601295965,0.01289426701051366,0.005207179259915762,0.012911084043849108
2001-04-24,0.0015649452269170805,0.0008353637312912277,0.0032873109796185407,0.0016386726751331793,0.005163853028798515,0.0019404915912031306,0.004014884449667022,0.004574010801278394,0.006127450980392135
2001-04-25,-0.002897904592064182,-0.002222685281655812,0.0010648754914810432,-0.002337131171487039,-0.001982160555004997,-0.0010329244673982219,-0.002925972885984507,-0.000822864666191303,-0.00366300366300365
2001-04-26,-0.004328043502386025,0.0013214633467797388,0.007528025529825788,-0.0008784773060029893,-0.0039486673247778326,-0.0009047434406100896,-0.008656950014672926,-0.006094213242560542,-0.0024360535931791105
2001-04-27,0.009748991483639502,0.0011140509678317922,0.0051165434906197405,0.01008206330597905,-0.0072520580164642245,-0.0027813712807244206,0.005723025309586127,0.002596254764403616,-0.00484848484848488
2001-04-30,0.00563443768311922,0.003914441493079623,-0.0015352294764060526,0.006557567316620272,0.0011773940345367606,-0.0036972173574625344,0.0066225165562912025,0.002865013774104863,-0.0007267441860465684
2001-05-01,-0.007049345417925568,-0.002370990237098969,-0.013352755523185156,-0.005188815220524612,-0.015646127100637397,-0.0014322916666666963,-0.005068226120857666,-0.00516426766289424,-0.016674606955693227
2001-05-02,0.0013445378151262233,-0.00034855350296281173,-0.0016404199475066328,0.003013619240799681,-0.006905812392096644,-0.0018255313600209488,0.002742946708464089,0.001325381047051044,-0.008736717827626861
2001-05-03,0.003824091778202643,0.0016059209607597325,-0.0043542556687479195,0.002773444271104264,0.005012531328320691,0.001306335728282093,0.003321610003907738,0.0030884623869400496,0.002366863905325589
2001-05-04,-0.004813073651220079,-0.0027851274195794806,-0.0011552108259756944,-0.0029386343993086372,-0.0003854307188282391,0.0015003261578605542,-0.006815968841285325,-0.005058280184737085,0.0021347248576850664
2001-05-07,0.0020188425302827273,-0.0026388888888889683,0.002395704254440467,5.779010633388815e-05,0.0005784805244890556,0.003386960203217493,0.003529411764706003,0.00016578249336873796,0.00142517814726828
2001-05-08,0.00768535262206127,0.005937827453719846,0.0026372177352891324,0.006645478185495657,0.0007719027402546264,0.0025965595585848433,0.005568581477139345,0.004199127023592597,0.0
2001-05-09,0.0003391746749576985,0.007460060525019463,0.004849580798947928,0.000516647531572767,-0.0076599004212944966,-0.002460343153124045,-0.0008743806470415949,0.0026960110041265306,-0.008244994110718551
2001-05-10,0.006028207461328483,0.0016213167912024762,0.0037627811860940774,0.00321303574502263,-0.0036252623545125484,-0.0010384889985072254,0.0005834305717618005,0.0035118525021948788,-0.004222378606615007
2001-05-11,0.0037675533736729605,0.0006348310644002098,-0.0017113519680547196,0.002116099513869152,0.006529671595928432,0.007276980053277926,-0.00310981535471333,0.0022965879265091083,0.010908228598529801
2001-05-14,0.0012574302697758721,7.054176072229801e-05,0.005061224489795846,-0.00034242666362283014,0.005212355212355302,0.0024511384893246557,0.0065314876194189075,-0.0009819967266774254,0.007646356033452983
2001-05-15,-0.004551661356395176,-0.004214667041303799,0.001137102014294955,-0.004795615437314438,-0.0025033699210474936,-0.0030886043369153793,-0.006973365617433336,-0.003931847968545399,-0.0004776689754002472
2001-05-16,-0.00610721556209004,-0.003987966137270038,0.0026772675644977095,-0.005908673703533762,-0.00764379896808709,-0.005679984509133096,0.0014629864429922534,-0.003289473684210509,-0.0082899099952628
2001-05-17,0.0015858631626641806,-0.0011879804332635135,-0.007363055263370777,0.003693231000057695,-0.007585814526834822,-0.0029211295034079487,-0.0043825477210751584,-0.0026402640264024946,-0.008920187793427181
2001-05-18,0.0061545475267836824,-0.001604688481127492,0.008069775024453829,0.005346978669579672,0.0041896781565413654,-0.002083333333333437,0.0026411033943067874,-0.0017648356496801076,0.0
2001-05-21,0.0013695503309745227,-0.0032684283727397734,-0.006145386916794782,-5.7188608029279386e-05,-0.007372400756143649,-0.00019572025052194686,-0.0007317073170731714,0.0022099447513812542,-0.0023419203747073736
2001-05-22,0.012128913018366605,0.0071438576831488465,-0.0009763241396142375,0.01035173005433232,0.011278914165551601,0.005872756933115841,0.012448132780082943,0.01047409040793812,0.006838009903324727
2001-05-23,0.006862060944405668,0.0023166023166021343,-0.019545565599804582,0.005037925959470169,0.008288357748650776,0.002400259487512102,0.013211186113789797,0.0073649754500819675,0.008561236623067625
2001-05-24,0.003267211201867015,0.010068779692264052,-0.0019935210565661388,0.0021402421852998454,0.002512077294686055,0.0014237639140566305,0.001713143618540025,-0.0025453560790685836,-0.004733727810650845
2001-05-25,-0.0008161361781509058,-0.007320335046103965,0.004993757802746579,-0.00016860563142817586,-0.0034662045060659397,-0.0012278660979707645,0.00095011876484552,-0.0011944836572916895,-0.004007543611504016
2001-05-29,0.003510003510003523,0.0014097413124691816,-0.0053830227743271175,0.0028105677346825786,0.005226480836237002,-0.005111614364283423,0.0036070242050307844,0.005870841487279899,0.004023668639053346
2001-05-30,-0.0033815298507461344,-0.004490912918391654,0.0014154870940883413,-0.003643497757847558,0.007017543859648923,0.00572320499479706,0.0017970301711907055,-0.002485948984003672,0.013189448441247142
2001-05-31,0.014311058545239286,0.005361552028218641,-0.011557329342313127,0.010970464135021007,0.012233622730860372,-0.00019399896533878191,0.018693353474320107,0.016253115180409727,0.021307861866274758
2001-06-01,0.0003549455750120334,0.0010593220338983578,0.0021029609690443873,0.0012242626599887618,-0.0031471282454759164,-0.008861005109630726,0.005653382761816594,0.00797526388740799,-0.004631886884446712
2001-06-04,0.00035507160610714905,0.0026198399773418313,0.003105850751280226,-0.0013339261894175225,0.00434610825760573,0.0015009135995822653,0.006589254446594639,-0.0006663986968202806,0.004161566707466369
2001-06-05,-0.006467544684854221,0.0007085665698294275,0.006443514644351334,-0.009071682991985797,-0.006086785784409909,-0.001238026975956208,-0.008468757152666484,-0.008732468907118207,-0.0043870338776503814
2001-06-06,0.006152389966871841,0.014885660865813222,0.0006651700340900568,0.010278011794439657,-0.009336704921221628,-0.005219206680584509,0.008679593721145018,0.0026695141484249785,-0.0021887159533076073
2001-06-07,-0.006348459910651361,0.0004316546762590523,-0.0036560033236393563,-0.003613520124527425,-0.009632055480639501,-0.0024921301154250397,0.0023800805565725724,-0.005857294994675133,-0.016032543670734478
2001-06-08,0.00011757789535571384,0.006007092711876494,0.005754315736802518,0.00022317692350615204,-0.00991798588594317,0.0003287310979620539,-0.001369863013698569,0.0010712372790573355,-0.0007173601147776321
2001-06-11,0.00949554896142435,0.00633648943918419,0.011774461028192462,0.00663803201874269,0.003829216925138823,-0.003483404534998402,0.008413351623228094,0.008346709470304914,0.001436781609195359
2001-06-12,-0.006368675551362113,-0.0037007474058486922,-0.0022947057859367126,-0.0047655990247146285,-0.002673286232576011,0.005540166204986097,-0.0022671624195156337,0.0,-0.0021505376344084226
2001-06-13,-0.006677600749765755,-0.009202674527284405,0.0012321340561853855,-0.0032293986636970917,-0.00739196360879435,-0.004132231404958664,-0.01926922377749518,-0.008808235169266654,-0.008528784648187737
2001-06-14,-0.007210979297510911,-0.00685469475187428,-0.0038559356797112088,-0.008323092391911424,0.0028511689792813932,0.0016465784100638814,-0.007692307692307554,-0.006905781584582549,0.017598842815814697
2001-06-15,-0.003477051460361591,-0.0036283437677859798,0.012765606984022293,-0.0015208697121613657,0.0007608902415827679,0.0007890583903209514,-0.012795367516577949,-0.0043663414371192255,-0.006942781900885819
2001-06-18,0.002090592334494712,0.0015676214906654717,0.0018703748881840898,0.0024822294933994904,0.0036273386788849837,0.007621550591327297,-0.005487228003784317,-0.0022739577693555724,0.006263550951578045
2001-06-19,0.006076186024772001,0.00185608223872058,-0.0018668831168831002,0.005120990433314709,0.005374280230326489,6.520605112148026e-05,0.010844748858447328,-0.003364445409160033,0.0033840947546530664
2001-06-20,0.006113331765812413,0.00401376146789012,0.00268358136130753,0.0035272381165667444,0.005403319181783051,-0.0017604485883810916,0.008846226237530619,0.00865730153544586,0.0016949152542373724
2001-06-21,-0.004447565543071241,-0.015176113503211686,0.008921330089213475,-0.007085471992858694,0.0007724990343760396,-0.0029392553886348205,0.0021921641791042834,-0.004588394062078116,-0.00024207213749694034
2001-06-22,-0.0030338389731620063,0.0019094766619518477,-0.001205787781350498,-0.0037646794403551898,0.0019349845201239724,0.001834261382247071,-0.0036301019220924546,-0.0009761388286334549,0.0009692270414343174
2001-06-25,-0.004761351759377641,0.0007077140835103357,-0.0018511066398391174,-0.004230118443316333,0.002133023075431506,-0.006408160596351298,-0.005838665981596547,0.0008685267614807479,-0.002417210539037873
2001-06-26,-0.0013916270439522371,-0.0016956337431115465,-0.0016126431220770954,0.0,-0.007887649095806082,-0.003487989470220554,0.008410073294493614,-0.0030372057706907762,-0.005050505050504972
2001-06-27,0.00023199164830067787,-0.0025369978858351683,0.0034727830722016684,-0.00039648824695559526,0.0038624951718810863,0.00224541011755397,0.00032614266411945536,-0.0017408334240017753,-0.002877697841726534
2001-06-28,0.01782762691853601,0.008528784648187626,0.003058350100603624,0.01898232094288299,0.013307240704500956,0.003755930416446951,0.010712622263623572,0.01286103542234307,0.016329514989032345
2001-06-29,-0.0004720320981826953,-0.0004972650422675473,0.0008023750300891752,-0.0008341211143858551,0.0019607843137254832,-0.0038075231405501064,0.0028571428571428914,0.0038738835682774475,0.013837410427476993
2001-07-02,0.0022471910112358273,-0.006422924901185789,-0.004088831876854049,0.001947907390917214,-0.001175088131609936,-0.0014497528830312856,0.006800845510522846,0.007932254260906824,0.0
2001-07-03,-0.002595257756281555,0.007824726134585402,0.002093060698760363,-0.0018330278286952106,-0.010848508330104534,-0.001649838315845198,-0.007759014148790544,-0.005423800914601706,-0.0056511056511054925
2001-07-05,0.012783751493428808,0.004286326618088365,0.010363110539845621,0.01196438508625497,0.002914319020788758,-0.0017186673717609624,0.011959521619135272,0.00834046193327631,0.005683222139856614
2001-07-06,-0.011222681630242315,-0.007656316461080559,0.0006360817365032023,-0.013197690404179285,0.012590989573086908,0.0064892067275856835,-0.004090909090909034,-0.0060975609756096505,0.0027254707631318986
2001-07-09,-0.0010620722209110367,0.001775442085079515,-0.0033373063170439865,0.0010587907495123172,-0.0025510204081634624,0.00019736842105255725,0.0015518028297580866,-0.002720725526807244,-0.0032106693010620635
2001-07-10,-0.009699661096178591,-0.0012058448006809774,0.0007972574344254912,-0.009407704297483832,-0.0019584802193497453,0.0006577649148196141,-0.012030623405030916,-0.006847116721942825,-0.0027093596059114544
2001-07-11,-0.0066171348966798105,-0.001628779831456706,-0.01171034812395444,-0.010508569822984093,0.007100591715976545,0.002760796687043987,-0.002952029520295163,-0.0008617903694925211,0.0007394626571359808
2001-07-12,0.009847596717467821,0.003981514397440433,0.0003224246332418357,0.006644706951385748,0.004358161648177372,0.0016388069485413492,0.0048112509252404845,0.005390835579514697,0.0022233201581027817
2001-07-13,0.0003518236190922508,0.005001786352268667,0.0052377115229653715,0.0007334273624823862,-0.00512416239653124,0.0077225130890052895,-0.004327808471454753,0.0,-0.0041820418204181475
2001-07-16,-0.0025734003977073705,-0.00114195988865895,0.005531062124248587,-0.0027060547976097693,-0.0011811023622048111,0.00012988699831151251,-0.004531582354573294,0.0007506702412869437,-0.0012285012285010444
2001-07-17,0.0,-0.0018522476312601288,-0.0043845663265306145,0.0010175240248728734,0.0029615004935834577,0.0,0.0011148272017837968,0.0017681097299613313,0.0036991368680638903
2001-07-18,-0.017469256407309564,-0.00868644067796609,-0.004323804948354604,-0.022475717189970545,-0.014974718008557097,-0.0032467532467532756,-0.01586859688195985,-0.017489436808043934,-0.012180267965894997
2001-07-19,0.0012658227848101333,-0.0021141649048627142,-0.0059509449135504155,0.0009820912767184442,0.0031213421771361105,0.004429967426710091,0.004997642621404896,0.0032008709853019734,-0.006053268765133235
2001-07-20,-0.002639733731206073,-0.0069979006298109825,-0.0061483698729876135,-0.004155364460091127,0.014045499505440207,0.0020754961733038257,-0.0009382623381497535,-0.0035162354575446475,0.009779951100244544
2001-07-23,0.004264638082065231,0.00740218540712001,0.010907610907610943,0.005679513184584151,-0.004725339633786407,0.0,0.006574004507888809,0.0033761707688955145,-0.000244439012466402
2001-07-24,-0.008683729433272225,-0.0026717288898261415,-0.0015299138416942082,-0.008010142338500614,-0.00019685039370076485,-0.004336569579287963,-0.005598059339429029,-0.006512536633018429,-0.002924689251766921
2001-07-25,-0.005115380243264855,-0.003991596638655448,-0.002903225806451637,-0.004008365284071225,0.001379854129706315,-0.0001300136514333916,-0.0028147870144491494,-0.0034961214902218263,-0.0034005343696866808
2001-07-26,0.0036508841985170015,0.001051524710830476,0.0015367195082496288,0.005307669874599075,0.00019716088328070036,-0.002990702815161561,-0.0009409108016560364,0.0007674597083653367,0.000486026731470357
2001-07-27,0.0018287804320491485,0.0006313131313133713,-0.004360817249454807,0.0008122534230681211,0.0015797788309637184,0.0011085751548742806,-0.002637031456018124,-0.0006573181419807783,0.0
2001-07-30,-0.00011428571428573342,-0.0002805049088360212,0.015329710438802824,0.0009855072463766934,0.0013842198932170202,-0.003061490359562269,0.0014164305949009304,0.0021376891032669487,-0.0012135922330096527
2001-07-31,-0.00022851919561228673,0.0005613247263542842,-0.001437929381690406,0.0010424509179358665,-0.004527559055118036,0.0003266906239791645,0.001885902876001877,-0.0007110430454521088,0.00024277737314881698
2001-08-01,-0.004662799954509356,-0.005443126308443902,-0.0010399999999999299,-0.007347411050043329,-0.016837623379136968,0.00313520574787729,-0.004988235294117738,-0.004050355774493641,-0.007469879518072209
2001-08-02,-0.0022693747872460923,0.0024484085344524953,-0.009209577961079574,-0.0020398647861056274,-0.004431599229287042,0.0038416460476624614,-0.00912788497919026,-0.0025280281380525293,-0.006226053639846962
2001-08-03,-0.0033925138527649557,0.0018923465096720715,-0.0021015195602974712,-0.004029667698417283,0.002704791344667834,-0.003956671207109075,-0.009784735812133127,-0.004848484848484658,-0.003341288782816032
2001-08-06,0.004658032265394185,0.006560846560846434,0.0031589178681354912,0.004749618857746052,0.0019357336430507743,-0.0052748111487366245,0.004723802178733472,0.004872107186357999,0.0011947431302270495
2001-08-07,0.0030769230769231992,0.0004234596654668632,-0.00016148566814688792,0.0017508024511234677,0.0021338506304560134,0.004451718494271617,0.0012953367875645494,0.0014876033057851235,-0.0004776689754002472
2001-08-08,-0.00034176349965830966,0.0024053767244429647,-0.005087620124364034,-0.0022138071657442637,-0.005785920925747368,-0.0006517630189661894,-0.001293661060801976,-0.0023656268911260714,-0.011567516525023414
2001-08-09,-0.012153950033760741,-0.005837670558447083,-0.0013798701298701754,-0.010451334150756053,0.016068979031941932,0.00404356616448176,-0.011610055651506523,-0.007665159369140806,0.00189214758751155
2001-08-10,-0.006040268456375952,-0.0038534295523015016,-0.00861578476794278,-0.0017701203681851352,-0.0052631578947369695,0.0006495615459563009,-0.0013105523735560398,0.0,-0.005644402634054635
2001-08-13,-0.0047868195480351705,0.003938946331856208,0.004017381323276226,-0.0019505851755526882,-0.008504058755314903,-0.0009737098344693162,-0.001312272174969653,0.0011669908307860855,-0.007006071929005153
2001-08-14,-0.00465373961218829,-0.00476023801190073,-0.007022701290217204,-0.004560260586319087,-0.004234026173979832,0.0014944769330733632,-0.004282655246252598,-0.005550621669626832,-0.0041860465116277945
2001-08-15,-0.009765196401141152,-0.006537311356839659,-0.013815789473684115,-0.008329366968110485,-0.013667425968109548,-0.00798027639006027,-0.0072336265884652695,-0.004331323956240252,-0.008759797141540071
2001-08-16,-0.0026263952724884243,-0.004086438564898209,0.0015843895930620633,-0.003599712023038215,-0.0011376564277586487,0.0015696533682145741,0.0011815675462778508,-0.0075343080096869075,-0.003445899379738049
2001-08-17,-0.0029459901800328314,-0.0018665744901485981,0.002164682374490079,-0.0015052986512523736,-0.014942099364960826,0.007444168734491274,0.0004425649095201045,0.0003389064618164461,-0.01180476730987523
2001-08-20,0.0041634710200506575,0.0013845621322257085,0.002907701254465378,0.0031357414219379542,0.00582378358068758,0.002138968109929973,0.019808306709265366,0.004799548277809151,0.008009153318077944
2001-08-21,0.0013165112452000471,-0.0015897152336191711,-0.006709741550695814,0.0007814848211602499,0.0049084387389088935,0.0018756872129874758,-0.001831501831501825,-0.0011239112110145166,0.0045977011494251485
2001-08-22,-0.008592560365455637,-0.004814967670931258,0.0,-0.005766458433445476,-0.012122342409548792,-0.0033570045190444153,-0.00941574118783195,-0.007032348804500654,-0.019828751689950352
2001-08-23,0.0030547676194632167,0.004144218814753353,-0.0005837711617046049,0.0016916384726921585,0.004496065942300342,-0.0009716284492810034,0.004533268340238816,0.004362606232294786,0.005893019038984537
2001-08-24,0.005484861781483108,0.0024233192550024985,0.002419893190921174,0.004825090470446325,0.005083788363773323,-0.000583544057576324,-0.0024262422360248337,0.0024256783437692775,0.00432506259959009
2001-08-27,0.0019784568036931294,0.0009009009009008917,-8.324315325058951e-05,0.0022208883553420655,0.004919583727530874,0.0005838847800700986,0.0010701430100203968,0.00045019696117054586,0.0029680365296804734
2001-08-28,-0.00043946385409798783,-0.004896214054203041,0.0029970029970030065,-0.002215966940168901,-0.001322751322751503,-0.0014264410296310759,0.003401360544217802,-0.0012374845314432337,-0.0029592533576144886
2001-08-29,0.0005496317467297285,-0.0009645194626249909,-0.005727091633466075,0.0018007202881153983,-0.0015094339622642172,0.003960781767417654,0.005520581113801493,-0.0014642937598557948,-0.002724177071509626
2001-08-30,-0.006226786104435278,-0.00425327570830758,-0.0032556974705735264,-0.006890353505092928,-0.0056285178236397115,-0.00012934937265551838,-0.0011558466576767623,-0.006768189509306355,-0.0033936651583710287
2001-08-31,0.007040704070407022,0.004617505168849068,-0.005443886097152517,0.007420814479637938,0.010043585370475894,0.0011642949547219228,0.00588235294117645,0.006814310051107331,0.010285714285714231
2001-09-04,0.025033829499323312,0.004569371365272801,0.006231578947368366,0.022577554198107697,0.012471220260936056,0.003682646336736095,0.027226536286070413,0.008234630569655899,0.013904982618771822
2001-09-05,-0.0032595256828142904,-0.007489864632721832,0.010628504477362188,-0.004626647144948759,0.0026933435936897787,0.004377212745413583,-0.006999533364442256,-0.0011747594540165718,-0.0013885674612357235
2001-09-06,-0.00514368780051444,-0.0005494128150538291,0.0015733686651209222,-0.005177688867968877,-0.006118546845124251,-0.0008331731077357851,-0.005169172932330768,-0.004536544385326247,-0.007807118254879675
2001-09-07,-0.011167624944714682,-0.00444414057158482,-0.00727573377428703,-0.008102673290749984,0.00596268513175624,0.0057729313662604476,-0.00396787907416174,-0.005626195566557968,0.0013796275005748537
2001-09-10,0.006230529595015577,0.0028111073020224975,0.00841175980677944,0.005903046926241773,0.012463485881207603,-0.001530612244897922,0.008251920705681703,0.005714609030213813,0.008580705009276324
2001-09-12,-0.00893152497519012,-0.005522978317196281,-0.012801453584406985,-0.016419679905157136,-0.005037783375315019,-0.0029381706693920595,-0.005644402634054635,-0.00993530239099838,0.009599625380473098
2001-09-13,-0.00220046209704039,-0.0021092740014969635,-0.006023592403580635,-0.004037847284999674,0.0005816207832494147,0.004548366431774475,-0.0010879848628192468,0.0004886807891624212,0.010170293282875997
2001-09-14,-0.011957821502337262,0.0012944542853250418,-0.012036023903711834,-0.016942998910807194,0.0003878975950351027,-0.0025508577259103493,-0.0045650423829142195,-0.007724200602033271,-0.0037700282752120007
2001-09-17,0.00010871928680167287,0.0011595389127616595,0.0017890611688533564,-0.00634002215930074,0.02688707428799031,0.0028770538968097004,-0.0012178529632836943,-0.004796519947341316,0.029347562454523413
2001-09-18,-0.0037907505686126663,0.0017765630338228977,-0.002296113615103401,-0.006566313572446414,0.013524424707307414,0.0014025245441795509,0.005210764467730389,-0.0051302107297322985,0.0036514118792601025
2001-09-19,-0.008270676691729428,-0.005369036291966833,-0.00017047391749058782,-0.011161688595123676,0.005072022722661718,0.00019098548510321223,-0.008235249521426846,-0.012706671291478733,0.0
2001-09-20,0.005942733657482435,0.004917361016254729,-0.012020460358056262,0.003909698574851905,0.0018292682926830395,-0.0001909490166125405,0.011906013205545962,0.006511224836341034,-0.0009727626459145045
2001-09-21,0.017144741180349587,0.006530556128411247,0.00724825265337814,-0.0026381909547739113,0.016318942367279377,-6.36618283677004e-05,0.029433705700714796,0.01027377337196178,0.017821782178217838
2001-09-24,-0.003940886699507429,-0.004720853858784846,0.00676775464747692,0.010265776546164451,-0.012040816326530646,-0.0013369835105366823,-0.007549350554047152,0.006276632500288093,0.001984126984126977
2001-09-25,-0.009433962264151052,-0.005172883201742473,0.0022123893805310324,-0.007917212143881414,-0.007896335290544565,0.0012112711972460666,-0.010730823620751728,-0.004818311874105974,-0.013215859030837107
2001-09-26,-0.0009749756256093312,-0.003594438792811072,0.0009339446425538078,0.004775669222068624,0.009813943978736361,0.0018465456860872198,0.004110920098661985,0.004128619729972138,0.010135970333745359
2001-09-27,0.005446029844243583,0.0008144980655671041,0.015268470608194029,0.009255784865541017,0.005137690094533687,0.003622727850514762,-0.002465758523150119,0.010742959238601468,0.012262262262262347
2001-09-28,0.009011979338388931,0.0028588931999182776,-0.0038432617595454133,0.0030982773577892253,-0.016174686615446743,0.00037996327021727616,-0.003134123704608971,0.006220892681102708,-0.017457585443816148
2001-10-01,-0.0065509335080249365,-0.006357795062563398,0.008722636920238225,0.0004941932295527973,0.004671947999187243,-0.00018990947648300782,-0.006213098034078435,-0.006261261261261253,-0.0002458210422812135
2001-10-02,0.0010930156301236504,0.011424271446162315,0.004240458967323502,0.0019140528525563028,-0.006056935190793533,-0.006204887932126035,0.004274671161034638,0.001314536965685953,0.003205918618988779
2001-10-03,-0.0034854591003159463,-0.00935212794795337,-0.0009107468123861207,-0.004313797991002732,-0.0036210018105007347,-0.0005096839959226607,-0.004640871546300884,-0.004130828429153466,-0.00928414365990704
2001-10-04,0.0043758888524232376,-0.0012183565723569156,-0.00033148255573056673,0.005632233706752476,-0.0008040201005026226,-0.0005099439061703182,0.0004992182054519567,0.0014091709756236526,0.002203721841331996
2001-10-05,-0.0029450261780105125,-0.0014193984454206054,-0.002155351073530598,-0.0027080256031510874,-0.01679841897233192,-0.003443877551020491,-0.0035210273114979485,-0.003427183694776237,-0.01233373639661417
2001-10-09,0.0019672131147538963,0.01300924340979126,-0.0014123120378831677,-0.0006788447296964817,0.010181672988620383,0.0007679508511455602,-0.005526949785063073,-0.0053178769486547095,0.0021812893843915493
2001-10-10,0.003509541566132812,0.007936507936507908,0.0019134775374376467,0.005249181745198506,-0.001395534290271172,0.0026218186468858207,0.0056051681550448595,0.0037321121923297174,-0.002176541717049396
2001-10-11,0.012211367673179652,0.005202913631633832,0.009466079880428246,0.012102223860425143,0.00621865596790383,6.377957777914389e-05,-0.0025980160604630598,0.006318718919658739,0.001210653753026536
2001-10-12,-0.007710949548358825,-0.0070946411351425764,-0.0052644566916179025,-0.009104704097116834,-0.00598205383848438,-0.001339285714285654,-0.009424579682689949,-0.0068570780913522755,-0.0019333011116481336
2001-10-15,0.00011016855789369728,0.0033172080165859708,8.269246671610553e-05,-0.0022664624808576006,-0.023369036027263923,-0.004917299955297327,-0.0009083954867088462,0.000741797432239677,-0.015465143944801252
2001-10-16,-0.00186936441609864,-0.0005525625086337804,0.0027286257648420076,0.0006139489194498804,-0.00019470404984422984,0.002502887947631871,-0.001483466526295607,0.000912304709772993,0.0038213518032002014
2001-10-17,0.003199117484831815,-0.0018614270941055278,-0.0018141337511338174,0.003497361639464902,-0.0005837711617047159,0.004225081620894855,-0.002396242691459771,0.0,-0.0042806183115338126
2001-10-18,0.004432132963989144,0.004501385041551398,0.0010739363899217036,0.001956588199327536,0.010222134853548281,0.004844775929113254,0.005236356648731899,0.0035319585279709464,0.008635164307987386
2001-10-19,0.004228329809724984,0.004731422209852454,-0.00024756560488525814,0.0024409592970038307,0.001377952755905687,-0.0004440779039524001,0.00874551971326154,0.00874205267938244,0.0021634615384615863
2001-10-22,0.009094992140130431,0.0075008762705923715,0.010730499380932734,0.01168807451147491,0.001379854129706315,0.001967504442752066,0.013075611142694621,0.0075970737197523786,0.00361881785283491
2001-10-23,0.001461823906443227,0.0035880118193332144,0.0031033074724375886,0.0013839581202237383,-0.0027521132298016227,-0.004053968455057899,-0.0037411148522260573,-0.002066461882155979,-0.010031048483401195
2001-10-24,-0.0035854341736695217,-0.0034354623851924337,0.000244240006513019,-0.003004446580939679,0.0021670606776988954,0.0013992240666538258,-0.004318437852046553,-0.00190284307141253,0.0033549005511623875
2001-10-25,-0.004461795872838792,-0.00300573186075781,-0.0011395083835259445,-0.006147540983606592,0.005745987715474632,0.0019053667831057108,-0.0035828776164434917,-0.0013457440843333002,0.007971014492753614
2001-10-26,0.004932182490752224,-0.00292723724560906,0.002200130378096521,0.00272892662219526,0.00597966912497494,-0.0015847860538826808,0.0013720666161998185,0.0008983717012915893,0.004123211253941328
2001-10-29,-0.012836118180812095,-0.012185886402753754,-0.007398975526465512,-0.013002721499848824,-0.007713607594936667,0.0,-0.0061422159225135164,-0.009873218893750813,-0.004106280193236667
2001-10-30,-0.0025386313465785015,-0.0014436958614051365,-8.191349934472125e-05,-0.004595588235294046,-0.00039541320680103187,0.0022222222222223476,0.009935821250297128,-0.0010198300283283945,-0.0012062726176115257
2001-10-31,0.007450239074836107,0.0008256501995318466,0.0038502498566397314,0.006278855032317621,0.005566600397614474,0.007602153943617296,0.004613067218979472,0.009981851179673207,0.00484848484848488
2001-11-01,-0.005639097744360888,-0.005882352941176339,-0.005467602415537787,-0.0031810118064476978,-0.01101061738104614,0.0005029864822383434,-0.008527785587105208,-0.009433962264150941,-0.004104297440849947
2001-11-02,0.0007745933384974979,0.0003421142661648169,-0.0015590383195207558,0.001227370359005775,0.0017727004136300906,0.0007541004210394053,-0.00039697542533090324,0.0003401360544217358,-0.0016871535309711527
2001-11-05,0.008256164230726393,0.00308853809196985,0.00032873109796183186,0.006619675145571602,0.00019700551615442485,0.002072213500784903,0.00219368747517934,0.0029468434772752516,-0.0002409638554217164
2001-11-06,-0.001337047353760501,-0.001439243369200205,-0.00468287873808737,-0.0014004749436766772,-0.010719158058857814,-0.001253289885950637,-0.003868289461269936,0.0007910498361396456,-0.012139966674601266
2001-11-07,-0.0026669629958884222,-0.004027303754266298,-0.0008254230293025522,-0.004390243902438917,-0.0040760869565217295,-0.0001882293888820774,-0.008476984277325128,-0.002766485998193291,0.00023809523809514843
2001-11-08,0.009988776655443177,0.007565337001375738,-0.008839322593969356,0.007778049975502244,0.0009714396735962527,0.002823972387825613,0.00644791517409371,0.004699088490063952,0.0023866348448688957
2001-11-09,-0.002797985450475715,-0.002332921641279073,0.002250375062510468,-0.0033424491036159187,0.00038872691933922177,0.002690863579474234,0.002306378132118425,-0.004339005973176935,-0.0014299332697808032
2001-11-13,0.014073317444103894,0.010329289428076205,0.00997920997920998,0.01634146341463416,-0.010386612810155849,-0.002558821693815161,0.006032025605333224,0.010583507838587414,-0.00709891150023656
2001-11-14,-0.0020387359836899765,-0.0002772194885302115,0.0018114450391106818,-0.0016198704103672634,0.0025067489394525744,-0.003691653109748505,-0.003106174698795261,-0.003024193548387233,0.005233111322549888
2001-11-15,0.001815499829796785,0.008315863032844373,0.005999835620941862,0.00018027762754657672,0.0011583011583009561,-0.0033285184952585034,-0.0005665187423282703,0.007751937984496138,0.007911771757372232
2001-11-16,-0.004068256300146844,0.0022412102535369627,0.0022058823529411686,-0.005527517423696282,-0.004420526619257958,0.0,0.0016060462919225138,0.0012263099219620432,0.007487922705314176
2001-11-19,0.007743992711536141,0.012121641738144007,0.004891171435558839,0.005014499758337454,-0.0003842459173870605,-0.0013232514177693444,0.0069798151292208566,0.006012693463979479,-0.0019286403085825299
2001-11-20,-0.005774456521739135,-0.005148095909731976,-0.005272978015737784,-0.008656447249774546,0.0032767925983037127,0.005300018928638961,-0.0016860247283627672,-0.00962921970116215,0.00024113817217275013
2001-11-21,0.0058079945336522165,0.0018369365550374717,0.004648507584407158,0.005093687465890451,0.005036807438977053,0.00533483964099668,0.003706136235691604,0.004414394278051015,0.010723860589812562
2001-11-23,0.0012542759407070392,0.00418588151826893,0.010146927510349846,0.0063348416289592535,-0.001547388781431347,-0.002309901360968758,-0.0027576536573966637,0.00489568845618904,0.00048768593026071727
2001-11-26,-0.004653274316195777,-0.002123893805309751,-0.0019286403085824189,-0.0026978417266186883,-0.0038535645472060898,0.0015017833677490877,-0.004499437570303688,0.000387532525051304,-0.006059137178865859
2001-11-27,-0.00011348161597812823,-0.0008488363867864557,-0.00024154589371983004,-0.0021039975954313395,-0.005175388154111671,-0.0035613870665417435,0.0009416195856875031,-0.0019590481460984854,-0.002176541717049396
2001-11-28,-0.005754259280153384,-0.00688443976115205,-0.007087058065555207,-0.0069277108433734025,0.0007673124880107629,-0.0059568597943315815,0.0024459078080902863,-0.004801880829073069,0.0
2001-11-29,-0.0018020047302625963,0.00021079258010114899,0.004298807689187889,0.0037003336366394635,0.007148377125193228,-0.0015769885826025787,0.0017830330330330657,-0.0003900156006241273,0.0021812893843915493
2001-11-30,-0.008818932797499457,-0.0016134689582603112,-0.004845743821676574,-0.008521697086909197,-0.0051893138573899655,-0.007012888551933161,-9.367681498839708e-05,-0.004960704531519866,-0.008887821282728803
2001-12-03,0.006856243677644258,0.002672856439474014,0.005518584645349822,0.008838768668089081,0.0038587690526721286,0.0028631418209581483,0.005105864718006448,0.00593771006049737,0.0021665864227251586
2001-12-04,-0.00011238480557429487,7.03432751827382e-05,0.0030669895076673725,-0.0003021148036252974,0.005431619786615105,-0.0020936429387133915,-0.006384862748753384,0.0018376211159372158,0.00825242718446595
2001-12-05,0.004742547425474308,0.003671279299632735,0.0009655616350177088,0.005681474765790284,-0.0029013539651839837,-0.0008264988238284587,-0.004690431519699834,0.0019454171530208786,-0.006031363088057962
2001-12-06,-0.006729475100942017,-0.006035087719298282,0.0034565916398712204,-0.005168579842538601,-0.002315708220764212,0.003245100534487122,-0.010556079170593757,-0.0061577721069566715,-0.004323804948354715
2001-12-07,0.00123526108927563,-0.00454069158225634,0.0066490426980694295,0.002235244366580069,0.005042668735454114,-0.00266379146318263,-0.0035244808534957706,-5.581914596697324e-05,0.004100337674867394
2001-12-10,0.0023638000900496614,-0.0018825826244596167,0.004854368932038833,0.005003013863773331,0.0011650485436891511,0.003942766295707445,0.004110505687792587,0.005917159763313418,-0.0004821600771457435
2001-12-11,-0.002246181491464494,-0.0016011138183085194,-0.0003167814999603946,-0.00527799436214238,0.0003885003885002458,-0.000380059542661626,0.0011424219345010922,-0.003052164261931223,-0.0052757793764987015
2001-12-12,-0.004583566238121839,-0.005193905817174382,0.0022973936465182643,-0.005426590292432976,-0.010190348009997963,-0.008047652240035563,-0.0023773297831876095,-0.0027275257445031897,-0.0071428571428572285
2001-12-13,-0.003453654188948274,-0.0009685900096859656,-0.0015807777426494196,-0.004364959078508535,0.004247924309712214,0.00134151015714834,-0.005051949289867408,-0.002288457244920772,0.0023866348448688957
2001-12-14,-0.007518796992481369,-0.0063930707362342964,0.007283090563647843,-0.0070632649333252084,-0.001349787890474241,-0.0025518341307815273,0.0052692086606629385,-0.007160839160839205,0.00359281437125758
2001-12-17,0.0004424778761062953,-0.002810529202083911,0.0023577491354920266,0.0014104372355430161,0.0019319938176196594,0.0007035497281739911,-0.00362146192699897,-0.0006761706203866069,0.0007190795781397696
2001-12-18,0.0023284177846767395,0.0015791280466874724,0.003371491296847884,0.0006123698714022296,0.003684312584836036,0.005304870254378091,0.003634624581539958,-0.00016915703411335414,-0.0007185628742513162
2001-12-19,0.0024452595309547576,0.003928866832092481,0.001797296241306423,0.002998776009792037,0.004871395167576065,0.0008900756564307333,0.0005718097779472409,0.0021430182720505453,0.005539499036608664
2001-12-20,0.002786446723138658,0.003042035398230114,0.002730109204368336,-0.0018304960644335289,0.016841688131563393,0.002477291494632494,0.008953233641299185,0.004051772650534469,0.008991494532199384
2001-12-21,0.012184115523465655,0.005491831769204092,0.007234539089848058,0.011064245980805687,-0.0055172413793102,0.004308706120897066,0.008024166902671714,0.007958749019168376,-0.007955641272902714
2001-12-24,0.010372734526387761,0.0,0.0032437442075996525,0.022974607013301007,-0.0021627998427056205,0.005993690851735067,0.013579321970406344,0.013345195729537185,-0.001684717208182751
2001-12-26,-0.0005696058327638864,-0.007246376811594235,0.006851424172440224,-0.00017730496453893796,0.0011811023622048111,0.002822201317027151,0.0018479164741753706,-0.0016461808604039119,-0.00048111618955992697
2001-12-27,-0.007350446680990608,-0.00343878954607979,0.00519917424879579,-0.008098362593840558,0.0009852216748769127,-0.002251407129455929,-0.012727105044729292,-0.008684181598328955,0.0033791938209029038
2001-12-28,0.002380412604851667,0.004490500863557845,-0.0012930706625084998,0.0005959475566150729,-0.007237871674491525,0.00012536041118216268,-0.013545072396076607,0.0016078953204701207,-0.0007235890014472002
2001-12-31,-0.00887540725761149,-0.004675789039400247,-0.001980198019802093,-0.011435378201310353,-0.0009771350400625822,-0.0019428428177487023,-0.009744318181818201,-0.006653750345972931,-0.0036049026676280294
2002-01-02,-0.014394862141512643,0.006366341429658862,0.007478632478632674,-0.010483190745872895,-0.0054421768707482165,0.003076923076922977,-0.017987778638437035,-0.010576880210423134,-0.016079451406951994
2002-01-03,0.004337188612099752,0.003541666666666554,-0.0019693985759734467,0.0043229420360446635,-0.0001943256898562229,-0.0002504069112306828,0.0022884409387478044,0.0030977189524077353,-0.005643075476134518
2002-01-04,0.005141962888441709,-0.003804911795226462,-0.005616272009714485,0.0007274931797514039,-0.009241432422025464,0.0004383218534751432,0.0018945834345396317,0.002582818641212903,-0.00908667287977627
2002-01-07,0.001679543164259334,0.0048661800486617945,-0.0006869180277820908,0.00018174107954194163,0.0021223229789697484,0.00025035989234534206,0.0019879751745539576,-0.0008960573476703981,0.00374181478016844
2002-01-08,0.0006722689075631116,-0.0028420906696243753,0.012220270373481945,0.0026044821320412304,-0.010500190912562268,-0.0020023778236656353,0.006048874909266866,0.0016816143497757619,-0.009497336113041266
2002-01-09,0.004841251970276961,0.003687469560982315,0.0006790915264469621,0.003745544614269347,0.0001909490166125405,0.0010031976926452302,0.0,0.0023503077783995074,0.0074679113185529555
2002-01-10,-0.004817927170868486,-0.004157139887757233,-7.540340823397607e-05,0.0004814926271441422,0.001529929240772665,0.0029439398684623086,-0.009716209716209678,-0.004019651630192023,0.004924953095684748
2002-01-11,0.002245929253228418,-0.0010382059800665422,-0.003318000150818401,-0.0012633098718644042,0.003646833013435824,-0.0023107669248064733,0.00019428793471920613,0.0016816143497757619,0.006134969325153339
2002-01-14,-0.003357582540570836,-0.002347742024582211,-0.0025724445789511163,-0.0019877123238163374,0.005791505791505669,-6.25978090766921e-05,0.004467754467754492,-0.004029099048685092,0.001891252955082745
2002-01-15,0.002468304723437731,0.0022145328719722635,-0.005234013502237955,0.0019916711931919906,-0.001734438234727298,-0.004695129585576496,0.0006285051247341134,-0.0002809304416225844,-0.002358490566037652
2002-01-16,0.008942721304052492,0.00521739130434784,0.004804026231508551,0.0021684134441632974,0.006595538312318183,0.0028932637272784945,0.012223993815528855,0.005788793345697929,0.008563273073263433
2002-01-17,0.0038636363636364024,0.001881795372177253,0.0027320330879561094,0.0028248587570622874,0.003894839337877265,0.010348071495766664,0.005155131264916513,0.0016763522574876344,-0.0014251781472685021
2002-01-18,-0.004975124378109541,-0.0011834319526627946,0.0038598350109739776,-0.0029967036260114543,-0.002912621359223433,0.0011173184357542443,-0.00892772343052517,-0.000892558295213508,-0.005903187721369552
2002-01-22,0.0006788866259335169,0.004896817068905213,0.010102533172497097,-0.00036068530207389315,-0.006941766293868001,-0.002728174603174538,0.004312410158121782,-0.0012283640424343156,-0.014887183065829257
2002-01-23,0.00022634676324129188,0.0015413718209207339,0.0020152261531571902,0.0015033976787539594,-0.002308580223162937,-0.0027356379010196052,-0.0002862595419846903,0.0012298747763863638,0.0025652985074626766
2002-01-24,0.00614894101571406,0.0030922763370579975,0.0029050279329607687,0.006184700372283025,0.0005774783445622322,-0.0012468827930174342,0.0038178867996563337,0.0020100502512563345,0.003040935672514511
2002-01-25,0.014673599075678778,0.009435300794551793,-0.0012626262626261875,0.01599331622605482,0.005419005225469231,0.00393258426966292,0.015023295616620747,0.01058731750807973,0.009445100354191327
2002-01-28,0.005810575246949501,0.0015631661219268622,-0.007734067078158602,0.0038179148311308087,0.00019357336430525507,0.0026736305415655526,0.005058548009367447,0.004741949713277682,0.0035545023696683664
2002-01-29,-0.004396621543445445,-0.004104160769883847,0.0005995653151464886,-0.003042715038033994,0.005058365758754846,-0.013828599776757988,-0.006198154534439282,-0.0038963889803534935,-0.0018921475875118832
2002-01-30,-0.0005781683626271406,-0.00197740112994349,-0.005018350685341844,0.00041084634346755244,0.015810276679841806,0.00044016852166262055,-0.0011160609613128925,-0.0013332598754889347,0.017324350336862526
2002-01-31,0.0062834535722595675,0.0028328611898016387,0.009183980728696195,0.008506893517160607,-0.0023659305993690705,0.0003142677561280838,0.002009276472686894,0.004920890615001117,-0.0026397888168946393
2002-02-01,-0.0022059677232088015,-0.002683994914536081,-0.0021632105027599158,-0.0006399069226294962,-0.0015748031496062298,-0.00043983663210800383,0.0007496251874061777,-0.00032938076416333395,-0.0014378145219265948
2002-02-04,-0.00829015544041467,-0.002747059237867111,-0.007924048740375333,-0.009197275743640487,-0.004897159647404448,0.0006914759869249831,-0.003838951310861427,-0.0075782537067545785,0.0007194244604316058
2002-02-05,0.001499077490775047,0.0019054340155255645,0.008966920352648566,-0.002996298689853627,0.0035384312954587216,0.004145989069665124,0.001738885233574683,0.0016600265604249653,0.0014409221902016434
2002-02-06,-0.0024157367997239554,0.002263403593153468,-0.0013442867811800374,-0.0012964054213318033,-0.0013741656851196105,0.003565842977791611,-0.004456955195871526,-0.004806098773616152,-0.004542194597179083
2002-02-07,0.0003452243958572687,0.001487568180208232,-0.001720011965300583,0.0,0.004733727810650956,-0.00031168183518270887,0.00230914231856727,-0.00047737996114360914,0.008194745721860741
2002-02-08,-0.004239715824452928,-0.004161963882618469,0.00958873323844478,-0.002832192589096172,-0.006661442006269613,-0.004177838747895457,-0.0031501245944800527,-0.0021325750844144453,-0.007178750897343877
2002-02-11,-0.005809979494190043,-0.004284610521879784,-0.008533056318171695,-0.0038461538461538325,-0.00409756097560976,-0.004696305572949311,-0.004339213281766008,-0.005454140694568066,-0.00523684836943572
2002-02-12,0.0011405109489053267,-0.005934925289763915,-0.005987127675497805,0.0011880011880012198,0.007470021623746659,0.001509908776344826,0.0011369019422076132,-0.0011191941801902416,0.004543280726924781
2002-02-13,0.004352806414662069,0.0016785564414603105,0.003086884505345555,0.006822901216256394,0.0,-0.0005653621458635572,0.0017034162960158916,0.0036414565826328182,0.0007178750897345321
2002-02-14,0.00195110754045702,0.0009100455022750253,-0.0072806424979359186,0.0020624631703003438,-0.015482872072769438,0.0005656819610309061,-0.003542749173358617,-0.0033491487580239454,-0.006183115338882272
2002-02-15,-0.0019473081328752473,-0.0020957038071952594,0.0037804324814758594,-0.0014701558365186607,0.0,-0.0006909981782775576,-0.0045034368333727315,-0.004480537664519835,-0.0042623727208146445
2002-02-19,-0.0038795070743951054,0.0009089637812893514,0.005197348598975582,-0.005005889281507581,-0.0019316206297083083,-0.0014458134272063994,-0.0004761904761905189,-0.0007313642756680006,0.003326205749584199
2002-02-20,0.006777713957495601,0.002312705865862963,0.0023229674035218917,0.006155667357206296,0.0011603171533554058,0.0012590494176896172,0.006669842782277335,0.005404796757122021,0.0011893434823977422
2002-02-21,-0.0008034894398529779,0.0011225706868729368,0.0038127990430623093,-0.0007059238778750476,0.0003869220352099578,0.0005658597925179976,-0.006199716043539971,-0.003695822600515153,0.004300047778308613
2002-02-22,-0.005138746145940565,-0.0033564086427521067,-0.003128025620019459,-0.005710249013951896,0.007013442431326622,0.0019479703405806958,-0.005190723367779371,-0.002810251798561203,0.0
2002-02-25,0.005049925398829425,0.002664236135455411,0.0002988419872991255,0.003433984606275864,0.000194855806703087,0.0040765130134838845,-0.0008616562948779993,0.0012399954909254607,0.0019147917663953073
2002-02-26,0.0035706058511861816,0.002671353251317843,0.00343565613563368,0.0027731885768231823,-0.0027205596579866764,0.006371018113678906,0.003162131084706754,0.004278315694663304,-0.001672640382317625
2002-02-27,0.004628558204119448,0.004235792446170228,0.0020841086713807577,0.005295675198587757,-0.0023264831329973257,-0.0017378351539224512,0.0024835227815453997,0.0,-0.0014316392269148048
2002-02-28,-0.0018480018480019345,0.002547951022719319,-0.004976602540295527,-0.0035118525021948788,-0.001741823108186602,-0.00217607560308386,-0.0023820867079560326,-0.0002802690582959233,-0.005221932114882644
2002-03-01,0.0006934812760055475,-0.004298801973220634,-0.004553598088981925,0.0020558002936856834,-0.0019316206297083083,-0.005857062745342478,0.002865329512893977,-0.003364171572750374,-0.0028402366863904405
2002-03-04,-0.006088454910970764,-0.0026707899915657807,-0.008623922009748819,-0.005275498241500531,-0.004805843906189766,-0.0034471952366028624,-0.010238095238095268,-0.004500703234880388,-0.00868137024870963
2002-03-05,0.0006897344522358573,0.0011258091753447719,0.0008320726172466042,0.00041249263406006875,-0.0009602458229307498,0.00031446540880497587,-0.00033678133269188226,-0.0017519073184514289,0.00046948356807519076
2002-03-06,-0.00832193342453258,-0.0018260991712318875,-0.011034691255385143,-0.009306709076986497,-0.0017254601226991406,-0.004401131719585116,-0.007026662816440377,-0.0038496376811595345,-0.00583430571761967
2002-03-07,-0.0026151222285388798,-0.0004914004914005066,-0.02888803974016052,-0.005291634461026207,-0.007043594136683873,-0.0007578149668454603,-0.0006785575804576505,-0.0037508524664695564,-0.0037200651011392027
2002-03-08,0.004913162705667329,0.0012651999718844564,0.008971433068387658,0.004781829049611552,0.0034383954154728613,0.002148770776717379,0.006111165001455143,0.005362236166571499,-0.0009291521486644028
2002-03-11,-0.0018248175182482562,0.0004922644163152246,-0.0010139614694640864,-0.0020820939916716963,0.004412893323100464,-0.0008828908368544441,-0.0018318549942152318,0.0018157058556513839,0.005841121495327117
2002-03-12,0.0010275145564562216,0.005231160752156017,0.0046064959400373695,-0.0004769001490312341,0.0011525163273147232,0.0009467903806097411,0.003960204771563891,0.0007929315813322013,-0.003028185418122664
2002-03-13,-0.0012542759407070392,-0.0007770007770007137,0.005906582731017407,-0.0016699469195444738,0.001153846153846061,0.004855593391348112,0.0012988262459110445,0.0021505376344084226,-0.00046565774155982176
2002-03-14,-0.005217785843920075,-0.0030281690140844253,-0.0037858301784748916,-0.008602664436346275,-0.005545993497800716,0.0005020395356134522,-0.00456401633437431,-0.007002484752654081,-0.0011627906976744429
2002-03-15,-0.000793380936189414,-0.002668914173339032,0.0012408872343725452,6.025911419094143e-05,-0.005326231691078487,-0.0050178761839051456,-0.002220077220077221,0.0006824385805277444,-0.015342340279367983
2002-03-18,-0.0003399048266486959,-0.0012626262626261875,0.01680867544539133,-0.0006628103157386711,0.0022878932316490186,0.0010716762276996583,-0.005030473057947127,-0.003637190270516011,0.002755453501722016
2002-03-19,0.002385008517887588,0.003025399282347019,0.00784642340214825,0.002230931564666694,0.0019102196752627254,-0.002392947103274534,-0.001944579484686404,0.001939310974218511,0.004613610149942549
2002-03-20,-0.003508374830240024,-0.003295932678821889,-0.005291005291005457,-0.0032487065335097265,-0.013752825923134981,-0.0030930438076001154,-0.005455431076473505,-0.005009677786633082,-0.017675050985724083
2002-03-21,0.0,-0.001889829915307728,0.001975683890577562,-0.0007846450989860143,-0.002630590003757871,0.000949787880706765,-0.0011264570477029778,-0.002174161803410013,0.0011343012704174704
2002-03-22,0.005118871573200012,0.001682675453972049,0.007735477021082904,0.0041075203865903465,-0.0007510326699210479,-0.002593623481781382,0.005638636920814122,0.005045871559632875,0.0025017057084375516
2002-03-25,0.002623175182481674,0.0005612065941773547,0.0043648404575558075,0.002225831678998924,0.00395852968897259,0.005771548170228957,0.0020965382740125715,0.004450022820630117,0.0022794620469570592
2002-03-26,0.00011406410402647893,-0.001051156271899223,-0.005095159598381582,0.0018007202881153983,0.00340457726498955,0.0042249968470171595,-4.865469761106134e-05,-0.001192775190276052,0.005040091638029542
2002-03-27,0.0046986018794406,0.0022475066722855708,-0.0012803133001957345,0.005751947273816782,0.0022748815165876124,0.0008163265306122547,0.007298559750875899,0.005061131646289407,0.0022962112514350874
2002-03-28,0.001721960739295092,-0.00028085942985522916,0.0,0.0038127010604074307,-0.011431784107945986,0.00012548625925457024,0.002028789488938143,0.000905284598845757,-0.011575124829777406
2002-03-29,-0.000688310198462716,-0.0005614035087720959,0.0006786818490307489,-0.0017804154302670794,0.000562535158447286,0.0011292346298619194,-0.0008677207867335834,0.0009044657998868999,0.00022701475595909848
2002-04-01,-0.010106745400862982,-0.010897480391476422,0.00467219291635268,-0.01266349583828763,-0.0026182906302598674,0.002318586289008495,-0.012158641320081043,-0.012199254490003475,-0.004969505308335176
2002-04-02,0.0027328626736506934,0.003412731578214423,0.0006000600060007688,0.002890347443848862,0.0,-0.00381369177868085,0.004298134219009597,0.0011435105774730836,0.0015837104072398134
2002-04-03,-0.002498864152657876,0.000557491289198353,-0.005622188905547221,-0.00288201741218852,0.0062100112909295735,-0.002761390736789271,0.0020426028596438606,-0.00719588806396354,0.00591715976331364
2002-04-04,0.0028477047499715358,6.9691267684302e-05,-0.0026385224274405594,0.0028301318721020152,0.0016965127238455224,0.0025173064820642743,0.0022325761987962434,0.002646111366773951,-0.000682283375028514
2002-04-05,-0.002952867688813199,-6.968641114990515e-05,-0.004308390022675912,-0.0010207757896001368,-0.00018846588767429395,-0.0018832391713746732,-0.007263922518159771,-0.0034423407917383297,0.004569339730408961
2002-04-08,0.006285714285714228,0.002795248078267143,-0.0034919911941090342,0.006191020015627879,0.006831119544591813,0.002578616352201246,0.011463414634146352,0.0037420840529647226,0.011789181692094308
2002-04-09,-0.004890253610826734,-0.002439874520739016,-0.001828292831568601,-0.0038231780167263807,-0.0007584376185058028,0.0014428204002259193,-0.003858210754762448,-0.003441353599082264,-0.004372842347525885
2002-04-10,-0.00011371389583803015,-0.0013922728854856015,-0.002136915210257162,0.0015591268889421084,-0.005468602677729639,-0.0021297920320721975,0.002662793512466788,0.0021294964028777397,-0.005720823798626928
2002-04-11,-0.003964208857175189,-0.0011820330969265491,0.006118546845124362,-0.005867560771165015,-0.007300636465743304,-0.003201506591337,-0.006856591018831404,-0.007983000229726533,-0.012652507907817578
2002-04-12,0.004208371246587683,0.0007654303806274854,0.00410490307867728,0.00445675740785334,0.0009368559115610076,0.0,0.003063010501750174,0.002026283795518946,0.0009045680687471691
2002-04-15,-0.0011361054305839557,-6.957973838017661e-05,-0.0010598834128247026,-0.0007195107327017114,0.004517221908526103,0.0008186913533596574,0.0046531917987495675,0.0015021955165241963,0.004315239609357313
2002-04-16,-0.0031710079275197867,-0.001667129758266217,-0.005759757483895345,-0.0016800672026882069,-0.001315789473684159,-0.005914925748804367,0.0017851112076034958,-0.0010384215991693369,0.001364566750056806
2002-04-17,-0.006190208216094506,-0.002908990164842584,-0.0037350407805473163,-0.005289097247265229,-0.009310986964618406,-0.003354855044942484,-0.008861491042188474,-0.005890505890505882,-0.009684684684684641
2002-04-18,-0.0014610024724657222,-0.0028316872712205177,-0.006579954093343443,-0.0039274924471298656,-0.003155745312789837,0.0001270244522071362,0.0037900874635570236,-0.002556059021726287,-0.0031432420296364505
2002-04-19,0.0005622399640166087,0.00048369264787173627,0.00508317929759694,0.0013952077646344208,-0.0005565862708721836,-0.0015240998285387386,-0.0037757769387163354,-0.0034944670937683275,-0.002910230579807438
2002-04-22,0.0018024107243437282,-0.001104362230811673,-0.0045977011494252595,0.0021201841531379717,0.0,0.0004452076575716113,0.007628765792031089,0.0021040327293981864,0.0008962581223392885
2002-04-23,-0.002247948746768591,0.00013806433798158046,-7.69822940724918e-05,-0.0032037719881521376,-0.00037091988130555364,0.0014621741894469409,-0.004581183392004529,-0.0038492942960458576,-0.000895455563017844
2002-04-24,-0.002019068984856931,0.00041436464088406844,-0.0010008468704287843,-0.00272892662219526,-0.005899705014749235,-0.004316638100679171,-0.0007751186900493146,0.0003512880562062115,-0.0029017857142856762
2002-04-25,-0.007017153040766444,-0.004126547455295726,-0.01048088779284817,-0.00833079963514749,-0.003307607497243792,-0.0031240038253107505,-0.0033452923494620146,-0.009891138944164601,-0.005770084332001879
2002-04-26,-0.0002227171492203972,-0.00034376074252318034,-0.001713395638629267,-0.0009197939661516052,0.0027639579878386833,-0.0002558199027885566,-0.0005350975336867458,-0.002068924750251222,0.002001334222815343
2002-04-29,-0.005316792202038179,-0.003220942982456343,-0.00039007645498523313,-0.00478733198306025,0.008736059479553804,0.0019831115660184917,-0.004964469969823804,-0.005153417841487928,0.006040268456375841
2002-04-30,0.002888247056209714,0.0018537590113287816,0.0024974635136190138,6.167129201362087e-05,0.0014892032762472418,0.0011492051331163378,0.005674036392095516,0.0008931229532598284,-0.0004472271914131021
2002-05-01,-0.006621054954756178,-0.003830107379796166,-0.007785130400934093,-0.012703502713369508,-0.0027844811583439544,-0.006504687201071335,-0.0059338521400778,-0.006543723973825077,-0.0013398838767306742
2002-05-02,0.0033215234720993525,-0.0016387845681120616,0.004472342094939297,0.00549656464709547,0.004100652376514358,0.0026959368380512494,0.004207848126039915,0.0037724550898206033,0.005162738496071739
2002-05-03,-0.011058797766341777,-0.0012956901254773667,-0.00632713638493998,-0.011057274195552136,-0.002973425013938047,0.0018564752576659682,-0.010134476710193074,-0.011394141860049056,-0.004469273743016866
2002-05-06,-0.0036002618372246165,-0.0008176614881439948,0.0004716610329376092,-0.0018216080402010393,-0.0022251066196921077,0.0022364217252397456,-0.0041346721795628705,-0.0015085686700457845,0.0
2002-05-07,0.0019676432006996425,6.814310051117545e-05,0.004164374950891725,0.0024542193694543357,-0.0033265570134910494,0.0012751036021676487,0.014136022143139693,0.007614673354686463,-0.0033407572383072903
2002-05-08,0.011946902654867309,0.00977086630427304,0.00657276995305156,0.010797237915882052,0.003896103896103842,0.00019102196752629474,0.003509113948727993,0.004978108318838936,0.002455905336012476
2002-05-09,-0.005281690140845119,-0.003565306822077452,-0.002176616915422702,-0.006024096385542244,-0.006268436578170999,-0.0013368983957219305,-0.00650801359883435,-0.008593936500358224,-0.007313829787233939
2002-05-10,-0.0030715225976304383,-0.001437765301930738,-0.0036615768152072903,-0.0036863480162449003,-0.0038567493112948714,-0.007139669790272141,0.0012710207274149177,-0.00048157958102568177,-0.0028729281767955195
2002-05-13,0.0009882507960909948,0.0012338908692075545,-0.0015638439283759409,0.0023203311175217234,-0.0027472527472527375,0.0006420545746388395,0.002734107997266033,-0.001806793543724261,-0.005713030103274064
2002-05-14,0.00942141432054977,0.007876191792179243,0.007596522828725805,0.010761434023650152,-0.0003661662394726095,0.0003208213025345241,-0.0016554679131365324,0.009412332569084025,-0.0006587615283268899
2002-05-15,-0.005730659025787954,-0.005770023354856435,-0.005751593346805528,-0.006251934385639091,-0.003284671532846839,-0.0017318794098780677,-0.008973858759266484,-0.005020920502092019,-0.004590163934426128
2002-05-16,-0.0034047226798462615,-0.0006178348321550509,0.002110694183864892,-0.0037996760931855444,-0.002184996358339353,-0.000835314528047304,-0.0009842519685039353,-0.0034843205574912606,-0.008022549869904583
2002-05-17,-0.010971105800564707,-0.0023969319271330836,-0.016849988298619167,-0.011442506096417171,-0.005432814197754432,-0.008360128617363238,-0.013103448275862184,-0.011092355919942176,-0.0049622437971952316
2002-05-20,-0.0007597959405190036,0.0009596928982724684,-0.003094501309212072,-0.0015812776723592714,-0.0003620564808110016,-0.0003242542153047978,-0.0021463512029549214,-0.0019507437210436462,-0.004296455424274925
2002-05-21,0.0023936459580025105,0.0013728720483250356,-0.014406240050939156,0.0008235666772251626,-0.005222402305060325,-0.0018164125851444224,-0.0012505627532388708,0.00097727827999039,-0.0032119914346896428
2002-05-22,-0.0079870480302211,-0.001439440674480652,0.0026649438746668697,-0.007089505000633101,-0.005551575931232122,-0.0016897380905959158,-0.011419413002103695,-0.014949963387844822,-0.00954400848356296
2002-05-23,0.0034658290913029965,0.003025094534204298,0.005476804123711432,0.004398826979472137,-0.0001790510295434089,-0.0014972983529717432,0.001722565609484139,0.00018583906337110712,-0.009661835748792313
2002-05-24,0.0014099783080259165,-0.0021952390752556505,-0.0010413329061199628,0.004569977784830259,0.004857862540482261,0.0007823705828660099,0.0022253692089824195,-6.193484454364295e-05,0.011472275334607929
2002-05-28,-0.007000538502961784,-0.002804761253249355,-0.002646139042578821,-0.005307386112339607,-0.010151380231522622,-0.002931596091205191,-0.004440855874041083,-0.014927222050170275,-0.011549769004619903
2002-05-29,-0.0030065499838936027,0.0012328767123286344,-0.00024119633381569638,0.0008892841262784223,-0.001777777777777878,0.0026135249918326497,-0.004967558799675698,-0.0008802816901407606,0.00042016806722688926
2002-05-30,-0.006401365624666533,-0.003752985329239067,-0.010213108162444695,-0.00863108459732187,-0.003542958370239102,-0.0003258390355164176,-0.009577177789098279,-0.0020138451856513973,-0.0029325513196482023
2002-05-31,0.003640646750187493,0.002051282051282133,0.008531036724081842,0.004609179950067155,-0.0026501766784451375,-0.004237288135593209,0.0024174467647362086,0.00926976920166478,-0.003340292275573975
2002-06-03,-0.005431309904153525,0.00020517029134192732,-0.0035446709095303675,-0.0035047473395780626,-0.009450472523626297,0.00045826513911606526,-0.005592898558161141,-0.010309278350515427,-0.01440329218107006
2002-06-04,-0.003607809847198773,0.0011639849366653632,0.0021020292667153218,-0.002941552628213384,-0.005222841225626773,0.00013087292239233328,0.0010319917440659854,-0.0029040404040403534,-0.008365639665374291
2002-06-05,0.0035140027686082487,0.00212707561410741,0.003630496167809527,0.005130836326321164,0.003844809507165259,0.0043182412980895535,0.003298969072164981,-0.0026592376851969357,0.00739979445015404
2002-06-06,-0.006978957386063023,-0.001301994106763571,-0.0004823151125402658,-0.00523226135783561,-0.004523312456506501,-0.0016286644951140072,-0.0039046444718453532,-0.002920264093448477,-0.0065346130283848725
2002-06-07,0.0008466504391997365,-0.0007532182963571055,0.001206369631655102,-0.0025657472738934706,0.006478725267028418,-0.0002610114192496127,0.006395708685784873,0.003947535973513272,0.003072511265874711
2002-06-10,0.0003175947491000919,-0.000410677618069899,0.0008836051088441099,0.0022508038585209444,0.0031617776216406046,0.004177273023953987,-0.0024087740877408725,-0.0011415525114155667,0.0016413623307347525
2002-06-11,0.00010587612493395682,-0.005174996595396886,0.007704654895666296,0.002245749117741447,0.0017596339961289953,-0.00012999675008118494,-0.004777806319034128,-0.0011428571428572232,0.0012325390304024353
2002-06-12,-0.0029557690277631776,-0.001292077524651436,0.0006371455877667298,-0.0016005121638924535,-0.00559930008748899,-0.0011701228629006355,-0.00010324179227749752,-0.003178235443681565,-0.011974832555307402
2002-06-13,0.0034957627118645807,-0.00027194234822236485,-0.004138809296402424,0.002757294004488653,0.004746835443038,0.00214773836641724,0.0015487867836860847,0.003698507843387322,0.004280472890338283
2002-06-14,-0.0008467400508043177,-0.001764506277570299,-0.006953324808184225,-0.0007673615551861968,0.015170444404783101,0.0065592934147291615,-0.0016494845360824906,0.0016518424396441134,0.013008465826966686
2002-06-17,0.0006354585892818232,-0.003179542687051784,0.0009657947686116941,0.0003839754255727801,0.003582303421099775,-0.001613007290792945,-0.009500206526228738,-0.004059368260814433,0.0018618121638396268
2002-06-18,-0.004323526310239356,-0.00578423459779398,0.0015276996060142878,-0.004094165813715467,-0.006229975080099703,-0.0020033604756366508,-0.0029190992493745016,-0.00617755699910838,-0.005758946935417564
2002-06-19,-0.006391450125733278,-0.00033617965440746467,-0.004174694926139977,-0.009378211716341234,-0.006542882404951378,-0.001813119212588199,-0.003554997908824853,-0.009932713873758492,-0.0022573363431152016
2002-06-20,-0.010574331329048392,-0.007275397143238438,-0.005723960012899099,-0.012125534950071293,-0.009458749343142392,-0.0062277002919234326,-0.015110178384050377,-0.011391585760517797,-0.007131214343928272
2002-06-21,-0.006079340546110368,-0.0003336224728097692,-0.01702748722938452,-0.007285854939284575,-0.005920250740031441,-0.005679221881323748,-0.006211378649051635,-0.0038627733403168163,-0.010882708585247647
2002-06-24,-0.008277130594727122,-0.004582890541976692,0.00041243916522315516,-0.00786828881248347,0.001045842774969552,-0.004332983193277462,-0.006989933209687327,-0.006769635228393023,0.00242424242424244
2002-06-25,0.009698720594304655,0.0038002533502234925,0.005112137203166167,0.008997000999666716,0.009502023579095464,0.0034287221416327007,0.008367071524966407,0.00463208046585506,0.010204081632652962
2002-06-26,-0.013536895674300276,-0.014326082670697349,-0.016981132075471805,-0.013210039630118908,0.012290701816886296,-0.0004599816007360147,-0.007387580299785812,-0.009748386246871243,0.01197852127220167
2002-06-27,-0.006069802731411111,-0.004448806018972795,-0.0037553200367187456,-0.003681392235609149,-0.004609929078014052,-0.006771415423049043,-0.006309998921367743,-0.0037248902487695412,-0.011231366142536392
2002-06-28,0.0029423701298700866,0.002623811085601835,0.003937007874015741,0.0023513604299629787,0.002132196162046851,0.005427588032830277,-0.0005970149253731183,0.004673521164374472,0.007613168724279973
2002-07-01,-0.003740018194682948,-0.004050434441758677,0.0015853149770548303,-0.0050268096514746174,0.002315227070347259,0.0,-0.0008689040947106319,-0.003987240829346095,0.0
2002-07-02,0.005386178861788604,0.000457516339869235,0.0007497500833055781,0.0037049511620075304,-0.00142272808109567,0.004805793285056037,0.0016306120230460408,-0.0017347211102215487,-0.0036900369003690647
2002-07-03,0.0024449877750609694,0.0020958868221114813,-0.0029967535170232207,0.00046979865771801244,0.003569516330537148,0.0017689838170740213,0.007814195789016543,-0.0022724234727976578,-0.003472931562819137
2002-07-05,0.008838643371017474,0.004077337892937072,0.003506721215663422,0.010397799691420184,0.006285919540230056,-0.002812295618050964,0.00958432048244684,0.004153269024651518,0.00761630300535221
2002-07-08,-0.014084507042253391,-0.009252019807141076,-0.012729844413012725,-0.011220289470189826,-0.013465627214741538,-0.002557880238735488,-0.008533333333333393,-0.012675116744496284,-0.009582059123343645
2002-07-09,-0.0069430468907224485,-0.007565470417070785,-0.006826226192482743,-0.004901631639025128,-0.007735583684950642,-0.004142556549184606,-0.0008068854222700317,-0.005405405405405461,-0.004465191800284041
2002-07-10,0.004853387259858399,-0.001162565394303372,0.0007636826474333169,0.004588394062078116,0.0028208744710860323,0.0038296467481016006,0.011574697173620363,0.0021739130434783593,0.004894962267999237
2002-07-11,-0.003727208622947731,-0.003988420714056029,-0.011192131592335008,-0.006380977968833856,0.014124798855712495,0.001315529829638784,-0.004470463012240522,-0.0027114967462039674,0.009886714727085577
2002-07-12,0.0023222940226175215,0.002903225806451637,0.0009432344366318013,0.0026363820726018616,-0.00035746201966047053,0.0049924456414636165,-0.003314444563241814,0.008292550299075607,0.002684840974803704
2002-07-15,-0.016679904686259128,-0.009964230965763932,-0.005739741283303346,-0.016855447680690472,-0.000714413288087079,0.004314007451467372,-0.01319459343488516,-0.009842254280706397,-0.0016494845360823795
2002-07-16,-0.0014870625557646955,-0.002357739119352553,-0.003015681544028981,-0.0023316417501028086,0.0028658427368797312,-0.0011714936544093835,0.0048918360691379,-0.002450980392156965,-0.002057613168724437
2002-07-17,0.0008930343322086642,0.0007014411427113121,0.004580416558638056,-0.0005499037668409423,0.012146482958665716,0.0033882843552486275,-0.0011899610558199214,0.0006825006825008639,0.007462686567164312
2002-07-18,0.0010926790503626993,-0.00019126554032522503,0.006710254645560854,0.0,-0.0007246376811596011,0.0026625105526332238,0.0012996859092384572,0.0034101759650797536,0.00041476565740361515
2002-07-19,-0.008763292634895725,-0.0063351282863477465,-0.011023756622799419,-0.010522696011004085,-0.006300630063006185,-0.0034974093264249495,-0.0016224986479176362,-0.003602501359434407,-0.009856262833675467
2002-07-22,0.005743711626064574,-0.000949367088607711,0.004233992914542517,0.0014596510738862367,0.00688780134130873,0.011438970492655631,0.019014084507042117,0.016372194556245168,0.006614303431169866
2002-07-23,0.01661129568106312,0.009133295011815923,0.009722939253140606,0.016449194891726693,0.011551155115511635,0.013944223107569709,0.0156823135399502,0.022618967715954286,0.013830678960603526
2002-07-24,-0.0012066365007541435,-0.005589075897110218,-0.008691947166595604,-0.005735745988391883,0.009065679925994274,-0.0008872552126244493,0.0016225269548832966,0.0057101601470201935,0.021841541755888372
2002-07-25,-0.005201560468140465,-0.0005712834835596148,0.004641966818533572,-0.004326625918549487,-0.00203101920236326,-0.002537266095781754,-0.015519673930083133,-0.0096586830255172,-0.00042808219178069873
2002-07-26,0.011637320380489813,0.007611128877518247,0.016342945152733712,0.012691405711132475,0.008566108007448614,0.009856915739268723,0.002972399150743099,0.006392092257001547,0.009071274298056098
2002-07-29,0.01053277431230204,0.004174694926140088,0.009176629062131791,0.014371339054624732,-0.007393715341959317,-0.009760705289672544,0.0031752751905165244,0.00785751702462023,-0.011739594450373536
2002-07-30,-0.01012248203259436,-0.009856915739268723,0.0002502711270542246,-0.009668972000268616,-0.006427915518824601,0.0006359300476945773,-0.010656256594218094,-0.021829521829521803,-0.003403531163582274
2002-07-31,0.008472846059615957,0.006399999999999961,-0.001084236864053456,0.005695301376364537,0.0,0.00699078487448368,0.01471686040311404,0.01222104144527103,0.0034151547491996226
2002-08-01,-0.004774966981611173,0.003017075362690802,-0.0055940552726058135,-0.008764241893076341,0.010766660478930934,0.001388450615336101,0.0038885969521806896,0.0030183727034120977,0.009263248599741702
2002-08-02,-0.003946569520340115,-0.008339168629447946,-0.001007556675062915,0.00034006665306418604,-0.0016679021497405522,0.0011344299489506326,0.0020938023450585153,-0.0028784508700770983,0.00043103448275849665
2002-08-05,0.003656307129798808,0.002808809447813587,0.002353336695242847,0.004215392983410338,0.019652305366590905,0.004910292728989685,-0.0016715419974926427,0.003280409395092443,0.014651213645309635
2002-08-06,0.021369294605809275,0.01839812768170601,0.015763877242998436,0.02437373053486791,0.002272727272727204,-0.001754056255089953,0.013551695269987452,0.02138373005493066,0.015094339622641284
2002-08-07,-0.010063668104333678,0.0018236290217532591,-0.006356281987782708,-0.010575016523463154,-0.015476412455715072,-0.00803263256981479,-0.010169841515667688,-0.012868941673602752,-0.0090189177298724
2002-08-08,0.008805552677923822,0.00497447309857324,0.00556617097283385,0.011756847027388106,0.006002626148940093,0.0006958942240780086,0.006571398769166681,0.004021273835776551,-0.0008791208791208982
2002-08-09,-0.006279596458719228,0.0028224483098127084,-0.007352941176470562,-0.007658787798758837,-0.004295853567426233,-0.005879377923884266,-0.00932642487046631,-0.0073643410852713975,-0.006116207951070263
2002-08-12,-0.006545305788504874,-0.005353528758895165,-0.010819808572617662,-0.0043246839654025315,-0.007047477744807185,0.0008903020667727635,-0.005439330543933196,-0.007028504490433463,-0.0110174983797795
2002-08-13,-0.0009195872075201672,0.0004572175048986882,0.0019352124526714753,-0.000868693618442884,0.0020442296970821783,-0.005146451489929427,-0.006205300799326796,-0.0038012845720277744,0.0036860364267128354
2002-08-14,-0.008107834194790886,-0.008548115529076639,-0.02141417534430634,-0.009296415195291563,0.0011162790697674119,-6.386511687317409e-05,-0.008149010477299212,-0.006447368421052535,-0.002163565556036362
2002-08-15,0.005195599022004949,0.005338541666666696,0.006436110872736656,0.006345777357726234,-0.01249311041704948,-0.004726320495625047,0.003841229193341844,0.0035756853396902155,-0.009854327335047097
2002-08-16,-0.0020333468889791595,-0.0007806401249021988,0.001961118690313901,0.000536660629234742,0.0005514705882352366,0.0016684848873771418,-0.0025510204081631294,-0.007785695434151529,0.00021427040925647844
2002-08-19,0.0062404092071612904,0.006547930853850081,0.00868011233086552,0.006704659738518304,0.0033198081888603514,0.006790953936831379,0.006393861892583175,0.0031919138183269524,0.0008578168561013122
2002-08-20,-0.00040903977911843636,0.00039303026333037394,0.0026153716358727763,0.0007992007992008165,-0.007686676427525518,6.363347120608154e-05,-0.0041296060991107275,-0.0037120509081267627,-0.00575692963752672
2002-08-21,-0.0017354022049818063,-0.0018960444589737335,-0.0025244025580611895,-0.001863312703799802,0.003673769287288575,-0.008271824891830093,-0.006166932482721932,0.0038589487691282898,0.00881910088191007
2002-08-22,0.010209343095802792,0.006779884149552329,0.011051121984140266,0.012600840056003593,0.008521674694331294,-0.001283202874374445,0.016154916015833853,0.013653234358430577,0.002155636990730736
2002-08-23,-0.0029816985399957474,-0.0015116661189614744,-0.002670004171881457,-0.003950487226757948,-0.006442113013068407,-0.00019272773994605252,-0.00431669825226344,-0.0027461749705767202,-0.004933504933504973
2002-08-26,-0.0005138218065975364,-0.0013783145182462153,8.366100560541767e-05,-0.00019830777366469654,-0.001653803748621785,0.0007710595643513063,-0.007613408057523641,-0.004720692368214041,-0.0023539482131392786
2002-08-27,-0.00845730588954563,-0.004508330610911382,-0.010289442864313214,-0.010314049586776952,-0.016624503071919094,-0.0033386837881220766,-0.01038891848694723,-0.00843214756258237,-0.00953793980500206
2002-08-28,-0.0006109979633400764,-0.003775304302545135,0.0,-6.680472977482754e-05,0.004355716878402971,0.004895960832313362,0.0020995962314940275,-0.0007972362476748041,0.005970149253731405
2002-08-29,-0.0009156577474819239,-0.007814518212348243,0.00025357112670110205,-0.0018038482095136255,-0.001268805510241,-6.410667350476018e-05,0.0022563661759964493,-0.0005319148936169249,0.0017086715079026593
2002-08-30,0.002345502753416273,0.0005169294391313972,0.0035490958255872673,0.004417375008366253,0.004003639672429449,-0.0008334401846391559,0.007718696397941871,0.002740819584885479,0.0006411626415900873
2002-09-03,-0.015362988251832577,-0.009535999999999878,-0.013809363422027654,-0.018458052908642553,0.0054894784995425105,-0.00256657042027586,-0.003297872340425556,-0.008040761085900794,0.0030010718113613333
2002-09-04,0.0036279351002719284,-0.0010868175425138293,0.007599043715847076,0.0014256619144603633,0.00404188866433941,0.007590865229977428,-0.002027964563987683,-0.001738897806313533,0.002148227712137407
2002-09-05,0.0012107759055597356,-0.001149425287356176,0.002796373188712842,-0.0012202562538132788,0.004428861413544816,0.0005746025665580579,-0.00042780748663096,-0.001741926839072705,-0.0019296740994853012
2002-09-06,0.006908462867011966,0.004039238315060478,0.0011830319418624224,0.006244485169347724,-0.008779952441924088,-0.002233282286880911,0.0025251444468221695,0.00483221476510054,-0.008081667375585022
2002-09-09,0.0026484669450950182,0.0007699711260829023,0.0031228899392301557,0.0015514333895447763,0.0,0.0015987721429941981,0.0003095116120219732,0.0022041143467808055,0.002131287297527873
2002-09-10,0.006665299425758997,0.0026376737004631945,0.007824989482541067,0.007543103448276023,-0.00018288222384788,0.004788660452049509,0.005654841291010904,0.010636454515161597,-0.0017021276595745594
2002-09-11,0.002879473467708671,0.0033565711334881954,0.007179829687760986,0.007152406417112234,-0.0014609203798393589,0.002096968926733167,-0.0010079040899686476,0.0020706118196325285,-0.0006378907080586416
2002-09-12,-0.003790595225898863,-0.0036658306000385554,0.0003315649867374759,-0.0016592553262095855,-0.007611453425154013,0.00494610019023467,0.0003186066270177701,-0.00881811002895505,-0.007805907172995785
2002-09-13,0.0018474802422250303,-0.002309913378248263,0.00679482930062969,-0.0014625714665602585,0.0025436046511626564,0.0006309944472489004,0.0035035566408323504,0.001527021643872084,0.0
2002-09-16,0.0020569782988790752,0.009391191709844371,0.005514403292181003,0.005326231691078487,0.0030982321851651395,-0.001765670324126667,-0.009310198899703637,0.0008617832283726035,0.006369426751592355
2002-09-17,0.003923593185338303,0.006322101283973147,0.0038470983056395625,0.006754966887417169,0.0023748629886737316,-0.002463676563487005,0.005232806492951658,0.003974036296198191,0.0031948881789136685
2002-09-18,-0.010624169986719889,-0.011723027375201367,-0.00937703848662752,-0.01447178002894356,-0.002005469462169618,0.0027863973149262478,-0.011685966216933963,-0.009697849320490892,-0.001913265306122347
2002-09-19,-0.0028521951716410365,-0.001286587327114841,-8.23113013416199e-05,-0.0041382992924843265,-0.004537205081669771,-0.006820334701610253,-0.006449532408900449,-0.006128838851508833,-0.009267059814659029
2002-09-20,-0.002235999593454552,-0.0008355829798174508,0.013829436944353013,-0.002680965147453085,0.008418740849194917,0.00019075475297247735,-0.005409499080385238,0.003820631409611863,0.00871043127257276
2002-09-23,0.0017308083893301518,-0.0010914927768859162,0.0062520298798312,0.0020161290322582293,0.0031209840279053935,0.007310870947234704,0.00543892091808984,-0.0014690170940171443,0.002129018522461168
2002-09-24,0.0007131940906772716,0.0006424670735625249,-0.004437989187444646,0.0005365526492286943,0.00036730945821839,0.0006942253076680505,0.002704749540192619,-0.003477330480139207,-0.002336448598130758
2002-09-25,0.0018372971317750508,-0.0038399999999999546,-0.005349327281569116,0.0010054967153774186,0.0,-0.0027749747729566288,0.004024600776866727,0.0032210441551470126,0.0012760527435133895
2002-09-26,0.004305484366991408,0.003983807749148527,-0.0010593220338982468,0.0064287149266724075,0.00036744442403091604,-0.0027194535795598274,0.0070604924075525766,0.00468227424749168,-0.00021263023601947317
2002-09-27,-0.0017396643471142559,0.0009647543092359268,0.0022024634962067857,-0.0013972985561248041,0.0005514705882352366,0.0005073244974318492,-0.007149717212677431,-0.0013315579227696217,-0.0006374840628984302
2002-09-30,-0.010831055774875864,-0.009681528662420447,-0.009116067068207778,-0.01665778251599137,0.0020261558298029225,0.005450972935285403,-0.0032244196044712847,-0.01200000000000001,0.001702852277564837
2002-10-01,0.0020286033066232445,-0.0005092946269414922,0.008132084770823056,0.0023715950670823993,0.0012910365178901984,0.0,-0.005930558550787168,0.002024291497975561,-0.002547770700636831
2002-10-02,0.0017272912009753671,0.0033854998403064496,0.00391102419946221,0.002906780233894457,-0.00367511944138188,-0.0005043182247999045,0.00021694326933507924,0.00040404040404040664,-0.006957621758380661
2002-10-03,-0.002937898895755242,-0.003120224146714201,-0.0013797581365148082,-0.0028309517390131544,-0.004208600182982525,0.003027436140019102,-0.002494306474352004,-0.003634894991922488,-0.007117437722420128
2002-10-04,0.005091131249363556,0.0008922880815804834,-0.00016254876462951096,0.006691902122482052,0.0007324665812120656,0.002515248695214689,0.0065231572080886036,0.003648155654641272,-0.0014632107023409002
2002-10-07,0.0005093724531377575,0.00300453877133533,0.011542838562835334,0.0004700194722351281,-0.0065490267418590875,-0.0013171924982751104,0.001836249729963324,-0.0006058158319870444,-0.012386457473162804
2002-10-08,0.0020416496529196415,0.004753034876999296,-0.0014464802314367864,0.003959731543624168,0.004936014625228413,0.000816480341665482,0.008409703504043131,-0.0007408904155721263,0.004979253112033399
2002-10-09,-0.007296311309282544,-0.0016672010259698444,-0.005713825849026244,-0.008155625376027764,-0.0027347310847766204,-0.00012550988390336304,-0.0067358066930397476,-0.0016176867080076596,0.0022873778332292982
2002-10-10,0.0007098671534326861,-0.0019199999999999218,0.0007284500202346944,0.00026959627957134913,0.0021925817650283452,-0.0010669679281993805,-0.0013455328310010284,-0.0022279233054279812,0.0029197080291971655
2002-10-11,0.0007103714227725266,0.00128164049983992,0.003235198964736341,0.0012802371807829616,-0.0021877848678213407,-0.0017592359889418985,-0.0033953112368633187,0.00047364503687652437,-0.0024963594757645424
2002-10-15,0.004485219164118259,0.004053532363917034,0.004998387616897748,0.006594885598923295,0.003292482165721644,-0.001951158106747175,-0.0005407743889250805,0.005951575814960197,0.0025026068821689673
2002-10-16,-0.0014250814332247286,-6.433764395530339e-05,-0.0028878549655061425,-0.0022730311538976533,-0.0036449790413705108,-0.0010720817304660235,0.00010821339681865716,0.004033884630899376,-0.002703826955074984
2002-10-17,0.010907594155175948,0.001159420289855051,0.004022526146419958,0.013066202090592283,-0.0023636363636364566,-0.007260101010101105,0.015202337156459578,0.023838221507968438,-0.0008312551953448821
2002-10-18,0.0010300782859495872,0.0041394476424552185,0.005769230769230749,0.0013889807526952236,0.00036376864314302537,-0.00012718600953898207,0.0001598721023181593,-0.002289077828646069,0.00020785699438796712
2002-10-21,-0.002466091245376001,0.002788947982877321,-0.006453154875717071,-0.0019815059445179584,-0.005786618444846514,-0.002607644851491453,-0.0052216538789428,-0.004523107177974439,-0.005375232582179201
2002-10-22,-0.005111429155591929,-0.0029101726702450703,0.003047069200545316,-0.006287227001985363,0.0005427899402932201,-0.00012753475322024865,0.0010176754151043355,-0.0010536020018437897,-0.002063131834124099
2002-10-23,0.001023331968890595,-0.0023227304987419872,-0.007354704612678842,-0.000732600732600841,0.00018096272167933414,0.00031887755102033566,0.004334100272887831,-0.0025049439683586527,0.001239413344350293
2002-10-24,0.003079449804968215,0.001356764439850222,0.004832085044696788,0.003865635830445191,-0.004324324324324502,-0.004781638508128849,-0.0015982951518380695,0.0011895321173671647,-0.0032942145357216512
2002-10-25,-0.0025596396027438573,-0.0035408485160625114,-0.005049290694878583,-0.003186827778515422,0.0009017132551849549,0.004228058936579293,-0.0031483457844182494,-0.004488448844884418,-0.0022596548890715384
2002-10-28,-0.007721223204307681,-0.004422509934623897,-0.004027710649266991,-0.00879179432529642,-0.0071620411817368,-0.004401633069660682,-0.010545474011027234,-0.004972815276488629,-0.005109339873288321
2002-10-29,-0.0008121002943863864,0.0010907924286174264,-0.008815917178906507,-0.000806343233436313,0.004315770544865982,0.0016018453258153098,0.0009197143475438985,0.0008662624108748407,0.00824232433546257
2002-10-30,0.0016268429079815405,0.0010919835560123659,0.0029375764993879727,0.0015467383994620665,0.005969609261939457,0.002878710337768764,-0.0035133236041295923,-0.0009986684420771885,0.00580310880829038
2002-10-31,-0.004655399251087822,-0.0039667306461932395,-0.0010576844845822109,-0.0059088162223864815,-0.0036049026676280294,-0.004273776870574841,-0.0032002603601649637,-0.006264578473842097,-0.0063838550247116155
2002-11-01,-0.009026175910139544,-0.0005115743701240572,-0.0050496823586904105,-0.008915906788247163,-0.008400357462019725,-0.001921844971172204,-0.0063666539696357605,-0.009456106230299799,-0.013008130081300862
2002-11-04,0.0018084999497640641,0.005982631071083766,0.0024557956777995216,0.0018401144960129567,-0.002673796791443972,-0.0011553273427471478,0.003833515881708438,0.0018957345971564177,-0.009262988320579923
2002-11-05,-0.004102461476886199,-0.005119999999999902,-0.005062877674342547,-0.004421768707483009,-0.0008904719501333647,6.425909266161156e-05,-0.0020731042007635647,-0.004054601973239702,0.0008061265618701796
2002-11-06,0.0020052135552437456,0.0022450288646569394,0.003118844386080122,0.0019132217287325393,0.0,0.001477864165006837,-0.0009840367373715742,0.0024426652191613663,0.0022217733791152217
2002-11-07,-0.011692429647245595,-0.01304127627247409,-0.007854688267059373,-0.01070722226011056,-0.007950530035335635,-0.0037212883356858573,-0.009357557185071697,-0.01570326248815479,-0.008411776487082023
2002-11-08,-0.004635565637636674,-0.007477222745837286,-0.012699983506515022,-0.0049634633944574125,0.00035348179568761573,0.007470376094796505,-0.00891564933988842,-0.006752853802778125,0.002610441767068261
2002-11-12,0.003364670954972837,0.002267145286227068,-0.0012529234881389906,0.0021477068033808333,0.008556149732620089,0.006072615699309614,0.0019173317875773588,0.003198604245420178,0.00707785642062686
2002-11-13,0.004473161033797135,0.0018296529968453434,0.0059379443004099475,0.007742827514690687,0.002143622722401206,0.0016519473918292782,0.0030040053404540856,0.005935127674258078,-0.0022195318805487974
2002-11-14,0.002591189954155748,0.003927033189764506,0.0014133688061190863,0.0026068464018660364,-0.004976892996800597,-0.0010783380907072315,0.004215196894065576,0.0008232711306255247,-0.007807807807807765
2002-11-15,-0.004760960126958813,-0.0001266624445852571,-0.0006641760066417035,-0.004994868286007592,-0.00035536602700791953,0.004254508509016874,-0.004749806693913783,-0.00603235536057023,-0.0006002400960385401
2002-11-18,-9.917683229188068e-05,0.0,0.006480019938522874,0.0008939623160502119,-0.001242236024844745,0.005564337654125895,-0.002330743618201847,0.0,0.004623115577889525
2002-11-19,-0.002374591867022824,-0.005667506297229341,0.004127115146512539,-0.0019237375472345164,0.00931398889485946,-0.003144060869018528,0.0008899766381131879,0.0055172413793103114,0.002619911326078306
2002-11-20,0.008280127693535588,0.00825396825396818,0.007151664611590558,0.008398155159358378,-0.00214477211796249,-0.0008200340629532787,0.005890852506391209,0.00274348422496562,-0.0024125452352233845
2002-11-21,0.004006410256410131,-0.00019043991620626421,0.00326477309826978,0.004437162946276052,-0.0048025613660619415,-0.0035984848484849064,-0.0035359116022098958,0.0012995896032832466,-0.011133200795228504
2002-11-22,0.0018061408789884492,-0.001584484725567492,-0.0006508298080052377,0.0036699741742556302,-0.0028378857750974706,0.001330545523664739,0.002384120647593635,0.0008880388004643969,0.0009950248756220859
2002-11-25,0.002918385830733561,0.00708495563924183,-0.004233148811462195,0.004807692307692291,0.008586762075134091,-0.004365983295368303,0.00636097129266,0.00436800436800433,0.006408972561586124
2002-11-26,0.0024210632502774665,0.011753309654504163,-0.003515369522563705,0.0026282094480760687,-0.0012506700017864691,-0.0009532888465203504,0.0043420907991646995,-0.0021065506931230438,0.008686868686868854
2002-11-27,0.0018191005558363393,0.0029145077720207357,0.00262531790959053,0.0011426266971368282,0.006111810174366239,0.00190839694656475,0.0035571608383955233,0.0021109976166155953,0.0050761421319796
2002-11-29,-0.0037253322593635563,-0.007265479328746771,0.004173144587185984,-0.0023497818059752262,-0.0067845027673629765,-0.005841269841269758,-0.010142872723306828,-0.0032617559119325623,-0.011044176706827225
2002-12-02,0.0005036768409385495,-0.00012857602057225748,0.015400912646675424,-0.0010094212651413637,0.0017885888034341324,-0.004023502363009301,-0.00016527104451302677,-0.0027270248159257937,0.0010050251256279452
2002-12-03,-0.004113162118779989,-0.008414610824249324,-0.0015247572425969302,-0.005254294375210522,0.0003578457684738634,-0.0014107085604361247,-0.001157088544823437,-0.001640689089417613,-0.002206177296429801
2002-12-04,-0.003100310031003195,0.00031883688305067714,0.0033756630766756945,-0.002573305342994381,-0.002676659528907943,0.00038528221922562444,0.0012135922330096527,-0.004382360996987078,-0.004194128220491478
2002-12-05,0.0010011012113326778,-0.0016552075375603215,0.0012015379685996752,0.00013578654355361763,-0.0017812611328821282,0.002118236087040204,-0.000550964187327696,0.0027510316368639653,-0.0021921084097249466
2002-12-06,-0.009126078762027534,-0.0013986013986013734,-0.01040083206656528,-0.00875704297060631,0.0019632339817954314,0.003074558032282848,-0.0067254685777288215,-0.009327846364883374,0.0005982053838486934
2002-12-09,-0.0006938937351308461,-0.0034843205574913716,-0.0026679602231385324,-0.0004793863854265501,-0.004795737122557542,-0.002873563218390718,0.00033300033300043275,0.004084741068955955,-0.004169976171565004
2002-12-10,0.0014891293557033336,0.005478055927129022,0.0024319066147859836,0.0022610483042138085,0.006255585344056902,-0.00019212295869364127,0.001997336884154377,0.0033786113217955105,0.0005960659646335742
2002-12-11,-0.000991768322919584,-0.002858231707317027,-0.0016173378618793421,-0.0004785343177469148,-0.0021401819154627244,-0.0032026646169612816,-0.0009966777408636496,0.002542605827377642,0.0021903624054160353
2002-12-12,-0.01040337619000875,-0.0035443037974683955,-0.005750850477887481,-0.00895971547773744,-0.0077862325252169295,-0.0007711091119394498,-0.008480212836714407,-0.012612242100212612,-0.014327772325809507
2002-12-13,-0.0036182280461569682,-0.006039255158530321,-0.01661914460285141,-0.004761904761904856,0.0008855827134255367,0.003408360128617449,-0.00016770082173400702,-0.0046511627906976605,-0.007982866043613757
2002-12-16,0.0015670910871694588,-0.0005658597925181086,0.004722061138265232,0.0018722696068234068,-0.002473498233215521,0.0015381657373580992,-0.004584591300458518,-0.004045194587808609,0.00019474196689395207
2002-12-17,-0.005551767799746865,-0.0036334022426861567,-8.245382585758687e-05,-0.008651716500553852,0.0,-0.007487041658667759,-0.003650864974163004,-0.0031512605042016695,-0.007537688442211143
2002-12-18,0.0012677979325139699,-0.0023125000000000506,-0.001236909375773032,-0.0018850799413530073,0.001769911504424737,0.0018052869116700343,-0.0001691188905801333,0.0010537407797681642,0.006027610344156997
2002-12-19,0.003621415288245,0.0008757662955085621,-0.002146631439894353,0.0009792949076665725,0.0,-0.0038615008366584824,0.005412719891745521,0.00028070175438599243,-0.00425943852855748
2002-12-20,-0.004966887417218402,-0.001810802372775533,-0.0028131722654310964,-0.004192872117400381,0.005695977216091164,0.003036568032045439,-0.005720053835800876,-0.004069033253823462,0.002912621359223211
2002-12-23,0.004991680532445919,0.009136735979836219,0.002074344507135839,0.0,0.0008907892392659988,-0.0010950080515298444,0.007332205301748385,0.000633981403212136,-0.00038819875776396895
2002-12-24,-0.008539543910722869,-0.005514475498182736,-0.004140101018464848,-0.010736842105263267,-0.003019538188276938,-0.0016765540366262544,-0.00739081746920478,-0.006828581485392449,-0.0029030385136443737
2002-12-26,-0.005116817918517147,-0.0012517211165352649,-0.001247193813918579,-0.004114350571043479,0.0005331437711035836,0.003229556904792652,-0.005979241877256403,-0.005954068613552743,-0.0013529184383455073
2002-12-27,-0.005090769378541804,-0.002746223942079462,-0.0016650016650017196,-0.0060545622907614005,0.003388017118402198,0.009721864537728608,0.00022698899103401615,-0.0012835139760409842,-0.0015438054805094747
2002-12-30,-0.004684512428298482,-0.0013712291199202697,-0.012841894596397618,-0.0022932492475274957,-0.004968062455642297,0.006950200854428212,-0.006013843186202239,-0.005997429672997212,-0.013891531874405172
2002-12-31,-0.002384358607534498,-0.0031686859273064583,0.003125527960804231,-0.006392759660968306,0.001955555555555488,0.0005065856129686797,-0.00742009132420085,-0.00337595173107319,0.0030540179423552694
2003-01-02,0.01196795676093032,0.007511737089201942,0.009347368421052549,0.013156943540808319,-0.0007106057914370023,-0.0031645569620254443,0.011155836687751552,0.009297297297297336,0.003255457679050222
2003-01-03,-0.005471299673641794,-0.0043627298223747335,-8.343066911398189e-05,-0.0028540849090260556,-0.0045977011494253706,-0.0053968253968254,-0.008530482256596805,-0.006569551556698028,-0.004574914220358273
2003-01-06,-0.004871525456108361,-0.0021766169154229242,-0.006591572799332424,-0.0033631484794275357,-0.01856994099271103,-0.0042770507500797805,-0.004588734656418625,-0.005606670500287625,-0.015944475708122408
2003-01-07,0.004798925040790714,0.0015571473061353203,0.009407021669746385,0.003948879954049467,0.0015644011819921921,-0.0005128862674702583,0.0020744496945950264,0.002168570189388541,0.003576807228915513
2003-01-08,-0.0026801952713696453,-0.0004980389715496525,-0.006906307205857942,-0.0014303082314238713,0.0006957731779440035,0.0014753046824886873,-0.00011500862564683967,-0.0012261973456434427,0.0020750801735522906
2003-01-09,-0.0019107671730199671,0.0017461802307454644,0.0018433179723502668,-0.0014323569433503103,-0.0027753686036428027,-0.004611541663997909,0.0021854152288933726,-0.0010832671336751254,-0.0009423294383715808
2003-01-10,-0.006454674893213275,-0.0027364885875990064,-0.0010872292381031157,-0.005952807860575393,-0.009450171821305697,-0.0025094910237436485,-0.004016986112704957,-0.005783689994216301,-0.009889904832991459
2003-01-13,0.0,0.0030567685589519833,-0.0034326858673811023,0.0005772005772006761,-0.0022286987827876414,-0.005096116630112224,0.0023622954597832813,0.01105293775450833,-0.004273504273504147
2003-01-14,-0.003405543467978278,-0.002489110143123696,-0.00898933042090233,-0.002019036631093263,0.00017146776406029574,-0.001750632172728972,-0.0030465022705062905,-0.002085730724971202,0.0
2003-01-15,-0.0004727685325266462,0.002557863871732513,-0.00042387249915221137,-0.0007947976878611707,-0.002735978112174964,-0.0027929332294102105,-0.00023062730627310124,-0.006270270270270273,0.00037174721189581206
2003-01-16,0.0006623143154509403,-0.0027375101101225763,0.0009329149351200439,-7.231180851829944e-05,-0.0037478705281090985,0.0008467400508043177,0.0006920415224913601,-0.003191180736872634,-0.009390535812925815
2003-01-17,-0.008536585365853777,-0.006183144747418545,-0.0011862396204033177,-0.010847555684119214,-0.006600101540023662,-0.0007158661980996017,-0.0059359151682804034,-0.006257275902211923,-0.014516421702050475
2003-01-21,-0.0015922075489369636,0.003101159833777789,0.005853410247709467,0.0006579909343471524,0.0071586841656723355,-0.0014978834255944262,0.00365238564554482,0.017864987553082523,0.013610446937649456
2003-01-22,-0.004846677229937479,-0.0024130676896424452,-0.0035422113519438803,-0.004237597720464725,0.0008529512111905557,-0.0005217845030002222,-0.0038123844731978718,-0.00820025895554588,0.0
2003-01-23,-0.003529302498374687,-0.00437380644366403,-0.002708421498095692,-0.0035952747817153963,-0.007786052809749422,-0.0054815974941268,-0.002667285167575084,0.005874673629242766,-0.007303268212525138
2003-01-24,-0.0053579676674365695,-0.005330882352941102,-0.00025460409063904343,-0.0038291605301915554,-0.0023640661938533203,-0.001312335958005284,-0.008720930232558044,-0.008940803230225725,-0.00454380225372597
2003-01-27,-0.0011994832995018134,-0.0018959085071250659,0.007130730050933787,0.0019219396806622324,0.004409769335142366,0.0017082785808146816,0.0,0.0036376864314295876,0.0018208302986162384
2003-01-28,0.0004615526631590594,-0.0029878048780487276,0.0002528658125422467,0.00044267374944673143,0.0015287922541191712,0.00741178013905297,0.0009384164222872027,0.0002174700978616606,0.003654970760234022
2003-01-29,-0.002578031488813304,-0.0034635717323935333,-0.004550433976573731,-0.0035398230088496963,-0.0035545023696682554,-0.008073442281398502,-0.00679714051330127,-0.0038411363965792367,-0.0036416605972323657
2003-01-30,0.00788789903489251,-0.0015168062128383397,0.00922712266147463,0.008658969804618222,0.006130790190735702,0.004922874958976031,0.004719764011799521,0.003273917788286562,0.007891356212148981
2003-01-31,0.0034453859763476924,0.002067120622568197,0.006207012246267407,0.003962139555359956,0.0020477815699659896,-0.001567602873938534,0.01162654139753383,0.010297316896301867,0.001654411764705932
2003-02-03,-0.002044419663600028,0.0026211520877781336,0.004251417139046421,-0.003800336183585551,0.0029094643162759226,-0.0051681276985476865,-0.005688414209426673,-0.0008613264427218548,0.00018385732671433175
2003-02-04,-0.01048275862068948,-0.004550970873786198,-0.005976591682576582,-0.010123982099625839,-0.01066711818489674,-0.0040113105806536264,-0.00840630472854631,-0.006752873563218298,-0.008386508659981695
2003-02-05,0.003043718871056811,0.0015192950470981348,0.00025052192066810086,0.003483287630623444,0.0006777363605559028,0.0032351776046481984,0.004945249028611709,0.00752205988716903,-0.00036449790413695116
2003-02-06,0.0012929442186924156,0.006175859117035776,0.001252295875772358,7.385524372227614e-05,-0.001353637901861382,0.001184600197433383,-0.00702987697715296,-0.006317300789662528,0.000547045951859948
2003-02-07,0.0024997685399499314,0.0042986981085726406,0.003918952722421487,0.0031755409497082887,0.0011858377096392037,0.00013146650890694112,0.001769911504424737,0.0014448779078166663,0.0012780719371918714
2003-02-10,0.005679702048417168,0.0005529953917051689,0.007059800664451776,0.005594817432273302,0.00152697658635903,0.006572461386789463,0.006478209658421719,0.002380608858750577,-0.0020043731778425222
2003-02-11,-0.0006513445612728042,0.005063916507132671,-0.0004948453608247805,-0.0005124450951684567,0.00016969285593071426,-0.0007835455435847294,-0.0038619075482737575,0.00035984166966529507,-0.0001821825469121574
2003-02-12,0.0028928704740573963,0.0023522129371711387,0.0009076656489810375,0.003442466857101145,-0.0011864406779659165,-0.0008495066326864587,0.0014685150375939315,0.0033093525179854755,-0.0005462490895848937
2003-02-13,-0.010891637437696056,-0.003331482509716932,-0.006677658697444411,-0.010291970802919659,-0.010067114093959773,-0.005951602354480001,-0.013431872837116554,-0.0018643338591710634,-0.008127144663174879
2003-02-14,0.003241040837114406,0.006457621856566176,-0.000663955514980441,0.004351353344641762,0.006586725215335321,-0.0005263504177906997,0.003923900118905976,0.0015804597701150058,0.0036251586006887937
2003-02-18,0.008498319013821476,0.0115570629985553,-0.012291337928743373,0.009325892201498043,0.0015223274695534972,-0.0026989664933183555,0.009593746298709016,0.0073160235260365525,0.0018158707100053295
2003-02-19,-0.003350707371556294,-0.002256063169768674,-0.002354326074161306,-0.003492178974172533,-0.00521622076392414,-0.0006600660066006236,-0.0055138432660721826,-0.002136143548846614,-0.0032579185520361653
2003-02-20,-0.007115793364753764,0.0020094191522763705,-0.0039612305099030465,-0.010002190260640864,-0.007017543859649034,-0.006142668428005371,-0.00778577326884522,-0.011488511488511488,-0.00932400932400923
2003-02-21,0.0031519421525911806,0.00384518406454859,0.005077001184633501,0.004277286135693004,0.002176825184193154,0.0003322921512594057,0.00582570443466901,0.010611419909045017,-0.0008957362952347614
2003-02-24,0.00037095427988487195,0.0002522068095840435,-0.008418925745074968,-0.0019092377735350219,-0.01403334984315685,-0.007175126229072681,0.0005910165484632746,0.005928571428571505,-0.012734347364697585
2003-02-25,9.274717121132703e-05,0.008456794048451677,-0.005433859738495528,-0.003972925250147252,0.0006608293408227883,-0.0010706638115631772,-0.0014176018901359555,0.004146843712277359,-0.0005303164221317491
2003-02-26,-0.0013892747985552178,-0.004998101986587344,0.0004268396790165774,0.0008863938543359762,-0.0036213991769548093,0.000736870310825255,-0.0037856382349461537,0.0017395731681446591,0.0008846426043878086
2003-02-27,0.0031589705472452323,0.0005063932143307692,0.003327929004181218,0.0035424354243542844,0.0034687809712588002,0.0010040832719726556,0.0072437952737205435,0.016236058167443224,0.005693950177935836
2003-02-28,-0.0014843677521105825,0.003876215288809659,0.005443102568464031,-0.0030151492866598018,-0.0034567901234567877,-0.004948508760198034,0.002711624616835717,-0.0041678243956655425,0.007168458781362075
2003-03-03,-0.005168435625288348,-0.0011424944462073983,-0.0024530536288275284,-0.0065648742347126365,-0.009941329856584136,-0.001814516129032162,-0.0009406231628454886,-0.00020926339285709528,-0.005347593582887722
2003-03-04,-0.004410548561977423,-0.004108723135271775,0.0002543881963876782,-0.005049005049004962,-0.0001629460648524539,-0.005251464350636281,-0.008473578910203505,-0.0032791460266518024,-0.0003563791874553468
2003-03-05,-0.0076593416613477405,-0.011435355870774377,-0.005425567989148838,-0.007537313432835813,-0.0038954715143644236,-0.0032487309644670948,-0.005578635014836908,-0.011759764804703865,-0.006373937677053743
2003-03-06,-0.0027280167318358695,-0.0028662221945290334,-0.0008523695874530501,0.0011279043537106848,0.003093454900683801,-0.0008827323962788958,-0.0015516829792313613,0.011828870944893044,-0.0012378426171529844
2003-03-07,-0.00154349010350463,0.0018102372034956016,-0.0063982255587783365,0.0018026137899955774,0.0008147303242624915,-0.003330161750713656,0.0009563658099220884,0.010220511025551104,0.007662152530292232
2003-03-10,-0.004339179171940044,0.0008121446866995452,0.0006868721559198931,-0.006822612085770063,-0.0032483352281955646,-0.0004091374019774552,-0.0007165890361875427,-0.004227011295128591,-0.00035625222657642563
2003-03-11,0.003083061298512879,-0.0019329093403166464,0.004461604461604374,0.005208726504114081,0.019370860927152345,0.004502353502967349,0.009800406358312364,-0.0011134307585246583,0.01463943611060925
2003-03-12,0.000453597024403507,-0.00564201128402253,0.0009396087810713549,-7.509762691493282e-05,0.013592884712199993,0.00020373514431248907,-0.0021304296366434494,-0.007245367145046644,0.0052688953488371215
2003-03-13,0.014075436982520673,0.004484025658591406,0.009643283836832106,0.013143071723620059,0.0030297929641476262,0.008623030961433908,0.008184082552485039,0.009122807017543977,0.006767880007316762
2003-03-14,0.013519813519813573,0.01491688262435975,0.0023666638492096936,0.014825796886582587,-0.004190412336574023,-0.00222147425109398,0.009058823529411786,0.008762169680111231,-0.007984031936127844
2003-03-17,0.011220064114652262,0.00886366534880767,-0.0011805379880259759,0.011322132943754726,0.007429922323539451,0.0008770746188100365,0.010609770315961109,0.013994209292706339,0.004557054320087683
2003-03-18,-0.0016942771084338393,0.003712237583205491,0.003799071338117299,-0.00014445648248462284,-0.000843597098026061,-0.0031681833501854273,0.0035763728657129956,0.013937045346386512,0.0010948905109486873
2003-03-19,0.003210576015108657,-0.0015337423312883347,0.010344827586206806,0.004334320595246632,0.002367664468120978,0.001081958344603784,-0.002758937808943429,-0.0026149926243798083,-0.004541326067211471
2003-03-20,-0.0021671534910016055,-0.0014039566049777186,-0.0006659452260051602,-0.0023735884341509195,-0.0037068239258635227,-0.0010807889759524292,-0.004149855907781164,-0.003361344537815225,-0.005420054200541924
2003-03-21,0.006448553816974734,0.0006385696040869249,0.011411911703457012,0.009372746935832676,0.005080440304826572,0.007911820394914892,0.007408264845468304,0.006947723440134945,0.009668004377964223
2003-03-24,-0.009301014656144413,-0.005588011176022367,-0.006012189095700893,-0.010928571428571288,-0.0070623843954936705,-0.006709158000670956,-0.0032172813972192182,-0.009914255091104107,-0.005803409503083001
2003-03-25,-0.0027171367000842217,0.002610301139619242,-0.005468555804126196,-0.00303314797429044,-0.0035187667560321323,-0.0023640661938533203,-0.00023054755043239172,-0.008119079837618393,0.00036284470246727984
2003-03-26,-0.0003746370703382462,-0.002223351543641283,0.0008331250520703382,0.0015936254980080111,-0.0006697923643669279,-0.003994583615436698,-0.002306007148622058,0.0010914051841746097,0.008046817849305166
2003-03-27,-0.0028950317519610413,0.004210257718805677,-0.00291351036377252,-0.001446445360526516,-0.004666666666666708,-0.002583101080823935,-0.0012134519819716472,0.0019760152630143857,-0.004913557779799849
2003-03-28,-0.005017654711020336,0.00019141198239025492,0.0033394556687260657,-0.006011443470703259,-0.0004997501249374148,0.0004770667211886348,-0.009430141741394338,-0.0033321999319958495,-0.0003638348189921592
2003-03-31,-0.012660550458715614,-0.0074097530082331,-0.017556997836578603,-0.013552900029146109,-0.006947890818858826,0.001021798365122617,-0.01022076860179888,-0.007096069868995691,-0.007403394727338419
2003-04-01,-0.0003668378576668907,0.0014587429441237365,0.0015245193529263013,-7.386615452797951e-05,0.0,0.0023137121469887223,0.001121142385082985,-0.009895547003848315,-0.001262398557258848
2003-04-02,0.01291221551323729,0.006896992145092096,0.007780126849894264,0.018985004062938682,0.008004002001000599,0.0022404779686331366,0.012024048096192397,0.008467518045530253,0.008732035655812265
2003-04-03,0.002701192250372575,-0.0037536582262372997,0.0031887219937902778,0.0010874293170943794,0.00016677785190122307,-0.00013548299688392884,-0.002329644729178959,-0.002752924982794114,0.002553346708006554
2003-04-04,0.00233404910839341,0.007757902160671959,0.004182350480970376,0.004779491635889643,-0.0023294509151413623,-0.0027100271002710175,0.0032340922358435886,0.0012974465148378744,0.012370753323486028
2003-04-07,0.008473778363619289,0.0062580645161289805,0.002998750520616378,0.00864864864864856,0.00670016750418756,0.008355978260869534,0.005795617209957138,0.006975077194530055,0.007627906976744203
2003-04-08,-0.005896667914638831,-0.0004514090410780991,-0.004152479029980949,-0.006430868167202508,-0.00566289140572962,-0.011183722967055165,-0.008620190916980075,-0.003422313483915085,-0.013399412628487317
2003-04-09,-0.0035441149039359132,-0.003534250096388747,0.005337336335585086,-0.0033800791082345683,-0.004641909814323442,6.813381481229897e-05,-0.00478524743230635,-0.0027472527472528485,-0.0014662756598241566
2003-04-10,-0.00749791724520954,-0.009987912717093983,-0.008046453753629224,-0.0008659258190214514,-0.004784688995215336,-0.007357950674478753,-0.006098276064266384,0.006611570247933907,-0.0014641288433382416
2003-04-11,0.0048367593712213,0.00038184942404373423,0.0074427161732730784,0.0062834031489238384,0.0023151976186537304,-0.0035003431708992006,0.001769911504424737,0.0013683634373289344,0.0025688073394494193
2003-04-14,-0.002042142393019586,0.0,-0.0014111397028305772,-0.0027273379745926807,0.002652959708174585,0.0009642537364833448,-0.002002355712602988,-0.0010931948619841148,-0.003109566489848059
2003-04-15,-0.0025923525599482744,0.0005093919134033786,-0.0008312551953448821,0.0012234616768622697,-0.0041281373844123115,-0.001238560517443088,0.001298241472913908,-0.0064295485636114424,-0.008523757707653346
2003-04-16,-0.00653053715967622,-0.0022236340533672294,-0.0013311148086522229,-0.00912880966072449,-0.009648405560098161,0.003306923871856604,-0.007072135785007094,-0.005507366102161626,-0.010941704035874356
2003-04-17,-0.0032089483817732134,-0.0005080010160020132,-0.006164611796068087,-0.0010881392818281599,-0.005205791442980279,-0.005012703426491738,-0.0026115859449192813,-0.0029073792053163627,0.0010773927096427993
2003-04-18,0.0022973718066532367,0.0009534100298735915,0.00352053646269912,0.002904865649963728,0.00048828125,0.0006901311249136732,0.00124970245179723,0.0013190780338794283,0.0007187780772686114
2003-04-21,0.002302661877129797,0.00904309902514111,0.006932843301035829,0.00658942795076034,0.0006514657980456473,0.0032413793103449606,0.0008915304606240682,0.0018720099840532356,0.0018001800180018623
2003-04-22,-0.00993981397045407,-0.011161846778285245,-0.007216922438821993,-0.013883893245090206,-0.011590470057952329,-0.005086959510552047,-0.010095011876484428,-0.009550173010380636,-0.010156806842480437
2003-04-23,0.001552653210338928,-0.002971862156180727,0.005431149732620266,0.0037204552086371745,0.0063178357362707604,0.002694672839079759,-0.0019196160767845916,0.0006987143655672323,0.006636771300448485
2003-04-24,-0.008152912401485635,-0.009767703963433738,-0.004155239757334006,-0.012282869394578011,-0.005157131345689181,0.0046168687982359735,-0.008294266137757078,-0.010892333472978577,0.0039618224383215495
2003-04-25,-9.057971014492239e-05,0.003518693056864697,0.0035049653676040293,0.0016188373804266742,0.008615084525357863,-0.003018039646066284,0.0016969696969695303,-0.0016941973739941218,0.003252032520325354
2003-04-28,0.0037276116010545035,0.0005658242172763561,0.0007484407484408262,0.0060975609756097615,-0.006459948320413522,-0.002132782937736555,0.007139399806389335,-0.002545608824777279,-0.005212077641984281
2003-04-29,-0.000999091734786406,0.00012575452716290236,-0.0016619577862722057,-0.0005111354508944288,-0.001290322580645098,-0.0030336458907886943,-0.004565661420161016,0.0034736991351198565,-0.0005388898868330383
2003-04-30,-0.015205724508050245,-0.005999999999999894,-0.008906276011320213,-0.010447106954997065,-0.00990099009900991,-0.008575380359612694,-0.013880506940253445,-0.011656658424584854,-0.005892857142857255
2003-05-01,-0.005161060686954655,-0.006396323666397641,-0.0042831947593852115,-0.009228497600590635,-0.008863564419120062,-0.010114397321428492,-0.006364749082007348,-0.006418870621872741,-0.002849002849002802
2003-05-02,0.0033928571428569754,0.005181023720349565,0.0045546558704452345,0.0044709388971684305,0.0031756113051761847,0.0021140159255865765,0.0035723084503571645,0.011496237464209136,-0.001954860494046473
2003-05-05,-0.006299352320113472,-0.00249066002490661,-0.0038623005877413963,-0.0029673590504450953,-0.007094434810026806,-0.006117713240981648,-0.009819565484227355,-0.005120910384068367,-0.006707855251544603
2003-05-06,-0.007310199048793264,-0.004956629491945419,-0.005900202292650092,-0.008110119047619158,-0.006266645777847413,-0.0034668176029432063,-0.0076236519152101945,-0.011867314841292553,-0.007011393514460895
2003-05-07,0.0012345679012344402,0.01318267419962349,-0.012124809225029565,-0.005025879528917532,0.003300848789688837,-0.005324813631522929,0.0024358253700582644,0.0022428013312112416,0.008841732979663952
2003-05-08,-0.009866410547454851,-0.006486216789322707,0.0012016135953996088,-0.006936067551266634,-0.009651307596513004,-0.004282655246252709,-0.007476635514018781,-0.0075795856493178215,-0.01463669628855191
2003-05-09,-0.0039137241259349365,-0.000685571829230347,0.0047149592798971796,-0.004403279684178529,-0.003722084367245748,-0.0014336917562723928,0.0008788449466416992,-0.00378236834448642,-0.004337265787647593
2003-05-12,-0.0051051310893829305,-0.003106554830692554,-0.0022184300341296925,-0.0005337806923897404,-0.005245294662141298,-0.003230437903804728,-0.003512293025589641,-0.005841121495327117,-0.006549465701482293
2003-05-13,0.005043916862335962,0.00018642803877688685,-0.003249529673336693,0.004654001678492392,0.003716320842366061,0.0009362621534028115,0.004657603222557816,0.0074177438307874155,0.009043478260869708
2003-05-14,8.697164724291717e-05,-0.004392748870877927,-0.0034317089910775866,-0.0008353584447143847,-0.0024714241581710317,-0.008058713483954483,0.00012529758175672256,-0.0017496537143690816,-0.0008688097306690512
2003-05-15,0.003578598236885666,-0.0060878120772351885,-0.0018939393939393367,-0.0004560310101088261,0.007626459143968756,-0.0021035833454229325,0.0017288900025056453,-0.0008325421748338613,0.0050646175340551824
2003-05-16,-0.007364408248137111,0.001293023828581985,0.0006037605658100187,-0.003725952399057042,-0.011842509996924044,-0.006178672675728691,-0.008854648690562517,-0.006256578177990857,-0.00848484848484854
2003-05-19,-0.012322437104227424,-0.006788160469667237,0.004913369537108858,-0.011982903373530807,-0.008841463414634099,-0.004973668812170762,-0.008580441640378522,0.0008826125330980705,-0.01366353543979515
2003-05-20,8.557980316625802e-05,-0.0025010675288233974,0.0016297821238633325,-0.0003862495171880198,-0.0018259281801582539,-0.011614231108497575,0.0010182003309151533,-0.002645502645502784,-0.0008532423208189588
2003-05-21,-0.0018792175621422658,-0.0013402375875722905,0.0039393679883532595,-0.002859350850077269,0.0013713240895931733,0.003867321136397539,-0.0049586776859504855,-0.011199528440907658,0.00428449014567267
2003-05-22,0.0005982905982908626,0.004221216199681965,0.00017060479399466644,0.0028675501821282534,-0.003340926347760065,0.01340939398429386,0.00031944799386662837,0.001266766020864285,0.0010293360782296368
2003-05-23,-0.007296792805023045,-0.0018319491939422505,-0.0030703624733475765,-0.0007727975270479526,0.001520912547528619,0.007602894948461225,-0.004662451299738191,-0.006176974026940507,0.0006866952789699177
2003-05-27,-0.005652577406563664,-0.0014634146341464538,0.0019676619043544896,-0.006109822119102826,-0.0015186028853454436,-0.0021040412101865913,-0.005005133470225798,-0.004792571514153021,-0.001542680836475907
2003-05-28,0.0094532447623914,0.003058103975535076,0.013746584699453557,0.010816278888802433,0.01636054946751031,0.008215791769667025,0.004256416870888513,0.010985703536493752,0.015668523676880097
2003-05-29,-0.00785804816223068,-0.008129094879883447,-0.0023582919228501975,-0.007082371054657366,0.0003087849312952695,-0.007067137809187329,-0.0048933984073978865,-0.007383149746948425,-0.0024313997915942354
2003-05-30,0.005864354920958492,0.0055511498810467685,0.008864499788940439,0.00961389362691878,-0.005527406725011397,-0.004139734185489186,0.0022586765446122037,0.0034940915362005054,-0.0001736412571626822
2003-06-02,0.0018732970027248719,0.0012826777424872482,-0.008200836820083768,-0.003762862847488946,-0.007769652650822634,-0.001166861143523934,0.0009787003889045742,0.004976313941150945,-0.007411237504308943
2003-06-03,0.0035891300632371337,0.00577466519228409,0.006328045899426149,0.01187080860248213,-0.0053038339142295055,0.005257009345794428,0.002765984819246281,0.0206691449814127,0.002072538860103723
2003-06-04,-0.0005124701059106007,-0.003367415661544082,-0.005617506497861968,0.00015235773596411484,-0.008712633318311513,-0.014018012783265643,0.0008082622361922365,0.006002331002330941,-0.002240220575564611
2003-06-05,-0.013647851727043081,-0.015906489124540735,-0.008347386172006699,-0.011882093076395761,-0.0025471980821097917,-0.012596685082872816,-0.016190647113116574,-0.004373515611423295,-0.0012048192771082489
2003-06-06,0.014963659683625563,-0.0015040308025506821,0.01037326757928736,0.02004162491328154,0.012592929752693216,0.01014622500746043,0.016222555215323453,0.014545454545454417,0.006583506583506482
2003-06-09,-0.004087541514093407,0.010333090201799067,-0.006059075990911378,-0.007708002720471563,0.0012152514051344543,0.0033234859675037587,-0.003141428388255041,-0.0008458781362006285,0.00417536534446783
2003-06-10,0.0048776313537564064,-0.004297040489015358,-0.0036406739480144834,0.0046454953925825215,0.00274181264280271,0.004711078395288837,0.0031513280596824345,0.006873197399951181,0.001568217459487764
2003-06-11,-0.006630397823869316,-0.009115442278860408,8.497620666214623e-05,-0.01000606428138251,-0.011592893706714902,-0.009231445527144833,-0.009167842031029716,-0.0021376656690894613,-0.007093425605536385
2003-06-12,-0.0002549502846946883,-0.00041961395516132427,-0.0002549069589600217,0.0033690658499234694,-0.0015033072760072264,-0.0022923907416994016,-0.0003235198964737229,-0.006712367894887161,-0.0017271157167529916
2003-06-13,-0.005325443786982187,0.000359798512832743,-0.0016998130205677642,-0.004349816849816834,-0.0028481487033428232,-0.009635339460420944,-0.005372168284789591,-0.003163191948238664,-0.002240220575564611
2003-06-16,-0.001097694840834107,-0.008266428783823887,0.0028094670526137566,-0.002912546945658012,-0.0007489514679448472,0.0026193683580300053,-0.0016268627578577277,0.0013269868743690516,-0.0029209621993124824
2003-06-17,0.0026244497121568067,-0.0014845605700712916,0.0034807708634010393,0.0032285340917825867,-0.0061039154384398,-0.00029857430768076565,0.0009125277017336675,0.00023047448935509252,-0.0052982396171594726
2003-06-18,0.008710503842869421,0.002500297654482786,0.0016920473773265332,0.011799862079534096,-0.00178332590280883,-0.0033599641603822006,0.008856473039854151,0.00593335061493705,0.0018835616438355185
2003-06-19,0.002740195238910781,0.0034647550776583103,0.0028716216216215784,0.003104884513441819,0.0049283154121864126,0.011986814504045595,0.0026852569067905563,0.0005153901216892187,0.0025751072961373023
2003-06-20,0.005337465564738242,0.005767844268204536,-0.002947616641401307,0.0033217575117017173,0.0031460674157304247,0.0060704767545158855,0.005819642581243345,0.007855650631027666,-0.0034217279726261873
2003-06-23,0.00588846553515765,-0.00227790432801811,-0.007095193850832016,-0.001655379984951022,0.004817100707511512,-0.0021339220014715554,0.01024065540194563,0.004827145595229565,-0.001537410317731469
2003-06-24,0.004348582362149855,0.004516167881013944,0.0034878774989366423,0.0031655110039192635,0.003171247357293794,0.003908266352038892,0.008869741510390217,0.006004945249028726,0.0013684570646597116
2003-06-25,-0.008109040717736327,-0.010722582951093074,-0.003560528992878842,-0.003981968444778272,-0.015023055183697731,-0.01366240634640803,-0.006531022356191851,0.0035112359550562022,-0.005951368814827274
2003-06-26,0.014261965176305846,0.008834134615384626,0.01514378084056478,0.016745870106358973,0.010825439783491264,0.008489722966934732,0.014664981036662361,0.014975507347795736,0.009613733905579291
2003-06-27,0.0005252560623303371,0.008974048023284054,0.003352329869259263,0.00215149491802058,-0.000601051840721234,-0.003544528134692193,0.0006229753301769669,0.0,0.0
2003-06-30,-0.00686837071813573,-0.0022384899267953173,0.0012529234881391016,0.0008143322475571146,-0.008639952331297551,0.004742848673484401,-0.004046818578010258,-0.003792057363485868,-0.006989430617115655
2003-07-01,-0.006735751295336767,-0.005834235534704746,-0.0035037957787603657,-0.00791478659664191,-0.006952662721893432,-0.004867974627526195,-0.004063261861598999,-0.011557893279811715,-0.013620312762737563
2003-07-02,0.004859423811176322,-0.0012014898474107527,-0.006864796986186805,0.004622725917089232,-0.007196357761785843,-0.009190631485324618,0.0016947024855635817,0.007702002520655338,-0.0018462571332661382
2003-07-03,0.0018256107102494479,-0.004306735255413252,-0.003287532664587367,-0.0006679530948492385,-0.0020518833357761057,0.0,-0.0005388808822607283,-0.0005836575875486361,0.0
2003-07-07,0.014284454633630261,0.012291855888586056,-0.0013531799729363803,0.016041589305607173,0.002497796062298052,0.008827049670855791,0.019861570869696088,0.016657860340943964,-0.0056742323097462855
2003-07-08,0.006746560142032898,0.011576626240352716,0.004234417344173513,0.006139902053943436,0.0359208523592085,0.01601660981758868,-0.0009343955935871007,0.0015044586684174188,0.022176731490958668
2003-07-09,-0.00406683759172477,0.0012265423770392303,-0.006156181480856837,-0.007264802034144591,0.0038197097020626902,0.003357174135162788,-0.004553285749446134,0.0001365635156911349,0.0010245901639345245
2003-07-10,-0.006935908691835024,-0.00122503981379396,-0.0013576580398811933,-0.004098060739114562,-0.006376195536663132,0.005382601105615503,-0.007466930399307681,-0.0019389371347424689,-0.006952687807359692
2003-07-11,0.007607926397735332,0.00018378974453225894,0.0009346588495198205,0.008450290249099934,-0.003027092477675075,-0.004340905802344142,0.008394987918192376,0.0043232002626754085,-0.0067374094660602735
2003-07-14,0.0005310674455656361,0.005234634807242511,-0.0022071307300508547,-0.00014573010784024731,0.0010606060606059842,-0.0016712687109433633,-0.0013586956521738358,0.004972074649230329,0.005759783161104481
2003-07-15,0.0057865218552479725,0.015763793319154118,-0.002552322613578406,0.006996064713598482,0.012580546179809637,0.013683674212097152,0.008039579468150926,0.007021348695357421,0.012347796261361843
2003-07-16,0.002141136586671255,0.002131394182547597,0.008529512111907112,-0.004197423650311172,-0.007159177456206978,-0.0038055575500826055,0.003926380368098226,0.0009018346277576139,-0.004099060631938656
2003-07-17,0.004030813328556038,0.003712326181337655,0.005328146143437129,0.0008720930232559709,0.007365352155900062,0.007135649416174061,0.010449767782938046,0.007261968800430285,0.006013745704467555
2003-07-18,-0.006673191565085834,0.0016386210373731114,-0.003953899217632673,-0.007188498402555976,0.009761388286334105,0.010090889572747397,-0.004197157544602481,-0.011695594125500697,0.0160614525139664
2003-07-21,-0.009430636347611543,-0.008931917551530333,-0.0004222972972973693,-0.008922694361149675,-0.009818962872046866,-0.004392801473714014,-0.007020697697016631,-0.005727872041500048,-0.002785515320334331
2003-07-22,0.0018543046357615278,0.0020027537864562017,0.008365019011406849,0.005313261013947468,0.00199846272098414,0.0038428693424423788,0.0024464831804280607,0.0013586956521738358,-0.0010434782608693682
2003-07-23,-0.01384535005224663,-0.006960845245493896,-0.004776269482151929,-0.011965059091242791,-0.013945732908898001,-0.008223451013753103,-0.020866381940207623,-0.02008141112618722,-0.010497332644983648
2003-07-24,0.0037584127261605094,-0.0012414649286157653,0.004041424602172272,0.004234769687964102,-0.00767148014440433,-0.0018584703359542099,0.0034396809571288767,0.000346164497369017,-0.009544912220896706
2003-07-25,-0.006253800052115066,-0.005432769477713317,-0.0036058700209644634,-0.00643633942442845,0.0009033423667568208,-0.010813520481237515,-0.007278056535347077,-0.012748287078690579,-0.002550153009180489
2003-07-28,0.0013916673914935451,-0.004547689282202616,0.005049654940245896,0.0019359642591212367,0.0004518752824220762,0.001013537971476186,-0.0008132115601150458,0.0029583309965790505,0.0017029972752042877
2003-07-29,0.0027036455607882814,0.002896764252696471,0.0030145704237145576,0.003046967895362629,-0.0021043138433789466,0.002169668040789663,0.0030426344456269128,0.005144334940937911,-0.006597868380984417
2003-07-30,0.008709422011084822,0.0035875548957753356,0.006428452162297482,0.01074312810254141,0.019616858237547996,0.010464025402323607,0.00826384381085532,0.004061026660918232,0.01319849160095976
2003-07-31,0.012109340219036646,0.004785581106277359,-0.0010783907092491996,0.006890485266089819,0.00787766450417049,0.005142122553920991,0.017704593289587844,0.009488191703026505,0.007773363275177081
2003-08-01,-0.0018663348738001684,0.002804612028669329,-0.0034877927254608476,-0.004950495049504844,-0.009788926277149113,-0.008100042631803417,0.0004257907542577488,-0.004184961580680602,-0.011610039269250416
2003-08-04,-0.007497574314192401,-0.0021766169154229242,0.003916666666666568,-0.011925665788703577,0.010197775030902578,0.00752148997134694,-0.009424211102328495,-0.004615914571133306,0.007049518569463453
2003-08-05,-0.0010573618821042574,-0.00031084861672370234,-0.004316427326305217,0.0011106997408367736,0.0009279307145066973,-0.0014219694276572659,-0.0013503560029463069,0.0018687707641196205,0.0015498536249354267
2003-08-06,-0.0007044113762436632,0.00024874074995340223,0.003167986661108735,-0.0021449704142012527,0.00015467904098986907,0.0010679957280170793,-0.0033804548248309585,-0.005388601036269369,0.00017223561832602208
2003-08-07,-0.0028972783143109693,-0.005504019789734027,-0.011800880910828537,-0.0011859758357424255,-0.006912442396313501,-0.009032716927453777,-0.0027752081406103857,-0.006320761269709041,-0.0015477214101462522
2003-08-08,0.006094867944527849,0.005597014925373012,0.0009250693802034249,0.0072727272727273196,-0.0038255547054321104,0.00014354410392591888,0.0059369202226342566,0.009226897805116874,-0.0020593787540758024
2003-08-11,-0.002467177724909675,0.0007468259895444529,-0.00554528650646946,0.0012524865541885255,-0.007743698754934747,-0.006817366343738862,0.0033198081888603514,0.0045712702590385845,-0.008845041673753995
2003-08-12,0.00398089171974525,0.002495632642875112,0.001436296045961516,0.005150846210449034,0.0027405602923262773,0.0008670520231215395,0.0007352941176470562,0.0057225592939877945,0.0008512087163772275
2003-08-13,-0.001148714323583877,-0.0033577913194876574,0.004555808656036442,0.0,-0.0006086427267193439,-0.0011550678602367803,-0.0011633602743081894,0.007403852745595518,-0.0010204081632652073
2003-08-14,0.006044981776157865,0.005125000000000046,0.0005878894767783471,0.004172767203513672,0.0015239256324290906,0.007299797629372717,0.0038619505915529206,0.004151071793127015,0.002899539484905178
2003-08-15,-0.0005330964015992645,0.0026319087604962377,0.0008393486654356686,0.0005103156666910191,-0.0031900349384779147,-0.0045920929898830565,0.0021983390327307006,0.0006776904310110687,-0.005934214988131514
2003-08-18,0.010504578919016128,0.00421622301931901,0.0015934250251594673,0.014864470999708557,0.0032002438281011347,0.0028832984934765715,0.013087984401657371,0.005905458485710335,0.0061412487205732
2003-08-19,0.0018889988306198813,0.0011970766129032473,-0.0014234279494264035,-0.000430786904078051,-0.0001523693432881057,0.006971896787177467,0.004462674717925275,0.007930950906201994,0.0018800205093147948
2003-08-20,0.001170749279538752,-0.003140309006406272,-0.00863659231930236,-0.0012929176842407797,-0.004550280600637113,0.0012847965738758127,-0.0033051913059097826,-0.0015095851980495567,-0.006621392190152897
2003-08-21,0.011661807580175099,0.004859577153676353,-0.005497758606106795,0.011075949367088445,0.008875286916603109,0.0027801539777587703,0.00797798844152875,0.012068181210029172,0.007181942544459696
2003-08-22,0.00965872504829357,0.0057124722310377685,0.0,0.008749466495945324,0.004457423916384817,0.002345915973555046,0.014327774665347404,0.011183967003331352,0.0
2003-08-25,-0.001928020565552635,0.0017166836215667391,-0.0012757271644836532,-0.0028206755517946602,-0.0010747735298632932,-0.008156028368794255,-0.0017039779070450178,-0.001307360439273042,0.003087478559176793
2003-08-26,-9.180207472681001e-05,-0.00025425883549468065,0.000510942689261551,-0.003606534191358368,0.008985282726568622,-0.003718269574544242,0.00294290759270166,0.0022254221756774495,0.009873549281136151
2003-08-27,-0.0011920044012471154,-0.0008891146957956675,0.002127840667290881,0.0006387508871539271,0.0076490789884484656,0.006387712624703834,-0.004342723004694737,-0.001306165099268508,0.010148731408573974
2003-08-28,0.0009177679882526046,-0.0015218769816106592,-0.0025479870901987667,0.0018441024186113264,0.002503912363067018,-0.0034945086292967886,-0.001614994695272931,-0.0046821867643211945,0.0035118525021948788
2003-08-29,-0.008192244675041094,-0.00019019844037282407,-0.006215940054495994,-0.008495575221238894,-0.015408320493066285,-0.008802690903886079,-0.012385911468480337,-0.013626448713568662,-0.015557476231633505
2003-09-02,0.010485651214128033,0.002096569250317648,-0.0047982178048152635,0.008568368439842988,0.013745704467354125,0.0018772563176894241,0.008380756539620338,0.010857257043895396,0.019922425952045186
2003-09-03,0.0024896265560165887,0.0005085176709891392,-0.0009470512268617837,0.0005663716814159336,-0.0004683840749413193,-0.004324012683770584,-0.0033196988558895635,0.0011860832894043938,-0.0038637161924833796
2003-09-04,-0.0049545829892650994,-0.0033576179917642612,0.006290934160634087,-0.0005660510861104084,0.0015637216575448143,-0.0058627678054429255,-0.0047344316897638405,-0.007200210609451196,0.0005271481286241997
2003-09-05,-0.015713898672446436,-0.0066704423887735675,0.0024835146013530984,-0.016637168141592995,-0.011286332714904312,-0.0015289406625409452,-0.016195154600977757,-0.014173395383371146,-0.009054501131812609
2003-09-08,-0.004584681769147836,0.002080968596292143,-0.0049547240731249165,-0.00345572354211654,-0.005229160258381937,-0.000291672743182092,-0.0033044999514042495,-0.0022729106705758895,-0.006745070909719875
2003-09-09,-0.0058981233243967646,-0.0032057326041862177,-0.0012877747252747485,-0.001228146221644244,-0.01185410334346515,-0.0030634573304156865,-0.004327157484154132,-0.004448338612927039,-0.009761945538619643
2003-09-10,-0.0004466279589100397,0.0007548594074353598,0.0068769878793089045,0.0036166365280287938,0.0007604562737644205,-0.0006584723441616092,-0.00042847524025224626,0.0026403087130186798,0.003954607977991742
2003-09-11,0.0008045771500089227,-0.002509882662985352,-0.0005122513446598198,-0.0007207207207206023,-0.0030326004548901775,0.003660590087122051,-0.004960195958358837,-0.0002700877785281053,-0.002401372212692876
2003-09-12,-0.010701335455912342,-0.007782343419250659,0.002647988383018829,-0.007284529390551797,-0.006477854775534753,-0.005762637683273786,-0.010400640039387121,-0.01269755504525183,-0.000514315103720353
2003-09-15,0.0002653927813163204,0.002746909726557778,0.0002555801669790192,0.0011624527753559821,-0.00405101275318831,0.0022010271460015662,0.0070895522388059184,0.0025995348200849033,-0.004947117024906245
2003-09-16,0.012358946802794257,0.00926217629638959,-0.009709564773017654,0.01168359941944841,0.007101843457237633,0.002196193265007196,0.005928121526491248,0.008569868995633056,0.003767123287671481
2003-09-17,-0.006495239790016871,-0.010782847170281884,-0.0024081878386513766,-0.008177318700236635,-0.0036133694670279493,-0.0016800584368151794,-0.010190300798035623,-0.013097364290739821,0.004644761740925318
2003-09-18,-8.896797153035152e-05,-0.006870937790157683,-0.00620743167514437,0.0011571562884211684,-0.0025529358762578225,-0.00168288578327358,-0.0021706772513023775,-0.005662188099808008,-0.003599588618443561
2003-09-19,-0.009342499559315987,-0.009806926141587624,-0.011104363667910122,-0.00960774398613029,-0.010108517912888138,-0.012826150688947546,-0.00708558642550805,-0.009610214127152683,-0.01101881674860139
2003-09-22,-0.010638297872340385,-0.009531325886352637,-0.017896306693569564,-0.011816192560175076,-0.012187958883994265,0.00037122280792933893,-0.012519561815336422,-0.009466796603090577,-0.012389084212288792
2003-09-23,-0.0016540437015757359,-0.005314009661835706,-0.0026797677534613484,-0.001180986123413108,0.0030932390631905893,0.006456879916877156,-0.013629160063391432,-0.01018973998594519,0.004034291477559293
2003-09-24,0.0013075313807531241,0.00012078753472644088,0.0004478280340349805,0.0011084835944428217,0.0007370283018865997,-0.001327335742201896,-0.0045629820051413805,-0.005055023074192477,-0.0001680672268907779
2003-09-25,-0.0010449320794148065,-0.0017483571471634818,0.0014324082363472712,-0.006200634826898921,-0.0017657445556209517,-0.004873366314701477,0.0006456194718833519,0.002583168020094506,0.0016835016835017313
2003-09-26,0.0001741856819368337,-0.0006025185274447509,-0.0005363847666726151,-0.0017083859466686668,0.007561156412157155,0.0051940342806262585,0.006735918446351352,0.00555160142348754,0.0103759142711346
2003-09-29,-0.008291587493522101,-0.002704001922845589,-0.006529516994633333,-0.009523809523809601,0.0,0.0003690854063629345,-0.012522911673096937,-0.009060022650056676,-0.005245346869712342
2003-09-30,-0.006180257510729592,0.0013237063778579472,0.0032411992437202386,-0.0078125,-0.007650434015006535,-0.003320543093270345,0.005996884735202546,0.007957142857142774,-0.006722689075630228
2003-10-01,-0.004953877690468067,-0.0028199436011280277,-0.007358880014358804,-0.004542701393095094,-0.004831625183016275,-0.0019249278152069227,-0.0027999277438001124,-0.00505973893447853,-0.005183079752549724
2003-10-02,-0.0007681147051292747,-0.004955223880597104,-0.0001808154778049076,-0.0006084575600850961,-0.002337131171486928,-0.006898598026852665,-0.007569386038688064,-0.006766381766381668,-0.0018357810413884845
2003-10-03,0.010434632631941998,0.007215874924834775,0.0028031467582965153,0.01621004566210038,0.004696213677722438,0.0022408126680610874,0.012842242503259493,0.015446396557905917,0.009604043807919016
2003-10-06,-0.009396890483512887,-0.006689762274519007,-0.0008115419296663706,-0.010334756234554043,-0.004964953271027972,-0.0003726337755255438,-0.015253910021239658,-0.014222762068868078,-0.0010099309880490237
2003-10-07,-0.006619144602851068,0.006855905701226739,-0.009024456276509385,-0.00567536889897835,-0.008685581933989606,-0.008797435323939506,-0.004248366013071991,0.00042983021706421987,-0.006521739130434856
2003-10-08,-0.0017789072426940278,0.001807446680323066,-0.0023677260723067306,-0.0009893455098934911,0.0007243227582209855,0.0027830011282437006,-0.0026911716442401534,-0.0013605442176870541,0.001171940398459581
2003-10-09,0.009405728943993275,-0.0006622915286893516,-0.001916932907348179,0.008532033213986434,0.003343023255814037,0.005175517551755382,0.01171515071738849,0.00932166929585554,-0.002005012531328232
2003-10-10,-0.009905181171689925,-0.0027020535607060747,-0.007042253521126862,-0.009592869552081051,-0.00520532099479476,-0.014252667711364908,-0.006635441061670577,-0.009448707019039548,-0.0013348907058234882
2003-10-14,0.007505970658478356,-0.004959072713150547,0.006631666206134312,0.006711409395973256,0.003919291624328691,0.0018168054504164033,0.0016371971185331624,0.011260130531449475,0.0060433103911365915
2003-10-15,0.006179196704428458,0.0023356090549766506,0.0024704913532802575,0.006439393939393856,-0.0013047260075383926,0.0006800664953907631,0.005426610003269161,0.006028368794326333,0.0018499831819711599
2003-10-16,-0.001114444920703006,-0.003699284009546444,-0.001825483753194579,-0.0005269100489273537,-0.0020254629629631316,-0.006116438873367103,0.001170503316426208,-0.000775467042650746,-0.00016815200941655561
2003-10-17,0.003009458297506429,0.002332396387775937,0.001920263350402296,0.005196565747853432,-0.0008673026886382162,-0.0012915970217292072,0.003247596778383821,0.0025398617186398464,-0.001678697330871226
2003-10-20,-0.0035129808928111572,-0.0016717415965132876,0.005932280733777606,-0.0032966209635123533,-0.0024513338139871,0.004184100418409997,0.005774957917907608,0.0009852216748766907,-0.0020103869994972934
2003-10-21,-0.0004282288454950933,0.00017914725904688567,-0.0048085646888041955,-0.0005261970983989617,-0.00871926815323032,-0.00303030303030305,-0.004647510170451619,-0.002474690663667012,-0.008965631744977665
2003-10-22,-0.010927573062261886,-0.011160318866253238,-0.006746284984957551,-0.011582430806257427,-0.01004669591057028,-0.008890577507598807,-0.013774817305826748,-0.017957825890843604,-0.007742998352553543
2003-10-23,0.0008478168715557732,-0.00047217139821753573,0.00587425424506649,-0.0013696545426875595,0.009715673667666902,0.0033734570267576203,0.0064262295081967125,0.0037318788574709494,-0.00377482356802894
2003-10-24,-0.0032113580664243635,-0.001708696676879562,-0.003284971256501512,-0.004343188052423064,-0.0014267370523611822,-0.0011461755941010177,0.00016940317956737339,-0.0015015015015015232,-0.001474926253687281
2003-10-27,0.006036388369325074,0.0011798017932986848,-0.007781744941865898,0.007040636718451232,-0.00412048877522031,0.002677478580171311,0.006475316925722785,0.005800214822771155,0.000820075446941182
2003-10-28,0.006245187783386008,-0.0002359046945032972,-0.00046133973057760347,0.009727182916634991,-0.001843710112040875,7.629510948348184e-05,0.002951456310679612,0.0019080165171581065,-0.0037581699346405095
2003-10-29,0.001370684485564988,-0.0018836825994820172,-0.001384657989476512,0.00045156920298028425,0.0005676174258550937,-0.0007628928898382181,-0.0038333462402230234,0.0024160081860040705,-0.0006531678641411576
2003-10-30,-0.0017957927142123742,-0.0021732745961819955,0.0008319467554076532,-0.0032347852253065135,-0.003957597173144922,-0.002214078485265003,-1.2956556665444374e-05,-0.004168202568973767,-0.001304631441617632
2003-10-31,0.007321905418209873,0.004069355980184097,0.016902188972014454,0.009962264150943367,-0.0002826056238519614,0.009641135511515797,0.012438455558434924,0.00953872437357628,0.0022883295194506825
2003-11-03,0.013532390431290509,0.010127487191707196,0.009990917347865613,0.01681363024958893,0.013026052104208485,0.009700644183402884,0.012925518300486383,0.013256240304611477,0.0045977011494253706
2003-11-04,-0.003740106114638486,-0.0009522675871919128,-0.014388489208633115,-0.0010288821929889114,-0.0044178423827846425,-0.00015011634016359743,-0.007580543272267759,-0.00041753653444664973,-0.0035994764397905277
2003-11-05,0.002091867863679875,0.0013110846245529828,0.002828467153284775,0.004414036636504193,-0.011690140845070363,-0.0006756249530817104,0.001591343093570785,0.0004177109440266502,-0.011003236245954673
2003-11-06,0.004904966278356904,0.005211765410651159,0.002183604767537206,0.006152493957372052,0.0035335689045936647,0.0037560096153848033,0.0024149984111851985,0.005427974947808112,0.007170795306388422
2003-11-07,-0.007648848326814561,-0.0008977735216664229,-0.007807535179300995,-0.007425202009172294,-0.002397067117879459,-0.00935488699296505,-0.011132948709820512,-0.008997785160575922,-0.004057782827462941
2003-11-10,-0.0008684324793746256,-0.001732688056401921,-0.011986458047396842,0.001980198019801982,-0.010464629552113802,-0.009745410591523895,-0.0014361367920294743,-0.0023047911719513703,-0.008848133848133988
2003-11-12,-0.01133339057267968,-0.001967799642218271,0.005278755325060169,-0.013833992094861802,-0.0018105849582171762,-0.007705218187366469,-0.011235955056179692,-0.01582079103955203,-0.007821229050279155
2003-11-13,-0.005464947485270266,-0.006516587677725116,-0.0020267157991709084,-0.003562680917390315,-0.0022234574763758674,-0.0005381717536709907,-0.006818181818181834,-0.003840955971263882,-0.005081784976973314
2003-11-14,-0.002725027676062197,0.002315776972863892,0.0009231053263178968,-0.006852886405959158,0.0023680178297813548,0.002615384615384464,-0.002562929061784902,-0.0018993216708318439,0.0
2003-11-17,-8.514986376040312e-05,-0.002605863192182478,0.0050723969381167855,-0.00660016500412508,0.010415200562983618,0.008362743593678168,0.0016780503152897808,-0.0002575402048875519,0.006392840019178614
2003-11-18,-0.012528378037501064,-0.006647840922461623,-0.00798311616810432,-0.014345035862589617,-0.014836383804769704,-0.008978163280833895,-0.013179420733702374,-0.013510032343933442,-0.012935794289320013
2003-11-19,-0.0013435217062724991,0.000942174066659085,0.008787346221441172,-0.001761777096897843,-0.0023516392308756684,0.0011516314779271841,-0.00019893899204248555,-0.005295227041926642,-0.007204385277995273
2003-11-20,0.0011769651113913149,-0.002467105263157965,-0.0006418485237484894,-0.0009208103130754486,-0.0012434374136501836,-0.0006901840490798339,0.0013928500364794871,0.0015313935681471325,-0.006225680933852118
2003-11-21,-0.0015109544195417435,-5.873715124826706e-05,-0.0011010184420587876,-0.0026881720430107503,0.0015220700152207556,0.000844140894789458,-0.0038415684196583255,-0.0023299839813600842,0.002965969403684099
2003-11-24,0.012321549966009648,0.004424778761061843,0.004776338752640719,0.01640354254909515,0.0071070234113712605,0.012881459898788528,0.013563829787234027,0.012523719165085323,0.004232638344567885
2003-11-25,-0.001442511667373858,-0.0019431195901783438,0.003016729134290186,-0.0019699954538567876,-0.0013915947676036433,-0.005677517032551149,-0.0012463920230910697,-0.00184523123053848,0.001255689844608332
2003-11-26,-0.01115959053532467,-0.00626097132826231,-0.005559606270506778,-0.013817187974491385,-0.007047118971949651,-0.006851922344879968,-0.004532019704433399,-0.009387637203928434,-0.0073231536304145806
2003-11-28,-0.006419341392246758,-0.007491724258086974,0.003849326367885597,-0.005619707467282464,0.00013819789939173432,-0.0055193560751246595,-0.0035629453681710332,-0.005102784662487259,0.003596559812353517
2003-12-01,0.0032619605219137426,0.0005810912894417264,0.0007303934994977723,0.006657892699543089,-0.003991741225051637,0.003854158637169647,-0.0011918951132300348,0.0006594372801875803,-0.006679092885989446
2003-12-02,-0.010592519033432612,-0.004742351512347587,-0.007207371590183476,-0.009843882181035046,-0.007242415960644899,-0.002687552791215575,-0.010872447626624204,-0.010031485684996788,-0.004330343334364217
2003-12-03,-0.0007442322004466151,0.0024930426716140985,-0.005973166697298193,0.0010097087378639902,-0.005436259853220937,0.0009239297813365965,-0.005495978552278902,-0.006730769230769207,-0.00308356460067849
2003-12-04,0.0013248323259087424,0.0027906976744187517,0.00018489414810018978,0.0013966480446927498,0.002998909487458956,0.009615384615384581,0.0014826796064160153,-0.0029041626331074433,0.005269683818970972
2003-12-05,-0.0065805708645225724,-0.004053271569195216,-0.003789629355762991,-0.01169998450333165,-0.00298994291927146,-0.0060952380952381535,-0.008950201884252995,-0.006497386109036607,0.0006203473945407545
2003-12-08,-0.004911189326348486,-0.0036921656859351115,-0.005102987567266681,-0.00721285770286173,-0.005944339367738416,-0.005979302414718335,-0.006722346710124283,-0.00022551304217099943,-0.0038621968175497345
2003-12-09,-0.0009812740207703063,-0.00550774526678155,0.0006528023873915156,7.897022822400679e-05,0.0005406866720734094,0.0096398550165806,-0.0012305168170632097,-0.0009022556390977376,0.001547269070091284
2003-12-10,0.0011461318051575464,-0.0009171156712137751,0.010251630941286116,-0.0005527479469361607,0.0,-0.0010693553314999882,0.005420944558521601,0.0033564118001203624,-0.0033924441017733065
2003-12-11,0.0041926997698125135,5.732301519034699e-05,-0.0015682656826568886,0.007979774038081588,0.005846363018354728,0.014834072488147942,0.005473409035209542,0.007950437274049982,0.006206361520558534
2003-12-12,-0.00976880494952781,-0.0012023359670214617,-0.004619791185438427,-0.010189684903589957,-0.009427609427609451,-0.009192284508740212,-0.011212219694507697,-0.00823002396082928,-0.005708114779389151
2003-12-15,-0.0004882017900733615,0.0009169054441258151,-0.0019493177387914784,0.0005543237250555944,-0.000538430475164775,-0.0015969581749049055,0.005477951246233959,0.004351740696278528,-0.0006167129201356536
2003-12-16,-0.003082414016872037,-0.0034266133637919083,0.0007440476190476719,-0.003165809259992103,-0.0009413663259817406,0.004265366745372923,-0.0019749387087987236,-0.0026893769610040197,-0.0030740854595757705
2003-12-17,-0.00428075276633566,-0.005960828839057797,-0.0016728624535314873,-0.0033346566097657293,0.0037796976241901703,0.004929844520288107,-0.0058000682360968,0.005617977528090012,0.003857429409041657
2003-12-18,0.000404007756948932,-0.0032818423583999,0.00465462669893868,0.00015932446427147084,0.00461079468402481,0.0033962264150944055,0.007275223061084413,0.0062569832402235015,0.004806201550387579
2003-12-19,-0.0003231017770597422,-0.00011315417255997051,0.00018532246108216022,0.0007964954201511443,0.0012219959266801528,0.008273787138021849,-0.0016353229762878785,-0.006440151010437489,0.0015527950310560978
2003-12-22,-0.002819170358437484,0.002268216614686791,-0.005002779321845341,-0.0019896538002387443,0.0034059945504090194,-0.006340917568071536,-0.00013650013650001735,0.0008940545373266051,0.0023346303501945442
2003-12-23,0.0007254554247944078,-0.0008498583569405138,0.0003724394785846741,0.0034290271132375594,-0.0028528732509169874,-0.0057057057057057214,-0.0013651877133105117,0.005955039452136379,0.002340093603744098
2003-12-24,-0.004653401797175882,-0.005521748929456893,-0.001396128071481706,-0.009298259556544619,-0.009286675639300301,-0.010193295077016051,-0.0023239917976760616,-0.0010359627053425635,-0.010038610038610063
2003-12-26,0.0018487259866570849,0.0012976022566997258,-0.0010252586447945244,0.004572437028718124,0.0020229265003373076,-0.003203905713631827,0.0030145245272676924,0.0045925925925924815,-0.0009257830581701487
2003-12-29,-0.0035242290748898064,0.0011296243998870636,-0.002332524724762086,-0.0023955921105165423,-0.0009431420102398169,0.0027550317593938445,-0.006830601092896238,-0.0047190679840731775,-0.0009249267766302527
2003-12-30,-0.002875169714879111,-0.004554143708534797,0.0006546338726269862,-0.003281837829184342,-0.008019246190858031,-0.005113332824543959,-0.0011004126547454751,-0.0037783375314861534,-0.007345065034429776
2003-12-31,-0.006033182503770718,-0.003138661585024183,0.001214953271027941,-0.005782203662062391,-0.005053191489361786,-0.00866830316047873,-0.009226108510052233,-0.008552093403733085,-0.0033551929235930977
2004-01-02,0.0003970775095298862,-0.003351580828957701,-0.0016802016241947992,0.0008077544426494665,-0.007391763463569179,-0.0017797724986458041,-0.0006532314107019488,-0.0010501050105011789,-0.004705525197328697
2004-01-05,-0.00686173988484895,-0.01011888305225328,-0.00794763908368401,-0.005488297013720889,-0.013798489976568518,-0.007519379844961316,-0.0032265691278527964,-6.0069079441338324e-05,-0.0192050022331397
2004-01-06,-0.007359273467470451,-0.008769525897506236,0.0009425070688031667,-0.004057782827462941,-0.002596728122565506,0.0016402405686166688,-0.004520656890513619,0.005992250623254147,0.0
2004-01-07,0.008527437820766037,0.00285824218105879,-9.416195856881693e-05,0.00920795306388511,0.0022121014964215924,0.004678727386151049,0.006349250844464471,0.01649623049936544,0.0
2004-01-08,-0.008377701221421896,-0.007907078198276851,-0.00018834165175629636,-0.01065805409769871,-0.009026434558349616,-0.007295870847562891,-0.005849582172701928,0.0003671611102951111,-0.006507913030616819
2004-01-09,-0.0063020306543221105,-0.007254222607189109,0.0034849769238014527,-0.005141597976005885,-0.0028288543140028155,-0.007818608287724738,-0.007425049033342623,-0.013726785583204837,-0.0087963641694766
2004-01-12,0.003983752538665897,-0.0021068553832858106,-0.0005631687629059634,0.0028712059064806006,-0.0014124293785311437,0.0035460992907803135,0.0057868736767818785,0.0019350997320630725,-0.0030692779888921162
2004-01-13,0.00526109148017273,0.00428602430555558,-0.0021600300525920213,0.0030265848670756323,0.0020586721564592736,-0.00047114252061264406,0.007030592197586172,-0.0013965235477640947,0.0024908424908425264
2004-01-14,0.0007072135785006761,0.0012493888858711166,-0.001788235294117646,0.0004893165878323558,-0.0008998585936497161,0.010762825045172564,0.005769150374158816,-0.0008331349678647459,-0.0007320644216691763
2004-01-15,0.01096282173498575,0.011205712716286564,0.0003771450122571629,0.012552983371372672,0.009997403271877703,0.00963780506762002,0.010183581572566602,0.016378796902918324,0.014858841010401136
2004-01-16,0.015570794675272337,0.011613691931540382,0.007257304429783229,0.019079053292545556,0.005089390578102648,-0.0011547344110853786,0.016115759155122644,0.018693231760914086,0.009903961584634136
2004-01-20,-0.015019071837253595,-0.010502006928025387,0.0028071488724619176,-0.01508807962714287,-0.0036406189052139437,-0.008786127167630164,-0.016265100897617568,-0.014611136677404435,-0.0013487187172187554
2004-01-21,-0.0026155187445510153,-0.005903252254714442,-0.0030792199309508383,-0.003368623676612059,-0.005431268589163429,0.012207448876448312,-0.009879253567508295,-0.008464681844716937,-0.005217650566487708
2004-01-22,-0.007863489816780755,-0.008186056597636382,-0.007113440658929271,-0.007081924995976152,-0.007444487228853824,-0.0036872023352282346,-0.006513303769401402,-0.0034589343538415918,-0.009011670852415388
2004-01-23,0.008485329103885997,0.013349447893204358,0.001225490196078427,0.007456638028854101,0.009981851179673429,0.011179645335389399,0.012275073231970968,0.008522265711542687,0.006991966676584305
2004-01-26,0.0046207775653279715,0.00016483516483511984,-0.0005649185575744564,0.004344328238133466,-0.002069857697283517,0.001143728555089485,0.007027697395618038,0.005242963006355961,-0.0007432733759474841
2004-01-27,-0.007197658783516414,-0.004212945231711784,-0.005558172397550631,-0.007609740467798831,-0.009609224855861465,-0.006245239908606259,-0.008620689655172376,-0.007430069930070005,-0.010007358351729279
2004-01-28,0.0018225039619650385,-0.005062602068590216,-0.00037893141341427405,0.003309387359754723,0.0021828454031842526,0.01302881667688549,0.0005521048999308498,0.01566123587259649,0.0014738393515105752
2004-01-29,0.018645572685446865,0.01424469964664321,0.005401819560272969,0.015366049879324217,0.026763348714568425,0.009229838099561238,0.022209959994482054,0.02215413963033086,0.016784055147609722
2004-01-30,-0.005059428204304717,-0.005654680208619367,-0.0023564897728344247,-0.002218524681086964,-0.0052459016393442415,-0.005622188905547221,0.00026990553306349696,-0.008044676940477946,-0.004772557792692034
2004-02-02,0.0020923869306292975,0.001814981850181363,-0.002362055933484486,0.0027793218454694735,0.00779804388051808,0.009046362608367886,-0.002603885590933719,-0.004632203075782826,-0.0026773761713521083
2004-02-03,-0.01074755194650101,-0.010772578890097861,-0.0021782365754333677,-0.011878365536902025,-0.011109658868121763,-0.0008218154650728726,-0.009969294033303044,-0.004238501632395919,-0.012049963262307117
2004-02-04,0.0007170172084127735,0.002454322334333181,0.0016135155656795686,0.0015226799166532246,0.003541448058761887,-0.0032899656049050208,0.0004098920617570112,0.0023008340523440474,-0.005698421975453005
2004-02-05,-0.004283674440742402,-0.002339754053759968,-9.475978394779538e-05,-0.0043210370488917516,-0.004049640757674777,-0.0009002250562639702,-0.0032095055995630117,-0.002152080344332785,-0.005521650682940971
2004-02-06,-0.006932409012131768,-0.004388103364212692,0.0004738438210765139,-0.008036647110825412,-0.0031254069540305185,-0.0015768133353356584,-0.01582516955538804,-0.009345794392523366,-0.003042155584528472
2004-02-09,0.0017361111111109384,-0.006512378902045146,0.0010419626787914193,0.0024305274244511565,-0.010438144329897092,0.0005264345341053911,0.003062787136294043,-0.003991291727140744,-0.007476635514018781
2004-02-10,-0.004321521175453591,-0.006257688399208261,-0.0012301286903861897,-0.0033944879980603027,-0.006910673150754887,-0.001127480457005503,-0.00430256766134629,0.010273224043715778,-0.005434005434005407
2004-02-11,-0.006866952789699732,-0.008116710875331612,-0.0017053529133111978,-0.0030816640986133237,-0.005852417302799062,-0.0083527729701256,-0.006202955115695574,-0.0024520409635078178,-0.0001429796968830388
2004-02-12,0.000624658389943189,-0.0031729243786356998,0.00047451836386058766,0.0009761652973234725,-0.0034233548877898867,0.0007588404917284741,0.0011922294691071311,-0.0005060728744940013,-0.0004287551807915513
2004-02-13,0.004391812406870255,0.004248539564524645,0.0017074558907228532,0.005444941080861465,0.0015238095238092608,-0.003033060357901074,0.00322219108994104,0.0012296564195299897,-0.0005713469504357027
2004-02-17,-0.00754981320049819,-0.011289052244683795,0.0018939393939394478,-0.008325250565793696,-0.013034214813886447,-0.0030422878004259246,-0.00041893590280672743,-0.011472330588065405,-0.010739013706372869
2004-02-18,0.00280986575085862,0.0011564947694895356,0.005387523629489577,0.00244518705680985,0.006179066834804736,0.005645407384803125,0.0030734842134674256,0.006051216089803635,0.004542228530872938
2004-02-19,0.010011824990145746,0.005390835579514919,0.006768825796747091,0.010326042767704546,0.0022750252780585623,0.007661963283265072,0.006476323119777083,0.006319918640127931,0.005279680365296802
2004-02-20,0.009711056276367147,0.013552603385472484,0.016248015687739148,0.01174955737968797,0.022222222222222365,0.011970187457652548,0.011693074102262502,0.011477658268967073,0.024411635725771097
2004-02-23,-0.0004773649455007689,-0.0009632880231189578,-0.005605072130846267,-0.0013522112631244587,-0.00038744672607515795,-0.0058771016217824545,0.0004103405826836326,-0.0011418783899515006,0.001463914507392694
2004-02-24,-0.009691144027734189,-0.011375059520660313,-0.0010164479763444811,-0.01226602947033062,-0.008324795081967373,-0.0059866796378058584,-0.00786163522012584,-0.007573592454987121,-0.010860121633362252
2004-02-25,0.015116372070703266,0.0076771338700218905,0.00813985755249269,0.014998790420127417,0.011137011137011266,0.006549725212677826,0.017639357817129442,0.017638588912886943,0.004216955067616768
2004-02-26,0.004741240758598497,0.007953140953302018,0.005505092210294604,0.005958528640661154,0.002466571465662648,0.0047120418848167755,0.003588597738506172,-0.001980898478952997,0.0004364271166714673
2004-02-27,0.00024113817217275013,0.0018304172274563602,-0.0030112236517930713,0.0014215763702416506,-0.0018141764934560545,-0.0020844189682125425,0.002968560248279628,-0.0009215283192741675,0.0032107413893753822
2004-03-01,0.0008044405116240938,-0.005620985010706847,-0.003020318506315234,0.0018138801261828874,-0.001035598705501406,-0.0007459903021261871,0.0008072110856989223,-0.008656165744288291,-0.00580383052814859
2004-03-02,0.017933180478218125,0.015990427499184445,0.012301478013402978,0.02046760607730458,0.015111695137976167,0.0031354983202687148,0.020634493883586513,0.020970512453478474,0.012189748861800576
2004-03-03,0.010258107213765744,0.010664028144239168,-0.00018137299356124625,0.005785697755149366,0.025053879310344973,0.003200119074198149,0.006717155087257121,0.0011636873466525088,0.026224566691785967
2004-03-04,-0.011206543967280047,-0.00317808219178084,0.004444444444444473,-0.010431047706703556,-0.013946075175986339,-0.011424332344213695,-0.014456727938771508,-0.0066939278512211375,-0.009109916367980975
2004-03-05,-0.014192403838400147,-0.00965921423920102,0.006140509301065578,-0.013641295923112695,-0.007644655331488059,-0.010130571814498057,-0.017987521571750986,-0.013252502467221206,-0.006822901216256283
2004-03-08,0.002425026271117847,-0.0023279735802068657,0.006282534553940122,0.00487191576300483,0.004501522573811867,0.0033356076112500688,0.0014193984454207165,-0.0018574082011715287,-0.0001483019427553911
2004-03-09,-0.00458641776633395,0.004131557488447957,-0.00820549411344984,-0.006334063184235239,-0.010740013097576995,-0.0035511900264449947,-0.005669546436285144,-0.009089607787002518,-0.012593351881681092
2004-03-10,0.01652216587600197,0.021944444444444544,-0.0014388489208633226,0.015188478791217541,0.019903820464867605,0.006596906278434789,0.017784414879174593,0.02376309136872501,0.026145755071374843
2004-03-11,-0.0034235409194652844,-0.00044424700133272044,-0.001350864553314124,-0.008992248062015595,0.016981388398315644,-0.0035404896421844523,0.0008536748032546004,-0.013334274022858805,0.031303269796993716
2004-03-12,0.006316134853580291,0.003622582622749837,-0.0006312561998377264,0.00633604505632035,0.004914675767917931,0.011868763229513135,0.012207799131060515,-0.003575259206292425,0.002485629951840762
2004-03-15,-0.004247325002041946,-0.002778858444950849,-0.0030680382602417122,-0.0062184220753983555,-0.00326575044223687,-0.004706761299962614,-0.0056616194865043434,-0.004520990312163686,0.0003108003108005519
2004-03-16,-0.0022004889975550945,-0.006186136426401534,-0.013848660391021061,0.001173249902229223,-0.00836594251787881,0.0008257018465693822,-0.0021186440677966045,-0.006632064590542108,-0.009542865938125367
2004-03-17,0.005985078297942037,-0.0014890800794177261,-0.007067462138595659,0.0028125000000001066,0.0025703463203463617,0.006450161254031528,0.004909766454352482,0.007111756168360017,0.002623456790123546
2004-03-18,-0.015735958683021356,-0.012579643849044309,-0.014605287483823393,-0.020567154876908633,-0.017282637596384043,-0.009613234965347717,-0.012808662353096634,-0.008372964404092853,-0.014898145332927992
2004-03-19,0.010025266932920385,0.005090311986863938,0.0034709193245778813,0.010976773783009763,0.006287625418060161,0.0015048908954100604,0.006474050294275058,0.005246406720051278,0.0032026841543391082
2004-03-22,-0.008004527813712636,-0.011631052204490344,-0.0012152940076656238,-0.011801730920534936,-0.009671436142024481,-0.002253944402704655,-0.010220083993408124,-0.014746277287841503,-0.012351257719536157
2004-03-23,0.0046300056859716054,-0.0009188195870715177,-0.001965555971546351,0.0034235668789808216,0.002923199574807356,0.003012048192771122,0.006713662302786139,0.005869405722670695,0.004083484573502716
2004-03-24,0.008024236469335921,0.008228434417743014,-0.00375128950576753,0.006109656431008581,0.005074786324786196,0.0048798798798799226,0.013804601533844663,0.005324580598103479,0.008387982308982744
2004-03-25,0.0035332785538209066,0.013923421183490658,-0.0016003012331733402,0.005520504731861164,0.010935601458080146,-0.00612626073963396,0.0030259176424154433,0.009214249437713207,0.01266409266409263
2004-03-26,0.006450545815415154,-0.00027618205921342565,-0.0012257212898358905,0.010039215686274527,-0.0028271405492729107,-0.008193640532210833,0.004984260230850079,0.004313443565780117,-0.001079913606911509
2004-03-29,-0.004035911374680734,-0.0032483620547265613,-0.003870480505994589,-0.0004659108557230063,-0.007482629609834257,-0.007351826587842836,-0.004111198120595239,-0.005869720830350755,-0.007198652167253794
2004-03-30,-0.004999180462219366,-0.006563474265711355,0.0008529188779378138,-0.006370416407706636,-0.006240871066259479,-0.001298007177216176,-0.005045540921302716,-0.006192396313364101,-0.005937880633373971
2004-03-31,-0.007321835340058591,-0.00635869565217384,-0.013540384433292196,-0.008835027365128867,-0.01167979002624675,0.001529051987767538,-0.005532139093782917,-0.0059411679466743195,-0.012330827067669192
2004-04-01,-0.005340670011328652,-0.00883430295194998,-0.004607410251487809,-0.003944150824327641,-0.006648416112632116,7.633587786259888e-05,-0.011258278145695355,-0.005830903790087438,-0.00419287211740027
2004-04-02,0.02056321744157219,0.014814409883562085,0.008196721311475308,0.02415458937198056,0.011471518987341778,0.0029768719945042488,0.020227729403884842,0.016275659824046995,0.01443111043597134
2004-04-05,0.008411059293804257,0.00843439911797117,0.0077474892395983375,0.009047324466439965,0.007037578010888446,0.0009132420091322313,0.004989495798319421,0.005626893666137667,0.013236878559335086
2004-04-06,-0.00670030606336347,-0.012735386959834338,0.005125284738040969,-0.009272741206222679,-0.01103086014445176,-0.004333941605839331,-0.004442121766396578,-0.005451936872309826,-0.007030414183096467
2004-04-07,-0.006737326431681789,-0.001955458989679637,-0.006610009442870712,-0.012298886138613851,-0.007688298149596151,0.002672775868652,-0.011811023622047223,-0.009304673975764621,-0.00968669592856053
2004-04-08,0.00686631369953683,0.004638472032742147,0.008555133079847899,0.004698880100242775,0.008409986859395646,0.00990099009900991,0.006972111553784854,0.011649071714597836,0.004103343465045484
2004-04-09,-0.001156833581226202,0.00016373758323329213,0.0032987747408106394,-0.000779483981604101,-0.0017053653417289372,0.002413273001508287,-0.0005934718100889524,-0.0025188916876573986,-0.002576928907078724
2004-04-12,0.002817368246602614,-0.001960997930057773,-0.008924377642085535,0.0016381933068101429,-0.007033997655334079,0.006394823954258166,0.0035629453681711443,0.00721500721500723,-0.004376697856927403
2004-04-13,0.012161368783024429,0.010903083700440463,0.013838862559241605,0.014408099688473452,0.017225387571220274,-0.0010465724751438366,0.010190664036817898,-0.0034383954154727503,0.01361480801590953
2004-04-14,-0.001423785594639848,0.014411797564517936,0.014678384442782466,-0.0025335892514396496,0.02834173593132583,0.006136346628750955,0.00214773836641724,-0.0017251293847039273,0.03107255520504726
2004-04-15,0.002182306530132516,0.006578577452909906,0.00046070211001558725,0.0033866995073892348,-0.005420788724759484,0.002975083674228385,0.002532796467073606,0.00014400921658985766,-0.003614647179003505
2004-04-16,-0.009230769230769154,-0.01216396356365268,-0.008196721311475419,-0.009512120282295311,-0.01032725321888417,-0.0029662588060808126,-0.00887478136943698,-0.008567314614830845,-0.006867488684251688
2004-04-19,0.0004992095848239675,-0.0028247022985322667,0.00752158974835182,-0.00030978934324654706,0.00040252247417171816,0.0016362960208256006,0.0014379084967319766,0.0013797109868562973,-0.00419645632576926
2004-04-20,0.009151973131821922,0.007870938930445437,-0.000645161290322549,0.013325069724202221,0.011124677791344295,0.004975124378109319,0.005351781751729678,0.008846990572878966,0.015627466456195727
2004-04-21,0.004808909136927442,0.010948081264108511,0.010329244673983107,0.003058103975535076,0.00724241596064501,0.004137727205556496,0.004024928589976495,0.0021564117308796593,0.01603849238171584
2004-04-22,-0.0006744793862236698,0.002035738520696606,0.00273847558192597,0.0012195121951219523,0.0020539504313297208,0.0,-0.0029742661321607855,-0.0033711088796443134,-0.0023999999999998467
2004-04-23,0.004999152685985386,0.0005658028742785426,-0.004278561675011394,0.005024360535931693,0.0021956909564979643,0.0016188373804266742,0.005317769130998684,0.007124865059373819,-0.0003198976327575265
2004-04-26,-0.0041346721795629815,-0.010248081984655877,-0.007588224538306765,-0.00689289501590673,-0.006543967280163709,-0.003893623273582003,-0.007095858598890503,-0.004573388595112249,-0.006988564167725642
2004-04-27,-0.006372096922947934,-0.0037935843793583945,0.00856748042376787,-0.010906872092136366,0.0,-0.0030975735673723914,-0.007601351351351315,-0.009045226130653172,-0.0009520787051728874
2004-04-28,0.00819949281487764,0.011568848758465089,0.003379612714651037,0.009793337446021066,0.014242256637168271,0.011467041503292252,0.00949263502454989,0.0024630541871919487,0.013346197137803495
2004-04-29,-0.00962745918794461,-0.0017463804856064913,0.0010013654984069031,-0.010996563573883344,0.004723534315087541,0.0018285547103569222,-0.008041504539559097,-0.010839716722069515,0.00048262548262556493
2004-04-30,-0.0025052192066806755,0.00039449954914339,0.003728628592215344,0.002548065786425857,-0.0016643550624132475,0.0010221216324743931,-0.0007191422594141628,0.004164231443600119,-0.004165331624479296
2004-05-03,0.003183379408561615,0.0013544018058690988,-0.00027181299266110237,0.00200246457178066,0.001667129758265995,0.002115090073663506,0.0022898266274125056,0.0031284103310296185,-0.0027160888320818533
2004-05-04,-0.011510433918516028,-0.01044284358072256,-0.0029001268805510794,-0.013835511145272927,-0.011806699615595773,-0.002765647743813715,-0.011749347258485643,-0.01305483028720622,-0.01090391908975974
2004-05-05,-0.007316070694615706,-0.0013941556993085635,-0.013815669878203929,-0.006625097427903293,-0.007223660896824247,0.001678587067581283,-0.008124174372523219,-0.013594944150499777,-0.004405286343612369
2004-05-06,0.006203473945409321,-0.0005016442784683273,0.009953917050691263,0.006904668497450084,0.013677811550151908,0.004298724954462596,0.002330691882533209,0.0036504507189152324,0.006492478226445053
2004-05-07,0.017248632730332503,0.0055487053020961685,0.024822047818945148,0.01457180705992367,0.029441046792774817,0.005368543238537304,0.017007706617060858,0.010837292161520296,0.02383268482490264
2004-05-10,0.004309616359641666,0.0067144388647519815,0.015405164737310795,0.0007680491551458335,0.01751085383502171,0.0054841968538028585,0.012882153122550255,0.012042884417682531,0.022546419098143256
2004-05-11,0.0013538669825690075,0.010202918376652992,-0.0031570639305446013,0.001151189562548005,-0.006184380842801707,-0.004880149275154233,0.002566880788380743,0.011319111885067512,-0.0018202879364555002
2004-05-12,-0.007807908655864337,-0.011215690694921898,-0.004046802146564721,-0.011881947106170965,-0.0012927319735709375,0.0008654262224143672,-0.010614345448697327,-0.01334481274214383,-0.010641781270465
2004-05-13,0.009321243962375991,0.009042311191992614,0.009186467626534744,0.014429790535298803,0.011624527753560043,0.006629197290676014,0.007802340702210531,0.008216986620128042,0.0146179401993356
2004-05-14,-0.006147886137779945,0.0006829046209877454,0.0004376367614880028,-0.005429795044356145,-0.001885424220449572,-0.0030064423765211457,-0.0008387096774193914,-0.003822574828705405,-0.0033112582781457123
2004-05-17,-0.011241568823382675,-0.006951116134501278,-0.0017497812773403787,-0.016532103037293355,0.0011616088282271342,-0.005241240666283842,-0.01207464324917673,-0.0033304373008977706,0.0
2004-05-18,0.003174337983460118,0.0,-0.00035056967572300035,0.0026583268178264063,0.0030585493737256275,0.0041862143630457815,-0.0019607843137255943,0.004358564579398649,0.007506255212677004
2004-05-19,-0.003662089055347484,-0.007404498793964209,-0.011309836927932748,-0.0035870243293824045,-0.016050444253367657,-0.010350032343851012,-0.007727570399476136,-0.003616374945754397,-0.013980263157894579
2004-05-20,0.00746268656716409,0.006606437041219548,0.003635718719517733,0.007982469870089215,0.006926406926406781,-0.004648122594233417,0.004091869060190101,0.004790940766550511,0.006955945677376452
2004-05-21,-0.006911483054375833,-0.009507829977628557,-0.009630676798020876,-0.006444099378882018,-0.011130136986301387,0.00211601605253553,-0.006835809123176051,-0.010981072099407685,-0.012107329842931946
2004-05-24,0.002588078143262784,-0.0015635470180924704,0.005085199393344508,0.0018754395561459969,0.003723861357777025,-0.0026940439784476355,0.005559232296492578,0.004163623082541923,0.003612479474548458
2004-05-25,-0.010654992979268307,-0.012517231872070655,-0.003994319190484652,-0.010217611730754306,-0.011048158640226569,0.004818573410235949,-0.006186652626036682,-0.010402269586091584,-0.012645914396887115
2004-05-26,0.00041315485043802447,-0.000385845000551055,-0.00454504946083234,0.0026792750197006665,0.0001416631250885647,-0.00421419748601326,-0.0037748344370861497,-0.004042928550426317,-0.0030709552287054853
2004-05-27,-0.014013361577318029,-0.012357776688986966,-0.008325872873769069,-0.02074819239232939,-0.01671541997492687,-0.009120758847136035,-0.013893505284850116,-0.010775703003911619,-0.02597607052896722
2004-05-28,0.004665629860031162,0.0021276595744681437,-0.0053263519003339255,0.005858747993579438,0.005743905855982057,0.00633284241531662,0.005514358905217787,0.0035962098037751744,0.010660302307080372
2004-06-01,0.000573300573300406,-0.0015796067323927687,0.0024505354873842755,-0.0018351551902977548,0.01004669591057028,0.001536660324893857,-0.0008715590179542154,-0.0029885809444510913,-0.0004770992366414095
2004-06-02,-0.0032653061224489077,-0.0011968880909635216,-0.0015391579900407848,-0.004076738609112618,0.013916786226685796,-0.005041280046759744,0.00014762326542672177,-0.0012676161360076765,0.009309791332263284
2004-06-03,0.0036870135190496534,-0.0003263175069342372,0.0077983315197678316,0.004896059073761894,0.017666812673382992,-0.0008811866647083777,0.005971150620597054,0.0032850530088099905,0.011527845429452732
2004-06-04,-0.004323706966878782,0.001088909457178655,0.001169695879071453,-0.006389776357827448,-0.010546084946547296,-0.00742319564897842,-0.005268774176337199,-0.005953266855186823,-0.0054900694332309374
2004-06-07,-0.005032467532467555,-0.0010333949744369963,-0.01491866630718075,-0.005546623794212113,-0.017180178901036514,-0.004072565716401355,-0.006061012403620447,-0.004237161251684496,-0.01667195935217536
2004-06-08,0.0038295445286400387,0.0013615816132017677,0.0014597208283915197,0.00016166841807452315,0.004707560627674745,0.0013382899628253675,0.0013760910918338976,0.004104831070413706,0.004305533407749973
2004-06-09,0.014549061750847248,0.003772140826591164,-0.0002732987154960842,0.01236563485007669,0.013005780346820872,0.005420255420255593,0.01609969686763213,0.012428870919436896,0.010799484203739551
2004-06-10,-0.0010734929810074512,-0.004787812840043593,-0.003736103517404721,-0.0067060514130607984,-0.009021910353716245,0.0022893434753710196,0.0017236807212941407,0.009466055317260746,-0.022222222222222254
2004-06-11,0.008242444425943019,0.011279229711141925,0.006951431446080791,0.012457804211541523,0.0102719907407407,0.006189213085764811,0.009662475181998698,0.013626373626373534,0.008744038155802825
2004-06-14,-0.0051354261575417,0.0014877672470794412,0.009628485784358265,-0.002143367468445012,0.00421327909341862,0.0019039250146457576,-0.00301520713162029,-0.0033246603064470692,0.005595523581135131
2004-06-15,-0.005437021171430856,-0.00711237553342825,-0.01403508771929829,-0.005250596658711193,-0.011063218390804375,0.0012425084052036794,-0.007915844838921715,-0.008411892675852073,-0.012628255722178405
2004-06-16,0.01107779443611534,0.0008761362391851435,0.005109955287891266,0.013915547024952124,0.013100436681222627,0.005328856120884851,0.010099671296787127,0.014406903612695698,0.006514140451223449
2004-06-17,-0.0028239202657808216,-0.0043072896788616255,-0.004720835224693687,-0.008913077772519373,0.004385964912280604,-0.001452221899506223,-0.0020338538249573546,-0.0007930214115782208,0.008330663248958592
2004-06-18,-0.006436705727017711,-0.0014699477351914902,-0.008939158989327622,-0.009709510545165112,-0.009413468501086042,-0.0077806864456078095,-0.006508447833804443,-0.006060606060605989,-0.004783163265306034
2004-06-21,0.0006606110652354058,0.0031676679410157504,-0.0007363092498851032,0.002089528248814476,0.0,-0.0003664345914253797,-0.000661725780836453,0.002613240418118501,-0.00047808764940238113
2004-06-22,0.0014885874958650014,0.00510512158972376,0.003960578428663597,0.0032881546234662107,0.007293946024799602,-0.0035190615835778427,0.004171632896305066,-0.002172024326672406,0.001116783663050347
2004-06-23,0.00016542597187751973,0.0018147822261329605,-0.003302752293578015,0.002078337330136071,-0.0014566642388930129,0.0016185991759858354,0.001121002307945984,0.005079088666376519,0.001437929381690406
2004-06-24,-0.006573541495480617,-0.0017566974088714105,-0.014175257731958824,-0.008854499042756925,-0.01872498570611769,-0.013515498751285437,-0.007772362007640643,-0.007652324574068725,-0.012308663405396825
2004-06-25,0.0020584602717168554,-0.00010978153474572316,0.006722689075630228,0.0063581488933601715,0.0008583690987125081,0.004393149664929208,0.0018587360594795044,-0.004946893641786687,-0.004399057344854462
2004-06-28,-0.003936684983187222,-0.004154367552202887,0.0012057132257468073,-0.00175943698016634,-0.0011431837667906786,-0.004003261917117751,-0.0062284654121389504,-0.0029244041526539366,-0.007330006238303266
2004-06-29,0.005691191026064191,0.01127694859038142,0.0021306160259380036,0.010655343694920827,0.013028372900984353,0.0022329735764794467,0.004467262301640185,0.012435841032409467,0.013754940711462549
2004-06-30,-0.004515970112488832,-0.0019860973187687536,0.011554816047328442,-0.007530717399920728,-0.006329113924050778,-0.0043074637950241135,-0.0009956853634250917,0.004953793562965325,0.00047453337551384145
2004-07-01,0.0017272577726601401,-0.0018722466960353623,-0.010874531664077591,-0.0008785942492013366,-0.011938601478112543,-0.006116207951070374,0.0027906976744185297,0.004828480830210369,-0.012187500000000018
2004-07-02,-0.012106931014869593,-0.007650273224043769,0.003325942350332678,-0.013830042369493811,-0.012491228070175442,-0.005328330206379017,-0.010601643254704474,-0.00712902531736348,-0.010513296227582014
2004-07-06,0.0013832384052074875,-0.006676437062367757,0.005893186003683271,0.0007295719844357951,-0.0032176832680470557,0.0005281424475631624,0.0013527993570854324,-0.00670345863792654,-0.005229160258381937
2004-07-07,-0.007590439276485728,-0.00796941467880019,-0.007872574148663491,-0.0065613608748481544,-0.011615044247787587,-0.0049015911318904815,-0.008172710370380254,-0.009948512086569439,-0.009747182455071557
2004-07-08,-0.0004842615012107254,0.0002693094904664406,0.0035061819523898308,-0.0013861709067188865,0.0015233347181831114,-0.002424977265838235,-0.0002697235333782855,0.005288673424415968,-0.0006088280060883022
2004-07-09,0.00016144656118832756,0.0005928321207222531,-0.005057006252298768,0.0008981791459132804,-0.0006919457514532601,0.0032664843512610897,0.0019695130176715647,-0.001534414730381517,-0.001519756838905817
2004-07-12,-0.0016923200902571045,-0.004560085836910033,0.0002772387025229417,-0.0012236906510034729,-0.00741758241758228,-0.0014386310289997706,-0.0008885777370886139,-0.0024149286498352796,-0.004839685420447548
2004-07-13,0.008697772719882924,0.005393743257821049,0.01043976348854403,0.012088540390427394,0.008869179600886845,0.005383682135274626,0.008624174639536353,0.014377934272300497,0.008387982308982744
2004-07-14,-0.006701655228098402,-0.0012928248222365823,-0.0021943860290757344,-0.008312484868049586,-0.001245674740484426,-0.002564295949920914,-0.006012024048096198,-0.00853341047150702,0.005366452008586098
2004-07-15,0.0009698537137314833,0.0010245349150714844,0.0035737194172087428,0.004231770833333481,-0.0013821700069107656,0.0011342155009452792,-0.0015994623655914975,0.004230488694383583,0.0024592683676607496
2004-07-16,-0.005145935514995537,-0.008712850117596815,-0.0068480642804966685,-0.005915721231766646,-0.010259917920656503,-0.011178247734139113,-0.004994547730913679,-0.008861127251597933,-0.011396444309375475
2004-07-19,0.00048266430697441187,-0.0013878509661575666,-0.004504918635653166,0.0011412733349638327,-0.00327242977911113,-0.0007638252367857534,0.0010823975104856665,0.0002931261908252214,-0.0015172204521317623
2004-07-20,0.004362931243435453,0.009592584608751675,0.0009235315847802017,0.008142659392557539,0.002871598523177976,0.0012994954899863131,0.005406135964319603,0.006007326007325897,0.003043676761527836
2004-07-21,0.01251636125654465,0.011005775307834753,0.015870086731869293,0.01356917858008222,0.025522367129434897,0.010916863882739047,0.010552493614733205,0.010049519370812776,0.030421828445977628
2004-07-22,-0.003992503870284381,-0.006280454791553813,-0.0038147138964576,-0.007012510957048357,-0.002936241610738355,-0.008004833106781462,-0.0031260392417692406,-0.002739726027397138,-0.007934038581207337
2004-07-23,0.012456690315129526,0.008132743845860047,0.003920495988329664,0.01372281518337215,0.007040270346381217,0.006318514007308096,0.01240992794235396,0.014097744360902054,0.010691823899371178
2004-07-26,-0.0010712814173877705,-0.003914532702658735,-0.0002724548179093844,0.00015832805573134934,0.001692524682651575,0.007640517437022432,-0.0005931198102017143,-0.00442004705211374,-0.0018832391713746732
2004-07-27,0.006552753815527446,0.009550469290301455,0.009175145348837344,0.00918157353173954,0.011989723094490534,0.0024774774774773967,0.00718760303330046,0.009953455066237016,0.015458167330677508
2004-07-28,0.0008301510874979545,-0.0001646361540994512,0.006211180124223503,0.000862745098039186,0.0037249283667621924,-0.0032951396689882007,0.0024878879141023713,-0.006522972206466138,-0.0003186235462802056
2004-07-29,-0.001988400994200612,0.002641135688346008,0.0008946144211843254,-0.0005485463521667233,-0.002001715756362654,-0.003756856262679298,-0.00019592476489027622,0.0014273479874393757,-0.00946820261953607
2004-07-30,0.00315824468085113,-0.0004949678270913527,-0.004379692527708201,0.003293084522502765,-0.0058280028429281705,0.002790557357266632,0.003396694754719487,-0.0009977194982895288,-0.0036163522012578886
2004-08-02,-0.00016619577862719837,-0.00492529962239352,-0.002783014633270464,-0.0009377930603313711,-0.0009940357852883386,0.0013537906137184308,-0.0027992969207734086,0.0019974318733055885,-0.007180768029971696
2004-08-03,-0.0014106713135839666,0.0016444663706625118,-0.004321209938782933,0.00039111389236534677,-0.0005676979846721553,-0.009689049121225701,-0.002807154981067983,-0.0032749537234799675,-0.00682170542635685
2004-08-04,-0.0004976362279173197,-0.00027400263042520745,0.0062386980108499746,-0.0032058800531706844,0.0012789540997584226,-0.0025028441410694935,-0.0004582651391161763,-0.003928571428571392,-0.00015501472639889435
2004-08-05,0.000580912863070493,0.0009324776479624486,0.0021565279899362633,0.0012550988390336304,-0.0001420858198351027,0.0019768856447690553,-0.0008514540214827893,-0.0057368232341341585,0.0004652605459056769
2004-08-06,-0.01808996088657111,-0.012351698358524565,-0.013269972204787983,-0.01950799122532121,-0.015388919977616156,-0.005918955835483408,-0.018551294657489392,-0.01781464118283449,-0.013765677577240787
2004-08-09,0.0008971535763804273,0.00304298212248022,0.004725124943207648,0.0027167399121053037,-0.003346346904628983,0.004961832061068705,0.0006679134384184326,-0.005433984432368866,-0.0007641754546843238
2004-08-10,-0.003656752803510299,0.0008701800184911512,0.0019896897892739407,-0.0016734401147501243,0.002375960866526805,-0.0019749335358906217,-0.002536376985716071,0.0002953337271116574,-0.0010687022900763843
2004-08-11,0.0068728522336769515,0.00585339168490151,-9.026085386776295e-05,0.006146232439335986,0.0032249018508132554,0.007687038587411488,0.007561563169164787,0.007381163271331426,0.00152905198776776
2004-08-12,-0.0001636125654449483,0.0038440417353102774,0.003249684058494351,-0.0014280047600159218,0.0007015574575557348,0.006268882175226587,0.00033207146177849367,-0.0058616647127783805,-0.005323193916349722
2004-08-13,-0.010522907560304495,-0.01204427083333337,-0.0042289004858736545,-0.014459362834670642,-0.004608938547486008,-0.017338437288898945,-0.008763776390917521,-0.01223466981132082,-0.011426853104796408
2004-08-16,0.0017027487229384075,0.002174858634188981,-0.0002710761724044053,0.0026602176541716815,-0.001255405216906036,-0.001222120378857161,0.002143335565974569,0.0,0.0013550135501356753
2004-08-17,0.0003244383161651321,0.00568678915135612,-0.005151843817787438,0.0026531596719729933,0.0029378847229992733,0.0003059039461608126,0.0006683598449404027,0.003880017907775146,-0.0009025270758121762
2004-08-18,0.002439222701032584,0.0034567901234567877,-0.003270645952575646,0.002004650789832363,0.00041987403778875887,-0.0004587155963303724,0.0021373230029388957,0.004756949606065097,0.0013556258472660065
2004-08-19,-0.005578913324708723,-0.004805329547316051,-0.003372527572691575,-0.006081946222791346,-0.013802622498274686,-0.008413645403089975,-0.007064782724606755,-0.009912708980618468,-0.011170688114387928
2004-08-20,0.0035702693930541596,0.005490583649041758,-0.00018291567587347402,0.005555555555555536,0.0009671179883945502,0.001234186979327312,0.002013693113169568,0.0005230125523012497,-0.0023774145616642928
2004-08-23,0.010495244342407117,0.0038582373367137546,0.0013721185510429112,0.012891344383057168,0.007516703786191403,0.006548536209553202,0.008172561629153252,0.012471062654021425,0.008239700374532033
2004-08-24,0.008017191503430166,0.01159743518260381,0.0014615876495842617,0.005928853754940677,0.016987542468856143,-0.0013011863758132236,0.006511627906976569,0.012833751290750817,0.02314530962599637
2004-08-25,0.0007444168734489498,-0.0016699137211242387,0.00684119310407727,0.0007072691552063581,0.00042486899872540285,-7.664009809926764e-05,0.0007921837866384784,0.0033498397902709254,0.0016889298326423496
2004-08-26,0.0004965243296923827,0.0014493561514019593,-0.005888747961587115,0.0009423590387935832,0.007275320970042687,0.005825093891316024,-0.0029023746701847264,0.0026418928726954505,0.003698566805362846
2004-08-27,0.004906444906444873,0.0010044082361475581,-0.0020049211701448355,0.006590302840106643,-0.0042613636363635354,-0.0014478396708069718,0.0034400635088647213,0.007311211489460234,-0.008556149732620089
2004-08-30,-0.001991866544941545,-0.00022315202231526499,0.0030134234316501196,-0.003117692907248615,0.005570632766747519,0.005341880341880323,-0.0019251054852320593,0.0005892751915144157,0.0053763440860212786
2004-08-31,-0.010998932939341621,-0.005878764350285559,-0.007647487254187957,-0.011649726348709866,-0.009899589874133752,-0.0006072567177773935,-0.010225381139852607,-0.011060357953402877,-0.00822669104204743
2004-09-01,0.0003284341899991716,0.005072463768115876,0.0056880733944955075,-0.0020567993038524968,0.004546100298337796,-0.007215555217985781,6.673785371069663e-05,-0.004183128050197604,-0.0006090133982948887
2004-09-02,0.0012331469911213144,0.0013395847287338558,-0.000912242291552734,0.0,0.012514384349827212,-0.005814398286282496,0.00160160160160161,-0.003063010501750285,0.013580246913580396
2004-09-03,0.009293063391968115,0.008840587870938776,0.00867421475529584,0.007768529528339396,0.007536231884058164,0.0007695267410541273,0.009261110000666317,0.0100950987564008,0.0038729666924866013
2004-09-07,-0.003390391135367543,0.001466192973551994,-0.010410066081289138,-0.0009439156768662471,-0.00475984422328013,-0.009457900807381736,-0.003300765777660364,-0.0013035921205099,-0.00170120630992876
2004-09-08,-0.005836895757974303,-0.008332401297394099,-0.0009147457006951631,-0.006062514762617099,-0.005308464849354322,0.001785437043937188,-0.00768313683931654,-0.006091370558375608,-0.004924592182210086
2004-09-09,-0.00205102961686765,0.0016243768554304872,0.004303241164621774,0.0012674271229404788,0.013081395348837344,-0.0020922123208058085,-0.0030703510879721563,-0.007587917700277225,-0.001689967736979603
2004-09-10,-0.00757205666829508,-0.007008176205573147,-0.0032819764791686135,-0.006329113924050667,-0.012629161882893203,0.0001553036185741874,-0.008302088912694239,-0.00235259520658726,-0.009133810321205638
2004-09-13,0.0025304056811688014,0.001280908888393828,0.007317296259032213,0.0026273885350318604,0.001293289265698938,0.009316770186335477,0.002430461787739757,0.004568901989683072,0.0019829164124467447
2004-09-14,-0.0013857189435929618,-0.0024998611188266073,-0.006628529919186277,-0.0009529103470182765,-0.010099573257467909,-0.006153846153846176,-0.0002693965517241992,0.0036678403755869837,-0.010863005431502648
2004-09-15,0.010210803689064685,0.012885437767274466,0.008592321755027443,0.009776647325331789,0.01223902087832962,0.005185758513931882,0.013675559148477623,0.011840374214296068,0.008828006088279938
2004-09-16,-0.0008227743952610167,-0.00764978502428959,-0.005347108936015976,0.0007084382871538342,-0.0061534058385803725,-0.005621005621005537,-0.002777962384528543,0.00335163247616288,-0.00409276944065462
2004-09-17,-0.0016428454082471067,-0.0006696054907650018,0.0020045558086561055,-0.0005506174781720885,0.0024386745086786288,0.006814310051107331,-0.004345160344414012,-0.003196452225997737,0.0003032600454888623
2004-09-20,0.00016431153466966997,0.0022930648769574624,-0.0009093389106119565,0.0018101684243663207,-0.004995717956037482,-0.004460852176588204,-0.0028112449799196915,-0.004044489383215444,-0.0019673123486684263
2004-09-21,-0.007501630789301883,-0.0036776997659644373,0.0006371165923362287,-0.010527142744913065,-0.0007131650263870748,-0.004480840543881315,-0.008900523560209428,-0.004597534445250129,-0.0007560864962949942
2004-09-22,0.0002446782481035914,-0.0001671402306536729,0.005366563580134542,0.0010321556173082946,-0.00904593639575968,-0.005432252056495335,0.00044699093827471614,-0.004414785890169415,-0.0018113207547170163
2004-09-23,-0.0030086192876890294,-0.002999500083319395,-0.001266624445851794,-0.001903553299492322,-0.008964841014147629,-0.002652933832709148,-0.0056864337936636256,-0.00878091614225096,-0.007936507936507908
2004-09-24,0.003426892950391558,-0.0015528811491319905,0.002989401213878029,0.0042911633820725825,0.0,-0.001486465341887011,0.005569172113289778,0.0088587036763621,-0.0001497230124271054
2004-09-27,-0.0041439830990492865,-0.002489488824961472,0.0037030346820809967,-0.003877195758822727,0.0008411608019063266,-0.00195878711901587,-0.003439450771168251,-0.0037172545002195356,0.002100525131282893
2004-09-28,8.126117341133998e-05,-0.0016017674675502525,0.003149464591019502,0.001906426245134707,-0.003770949720670269,0.0012560841576385595,0.0007473333786263137,-0.004054292261589931,-0.0008994153800030436
2004-09-29,-0.0001624959376015367,0.0075125208681137146,-0.00520272694653745,0.0005549829540949514,0.0016787912702853625,-0.0018817625842874053,-0.0006788866259334059,0.0008849557522123686,-0.003138075313807498
2004-09-30,-0.008778287831199383,-0.0066334991708126845,-0.006311992786294018,-0.011806656101426283,-0.01325234676974052,-0.006441476826394288,-0.0096467391304349,-0.008694370763336123,-0.00932642487046631
2004-10-01,0.0013709677419355693,0.006341789052069169,0.002268602540834941,0.002004650789832363,0.0016592920353983853,-0.001502213788741269,-0.0019207024283165453,-0.005202913631633721,0.00326748848952918
2004-10-04,0.01026560208570948,0.008358108487126259,0.006156631960162917,0.01336427656850181,0.003468849729429735,0.007680734816691848,0.014570446735395093,0.011013150029886454,0.005675877520537886
2004-10-05,-0.0034101981162715234,-5.609154139540884e-05,0.0007198776208043878,-0.0033957198136302935,-0.003456858407079655,-0.007936507936507908,-0.00539222327597888,-0.005749589842883984,-0.005496137849078986
2004-10-06,0.0014636526264435457,0.002136031478358502,0.001168959625932997,0.0014263074484943683,-0.0005527915975677145,-0.002613861386138505,0.00085817032637725,0.0008473568412914467,-0.0034048852701702437
2004-10-07,0.0009767214715936667,-0.0017955336101447283,-0.0017064846416382506,0.0005538851084032625,-0.004265859364249391,-0.0011912325285896586,0.0017012589316094395,0.0011139992573339086,0.0
2004-10-08,-0.010629731035593615,-0.006300529690549284,-0.015384615384615441,-0.012415974693554821,-0.01156147986942313,-0.005168164109087936,-0.007744565217391308,-0.008531157270029732,-0.01141519098492616
2004-10-12,0.007954545454545547,0.003132166228536404,0.0031980994152047693,0.006085842408712461,0.006433949349760271,0.005035166240409117,0.008900451869094939,-0.0024691358024691024,0.00633284241531662
2004-10-13,0.003993154592127679,-0.0006148686416992399,-9.1082976591772e-05,0.002865329512893977,0.009675190048376026,0.0051689860834989165,0.001967969598262842,0.0021002100210019137,0.006970191309506157
2004-10-14,-0.009844266924876943,-0.004562653015802387,-0.0016396429222080844,-0.011746031746031727,-0.010936431989063577,-0.008860759493670933,-0.005756857433118934,-0.010479041916167553,-0.011290322580645329
2004-10-15,-0.006811989100817373,-0.00421099290780147,-0.004197080291970745,-0.01003854802441384,-0.00027333606669399657,-0.0006385696040868138,-0.006811989100817373,-0.006202723146747413,-0.007711334206314424
2004-10-18,-0.0033546325878592853,0.002109938922820742,0.0008246289169873133,-0.002514804899813372,0.0068804183294344234,0.0023961661341851404,-0.005486968449931462,-0.0006089206880802722,0.0014570887367040264
2004-10-19,0.0003995205753095643,-0.0016076279172905217,-0.00796484482285087,0.00016265452179564655,-0.002470830473575769,-0.0006374501992031378,0.000993103448275967,0.0038080731150036407,-0.0017454545454544945
2004-10-20,-0.00886988199889105,-0.00813768076098298,-0.0018456995201181492,-0.009513742071881603,-0.01113071806705579,-0.008770531015786842,-0.010968417571515232,-0.011047040971168487,-0.0072202166064981865
2004-10-21,0.00039613373474867153,-0.006011914521506401,-0.0067492603550295405,-0.0010672358591247155,-0.0031123139377537967,-0.00048262548262556493,0.0031208203299153414,0.0003836003191555193,-0.0031668346048654428
2004-10-22,-0.0013450431205001001,0.0010942714887565153,-9.308386856565765e-05,-0.0004109138724525119,-0.0008112493239589291,-0.003782391759214465,-0.0004444444444444695,-0.0038498703928094846,0.00043202764976935093
2004-10-25,-0.011264961276695518,-0.0069006737665724405,-0.007540495252280843,-0.014881197073090546,-0.010700909577313955,-0.011874949511268995,-0.014103490440195654,-0.008884303883226141,-0.010403306256234868
2004-10-26,0.001959554789151774,0.001905384070989058,0.00018759966232062553,0.002754131196795351,0.002144772117962601,0.001144538914322979,-0.0032415824559919315,-0.0002951731423511683,0.005877293577981613
2004-10-27,0.0025933202357564245,0.002510505921519357,0.0003751289505768973,0.0031627132750728926,0.0,0.000571615221296895,0.002219928453261355,-0.003170163170163054,0.0030194104960459267
2004-10-28,-0.0026647856415080717,0.00016375545851521345,-0.005437330083434833,-0.007549987554965609,-0.0024070607114201614,-0.004815147310862633,-0.0005784424379232656,-0.003959716895831411,0.014587892049598983
2004-10-29,0.0010199278204927609,-0.0013627691469064729,-0.00047129795456679613,0.0021735495736501242,0.0013390465988216693,0.001230113170411773,0.0019057298945497347,0.00025042258811747153,0.0030728709394205467
2004-11-01,0.00039243387489218406,0.0012006767450745137,0.003489249339871714,0.003336670003336595,0.0010723860589814116,0.001638135801457885,0.00032406233268522655,-0.0004381298116041821,-0.0005849663644339476
2004-11-02,0.002991419349759772,-0.003372314386728248,-0.0011277135607554722,0.0039075490522113565,0.0017456693970725468,0.002780276392182479,0.005760806794653295,0.008813400125234905,-0.0013144442821674263
2004-11-03,-0.00656917181512473,-0.0032529140688534186,-0.0008467400508044287,-0.00886128364389227,-0.012203209974797735,-0.011579548234526671,-0.007366327759572022,-0.009201930388094914,-0.004072727272727228
2004-11-04,-0.0074516805091982,0.00027114967462038564,-0.0016949152542373724,-0.009191176470588314,-0.006064601186552276,-0.005610098176717981,-0.004853273137697456,-0.008880187940485507,-0.006789945102571582
2004-11-05,-0.004251043437934809,-0.005501024700679591,-0.003961516694963252,-0.004385225164445838,-0.0045931758530184386,-0.005973616527005787,-0.004253147329023488,-0.000521467060663916,-0.0037420840529649446
2004-11-08,0.00015460729746430424,-0.0011850894203836448,-0.00028409090909087276,-0.0006776215483653703,0.005542359461599311,-0.004674067273182536,0.00022780340566086466,0.005770750988142392,0.003176436615651035
2004-11-09,0.0004640371229700513,-0.0013448813814621596,0.0,0.0008476012883540385,-0.005250721974271455,0.002096436058700357,0.002007060297215757,-0.0012890041656842266,-0.002304811293575293
2004-11-10,0.0003868471953578645,0.006116042433427227,0.012692999905276059,-0.0013550135501355642,0.0034246575342467,0.0022594142259413363,-0.0036083133266092693,-0.0027387342011239157,0.014170927684441281
2004-11-12,-0.003699992291682719,-0.004096593359206535,-0.012908053502946326,-0.005427408412483015,-0.012101496421600522,-0.004842615012106588,-0.01424314575343244,-0.01339983269937961,-0.011695062084897456
2004-11-15,0.002240420271940602,0.003896103896103842,0.0,0.005030695770804838,-0.004404715636740719,0.00948066112928947,0.0003760485970494276,0.0005279155335145003,-0.008588605782994474
2004-11-16,-0.0026966638415903965,-0.00345125107851596,-0.0017056761110585406,-0.0037329261050310647,-0.0011645962732917958,-0.00831117021276595,-0.00315183760807336,-0.0037254368994131815,-0.003565825131935485
2004-11-17,-0.003990484229913105,-0.0019375672766415164,-0.011105837683910602,-0.007919611683556038,-0.013404825737265424,-0.0005866577271205209,-0.0013053315542148614,-0.0006580003209758489,-0.01058425063505497
2004-11-18,0.003774456940378812,0.0035648698282380042,0.000479938567863325,0.0035193133047211056,0.006036475725661461,0.012159329140461361,0.0036306601992506238,0.0060222582665532265,0.0
2004-11-19,-0.005896316716440753,-0.004623655913978508,-0.013719658447663874,-0.009066803524078293,-0.00840550178298527,-0.0117647058823529,-0.00797302772472075,-0.004357959261860778,-0.004495644844057289
2004-11-22,0.0008430410790927212,0.0005379236148468358,0.0038910505836575737,0.0033664220975400116,0.0016583747927030323,-0.0067069081153587895,0.0022025467858861614,0.0020682689070241622,0.0028176951253873206
2004-11-23,-0.0032085561497325887,-0.006572970662106492,0.002131782945736349,-0.0036992429456298437,-0.0026717557251908497,0.0014348413234301916,-0.0030709669907433845,-0.0018080000000000318,-0.004488078541374452
2004-11-24,-0.005470293268500237,-0.005315473342901167,-0.004641268613421068,-0.0074259563077453405,-0.00038153376573835107,-0.004382638010956619,-0.009737652743915803,-0.007437446904002276,0.004083931840585864
2004-11-26,-0.009482239614689969,-0.008014764039019462,-0.0034971828249465986,-0.009221400608960373,-0.005061369100341606,-0.0032167950562939085,-0.010482087571870857,-0.014792564959708154,-0.012240923633328737
2004-11-29,0.00015053439710976946,0.0008971923158116457,0.0002924546695262098,0.0010536482570899786,0.006495160468670491,0.006029723991507474,-0.0016686780196366602,-0.0013113249299260277,0.003349616189811444
2004-11-30,0.0020363526661135722,-0.0065537671053320645,0.004190624695448841,0.0017542320849048831,0.016703353619059946,0.004727334121222171,0.005312877759040102,0.007615671213091035,0.0030799384012318853
2004-12-01,-0.0036819957920046775,-0.011608021972327354,-0.0025232919254658537,0.0016636021364153653,-0.003997936548878145,-0.003864896656024186,-0.0028947641880557873,-0.0032903845840595025,-0.003626726182173079
2004-12-02,0.0030147723846847274,0.0037451235370611347,0.0032107413893753822,0.0062937062937062915,-0.0019307504183293522,0.00362685560053988,0.0069973797046212205,0.0066351795257317825,-0.0015320334261837987
2004-12-03,-0.009111277072442081,-0.007741935483870921,-0.005334109203762982,-0.010510771369006244,-0.0011571097968628985,0.006471132027901616,-0.01649960081610935,-0.011819141164055469,-0.0006958942240780086
2004-12-06,-0.0030526394162757597,-0.0024712969160273213,0.001170046801872049,-0.0008778860503907415,0.0038719669592151007,0.0030060120240480437,-0.0026908391208922966,-0.003992311104539459,-0.002498958767180315
2004-12-07,-0.00044652824291124826,-0.0018500436815870325,0.0005843396961431324,0.0003514629645902101,-0.0007737941707505192,0.006327006327006446,-0.0004220490481285921,0.0020783847980998527,-0.0005550159567088153
2004-12-08,0.01396015695744035,0.009127210496292282,0.01946661475569389,0.017566974088713216,0.027700463883366444,0.013236267372600974,0.021382794239613867,0.020460905349794167,0.02168982137794151
2004-12-09,-0.0016573753201747365,0.005108157414646763,0.0018140156578194677,-0.0034527406128614935,0.0017259691980882064,0.00040822991508804307,-0.00014763852184307424,0.003742358008162139,-0.0036723163841807516
2004-12-10,0.0037810042347248274,0.002665412354970087,0.004955684742208977,0.00588999566912074,0.004936624416277402,0.0016322533257162597,0.004725130310234249,-0.0017195660907994847,0.006396588486140775
2004-12-13,-0.0063866556465549396,-0.005250844814140843,-0.007396870554765345,-0.006802721088435382,-0.012776606954689074,0.001059235720687557,-0.012080596093646534,-0.006197881451431186,-0.009573419681824569
2004-12-14,0.0021837349397588746,-0.00020791101408612622,0.008789528995891915,0.0027744061036936163,0.0034364261168384758,0.00740680449291875,0.005533984915428114,0.0044060713070803725,0.0015510434292158592
2004-12-15,-0.011095390572641195,-0.010644862696698398,-0.014868832275783728,-0.014957634445789458,-0.01123889179299531,-0.011957663407934027,-0.011332534434039032,-0.013789210547536457,-0.013767209011263937
2004-12-16,0.01068713780386843,0.0036645161290322914,0.003268602191886183,0.014219257438778277,0.011767817003834447,0.010957559898601588,0.011267900698819444,0.008340147179067836,0.011676983680360076
2004-12-17,-0.0006017299736742476,-0.0007735946364105795,-0.0007665772326561626,0.0013846819558633872,-0.005784146181148975,-0.008573970719081059,-0.0017756732761171623,0.0011190398962048764,-0.004342344866227754
2004-12-20,-0.007539564048969827,-0.004722307771275913,-0.0025891829689297374,-0.00769164290035429,-0.004840397697540522,0.003263441298849701,-0.010183812629706579,-0.0007775923795947381,-0.004601226993865004
2004-12-21,0.0014203483591239685,0.011368945647095341,0.003076627247379893,0.003832085002612784,-0.00208877284595288,-0.0021143368301210774,0.005945516900543568,0.0012807833854833195,0.008578259035297409
2004-12-22,-0.000970873786407811,0.007215686274509858,-0.003642288891018808,-8.676036786392505e-05,0.0005224660397074032,0.010594083611767502,0.003126395712371721,0.0016191709844559643,-0.0022449838641785957
2004-12-23,-0.007486472463123506,-0.003542958370239324,-0.0023088023088023713,-0.00702819956616052,0.0002613012803762693,-0.0034674623014272488,-0.006055209260908412,-0.008212091820239187,-0.0007010656197419252
2004-12-24,-0.0033244680851064468,-0.002235391973383183,-0.0005785363031528545,-0.0018350227193288937,-0.004551957341657031,-0.0054215892539245525,-0.0042853729916979555,-0.0030153866214630565,-0.005993031358885181
2004-12-27,-0.0065321100917432595,-0.006866642573184034,-0.006560540279787808,-0.006303072747964711,-0.011315417256011262,-0.010658205190790082,-0.009072505061108238,-0.007749276570699792,-0.005957328899972136
2004-12-28,0.00029366419499310403,0.0027438393042038545,0.0015538506361074678,-0.0011452735441811468,-0.0012841916013868193,0.0020559210526316374,-0.0021337772397094223,0.0006261018568862742,-0.0023496890117484792
2004-12-29,0.00390625,0.008299838179255614,0.010278289537476892,0.0028223672605398598,0.010118043844856706,-0.0016413623307345304,0.004200852302886027,0.003441405542474296,0.01543859649122803
2004-12-30,-0.004037289877413253,-0.0032778355879291565,-0.010365678088108288,-0.0024626209322778925,-0.009762363519588924,-0.008302507192766151,-1.5102090129226475e-05,-0.006383327863472288,-0.007798356774822324
2004-12-31,0.006278623134879702,0.0031315240083507057,-0.004170303559305477,0.0061717510139305265,-0.002562459961563124,-0.0024867374005304033,0.007128294193158746,0.004013145943089214,-0.003054282937664965
2005-01-03,0.004600771742356846,0.005352083114702477,0.0014608492403582751,0.004731861198738141,0.0019255455712452463,0.006149243809207228,0.0025192316343514154,0.003964206994111263,0.007694459988808022
2005-01-04,0.01361414065438149,0.011893384304980437,0.01400369541962454,0.01814058956916087,0.015910276473656726,0.01156260323752889,0.01928053249569972,0.022478905545998185,0.011175555241194068
2005-01-05,0.0002256996689737889,-0.0021721854304636024,-0.0030689555960486947,-8.566044200786216e-05,-0.0013024225058608785,-0.0009797517962116808,-0.0034192298661657183,-0.004358485426314451,0.005547652916074064
2005-01-06,0.007962387199514698,0.00661298064103244,0.008850408850408886,0.0051400668208687605,0.008670520231214063,0.011033017325923655,0.010955515306798613,0.008529814114428325,0.007307637197306205
2005-01-07,0.009569744296432203,0.0026200406373648732,0.0005721369314388713,0.010738941447200112,0.004221635883904895,-0.003071699943416051,0.007938241934309254,0.004883108593313645,0.0034507548526239162
2005-01-10,-0.00358532306049264,-0.002613193962988647,-0.00581339940913006,-0.005649717514124242,-0.002106371774618254,-0.011270574880402173,-0.0049710982658959235,-0.0047005764558288865,0.0008634335875665755
2005-01-11,-0.00395106754805874,-0.002394126409874353,-0.008627300613496813,-0.0028833107191317264,-0.006019366657942782,-0.004264392324093924,-0.003485535029627007,-0.006334264060630201,-0.00756926592402174
2005-01-12,-0.009035464196973209,-0.007183604479188754,-0.011216399149100775,-0.009270284061915213,-0.0049479166666668295,-0.013177400757700575,-0.00636877696164162,-0.008863483091942626,-0.009618104667609595
2005-01-13,0.005603089270841188,0.0053101104502972785,0.0028359084686093716,0.006610009442870712,0.0013037809647979959,0.0019195459856451436,0.004194840053388882,0.0036613420600719593,0.0007077140835103357
2005-01-14,0.007706394018007101,0.007328162610323652,-0.0004875670404680399,0.008101654443117612,0.01107302926443432,0.015243648479800198,0.008544511794347454,0.009781766528925706,0.01203266007735282
2005-01-18,0.004830177106493805,0.00010699192210994468,-0.0013658536585365866,0.0015227138143980579,0.0010556875164953183,0.002379389563504919,0.0029543808834178176,0.00015985165766174703,0.00014326647564466555
2005-01-19,0.0005369745320649155,-0.0026144488315016368,0.0015631105900741904,-0.0005067995607737075,-0.0036813042334999935,0.004174510927396069,-0.0004909463713287376,0.002397391637897872,-0.007112375533428028
2005-01-20,0.005941816498186592,0.001175213675213671,0.0077058134998049255,0.006000169018845591,-0.0007882291119284401,0.005379850016302701,0.007093325628431124,0.00859402404413423,-0.003684807256235989
2005-01-21,-0.006897080236033304,-0.0010672358591249376,-0.00445261833317212,-0.004284274193548265,-0.012966804979253066,-0.009972433922490698,-0.004260446701381371,-0.005185196895205246,-0.012594458438287104
2005-01-24,0.0006134498888119566,-0.00202364469059535,-0.0017501215362176747,0.00025310048089077775,0.0028608582574771724,0.0038489886168209253,0.0014694442043392542,-0.0005561823642519226,-0.00027979854504767143
2005-01-25,0.006716072255674055,0.007025258754759456,0.014512515827408201,0.00877192982456143,0.005228758169934844,0.010034263338227989,0.007955003164739072,0.007329792985022454,0.008180535966149538
2005-01-26,-0.009708737864077777,-0.009876280996123699,-0.012096774193548265,-0.011036789297658722,-0.013030576699780694,-0.005976900088845882,-0.009833164452182852,-0.0037723936548021975,-0.014319477269567726
2005-01-27,0.003759975445058572,-0.0017491784161984825,0.0024295432458698585,0.002620899560365153,-0.0006446621970086497,0.004794019663606042,0.004972614586336244,0.0031212370872677475,0.005170486305198452
2005-01-28,-7.672830507166051e-05,0.0008488063660478939,0.002908385845855621,0.0014335104140315025,0.0006450780544444701,0.004528546013262247,0.0013051272857655949,0.00018953453477177362,0.0033651149747617737
2005-01-31,-0.0012261475975171576,0.0,0.0009666505558241223,8.420343550019638e-05,-0.0010310607036989605,-0.002093060698760252,-0.0005299644780566437,0.003679431504145514,0.0028121484814396247
2005-02-01,0.002458323730506251,0.0030864197530862114,0.003669724770642313,0.005051780752715285,0.004661401009970367,0.0007260406582767498,0.0008455265910947141,-0.0002832058906825363,-0.00028113578858568467
2005-02-02,0.00015366884364187428,-0.001806012960798964,0.0011546233041468401,0.0010052777079669895,-0.0018094868812204012,0.0002418379685611427,-0.0023626106131332536,-0.0022190745986779836,-0.00014054813773722863
2005-02-03,0.004321321089590269,0.0011167242754586137,0.0048053820278712855,0.006695120930621856,0.004413864728028072,0.0012894906511928816,0.00584157421095699,0.007523777977570534,0.0009848058525605552
2005-02-04,0.002475439003635893,-0.0023872679045091605,-0.008130081300812941,0.002493972898827801,-0.0028478964401292828,0.005714745653573772,0.0020405251141553116,0.004336527021103542,-0.002525961268593835
2005-02-07,0.012056682063728008,0.013059601225344997,0.009450337512054041,0.013516875362799663,0.00155581485803169,0.005362144857943063,0.012688150605926651,0.019858775115738858,0.011641113003975079
2005-02-08,-0.0007822889775480624,0.001992460958535558,0.009266335498662626,-0.0015545737195221676,0.0057373842743513315,-0.00684604362362673,-0.0009280872964535503,0.0026747367294848168,0.005280433851862387
2005-02-09,-0.001094006407751813,-0.0006457862447530882,0.0017983909133931775,-0.0027042530525279718,-0.0019521082769389242,0.0028053863417762948,-0.00250534849679096,-0.0028962531630133403,-0.002420273348519242
2005-02-10,-0.006598354292811748,-0.006735086593970485,-0.0014172335600907138,-0.006820049301561215,-0.018144646051622693,-0.00839261449924078,-0.004303654578806215,0.0007643857396195664,-0.014175438596491285
2005-02-11,0.0013992537313434195,0.0025723472668810476,0.0005676979846722663,0.0006618681227763545,-0.0034381764930601078,-0.00209576011607282,0.0019414724013320228,0.0004888332162171771,-0.0008413967185526561
2005-02-14,-0.009013173099145066,-0.013585663688745586,-0.007659574468085073,-0.00992145514675491,-0.004941713127217473,-0.003069466882067884,-0.010664479081214151,-0.012016367911564463,-0.003632807042056818
2005-02-15,-0.00038503003234247046,0.0012173176669842967,-0.004478749761768652,-0.003089770354906096,0.003688159735469876,-0.000486144871171601,-0.001286670097786824,-0.002735407297510206,-0.0015345982142855874
2005-02-16,-0.0006156687702015828,0.006070287539936103,0.011007944864554364,-0.0022616853744344967,0.005627318071364629,0.0068904020752269535,0.0003149245612528162,-0.0029443669611033396,0.0043435617206109
2005-02-17,-0.006802721088435493,-0.008970976253298124,-0.0020829388373414526,-0.0072202166064981865,-0.008118736521628866,-0.008936478544400495,-0.004622209502003427,-0.005284426484302163,-0.006957005704744779
2005-02-18,0.000611854684512414,5.277323341612572e-05,0.0027514231499050634,-0.00025369978858369446,0.0006346788525006808,-0.0012997562956945652,0.0016245669019652187,-0.009593750000000068,-0.008279287981233563
2005-02-22,-0.011715797430083108,-0.007490048187722587,-0.014570914939918578,-0.017340551514126168,-0.0078085642317381465,0.0005693834390758656,-0.013965838955073862,-0.015239958350424354,-0.007803943044907058
2005-02-23,0.0016656571774682494,0.0013636840448967291,0.007777244359097324,0.001807695618490035,0.010178117048346147,0.008210714576050826,0.0012518741720890514,8.010253124002276e-05,0.009257979825894935
2005-02-24,0.00022718667171539586,-0.001989112227805734,0.004287347560975707,0.004554047087128366,-0.0013975352560031684,0.002660861151427163,-0.000857770088539378,0.0006728073688426761,0.0016608996539790866
2005-02-25,0.0007578628268283261,-0.002349992166692627,-0.0018973531922967801,-0.0004276794115131155,0.002292117662040072,-0.0022517088862084034,-0.00033467202141901353,0.0019850481053997893,0.0031935573451820076
2005-02-28,-0.005951484104264049,-0.005195075068834765,-0.009124607927003092,-0.008642820468937162,-0.010957178841309867,-0.009027162085919138,-0.006200783103593843,-0.009298461440143235,-0.01180021953896837
2005-03-01,0.006444764576541084,0.002238883682182502,0.001151079136690658,0.005955977557186021,0.011851663055945094,0.010573403822692118,0.005067740754302497,0.002241610088858037,0.00247592847317768
2005-03-02,0.0047230898148853395,0.004287805898347541,0.0032576410846028026,0.00866655225673596,0.001659433239724173,-0.0024144869215291243,0.007053234432608191,0.006999420737594075,0.0004128250997659233
2005-03-03,-0.00022848438690026285,0.0013613990993821545,0.002960557730875779,0.002722245852828653,-0.0010201479214485554,0.005486083098023231,-0.0035019173721148045,0.0007190451080965055,-0.0021968968831523883
2005-03-04,-0.008607671398369154,-0.007535207607961225,-0.005332317653780283,-0.009077797573598168,-0.009723449930546968,-0.011153012918238003,-0.009337380015392971,-0.008398799259117351,-0.009115646258503585
2005-03-07,0.0031053548435961975,0.004384362440628342,0.007275512157763897,0.006592465753424648,-0.0007570977917980004,-0.0019474196689386325,0.0016564057461154746,-0.0004347686064862799,-0.0006798096532971698
2005-03-08,-0.010418228151701348,-0.006894049346879427,-0.006747766584299542,-0.012758356723653885,-0.006144971156257895,-0.011138211382113905,-0.009029312338108997,-0.011099476439790479,-0.005812381724790483
2005-03-09,-0.003138075313807498,0.0027548209366390353,-0.006123815902784435,8.615490652186253e-05,0.0055485498108449605,-0.008139439283071592,-0.0010041939866501925,-0.002296940670511227,0.005436259853221159
2005-03-10,-0.0018644194197925401,0.0003119638121977797,0.0026956772889188407,-0.005341144038594092,0.0036704214656371192,-0.0011604774535807216,-0.00031043046357626114,-0.0052249163196995685,-0.003925815622038864
2005-03-11,-0.004158930560712926,-0.0014537147603965739,-0.0021123379740758397,-0.0038974536636066093,-0.004410282258064502,-0.0007468879668051098,-0.004657902908601463,-0.004234714813295071,-0.0016218407892958364
2005-03-14,0.008916529297167575,0.007585268884703789,0.010391609737323115,0.010433875315190022,0.008899059242308605,0.0038202807075826684,0.012300927026384523,0.008488964346349714,0.003254237288135675
2005-03-15,0.0023282012767555926,-0.0009407337723423836,-0.004475764212932054,0.002581533430858096,-0.0035469977197870595,-0.0019028708529826854,0.0018197828001174088,0.004380373312412145,-0.004185795301107298
2005-03-16,-0.008045891380466519,-0.006748338870431914,-0.004208915247752132,-0.011072010986181602,-0.006544173168890111,-0.0021551724137930384,-0.007939763272002742,-0.009145646867371737,-0.005906040268456203
2005-03-17,0.0037388768413970652,0.001247401247401303,0.004514889529298793,0.0035584099982644,0.0013862633900441068,-0.0008307027745472206,0.004415108827264369,-0.0014124293785311437,0.0016133369185264979
2005-03-18,0.004657801818045204,0.002501042100875317,0.0012431863823276768,0.007437516215514917,-0.00025198437696860587,-8.31393415363646e-05,0.007100748298319637,0.004934048222098086,-0.0012085403518196092
2005-03-21,0.011090011393847243,0.011489406556340231,0.0038204393505252288,0.011674821873122188,0.009026188660056,0.006901139103683285,0.011240219549223385,0.012880102124316783,0.010447761194029903
2005-03-22,-0.003406510219530645,-0.001210717481707646,-0.001046622264510022,-0.0023759015697921715,-0.0065673149785298035,-0.007679603633360954,-0.003161359240118844,-0.00030700124416294106,-0.00512958963282939
2005-03-23,0.01576316801230293,0.015230867892261468,0.007334031812553654,0.016670919452241195,0.022073060539563594,0.009652991595240135,0.016363768011005808,0.01797316954905437,0.02717692734331667
2005-03-24,0.003704561241027804,0.00016035063338515343,0.0047276853252646855,0.003095457207395569,0.004668655167941793,0.0014011373938844773,0.0017525112203462534,0.004620367724111674,0.009235936188077165
2005-03-25,0.00023158869847161867,0.0013380432455576408,0.0005646527385656519,0.0006672226855712893,-0.0010364036792330777,0.0024691358024691024,0.002033907947886382,0.0012485578366761008,0.001822515070797559
2005-03-28,0.0059796536460354766,0.0014471780028944004,0.008465011286681756,0.005167527921320136,0.004424202992843407,0.004433497536945774,0.0037614796099416647,0.008460664225280912,0.0053558844256518245
2005-03-29,-0.0027878881747074313,-0.00506612627986347,0.0025181869054280437,-0.0021558872305140753,-0.0038885288399223006,-0.008092202059833298,-0.00048079642513720877,-0.005822689706987183,-0.0032312447316660275
2005-03-30,-0.0023949320148332065,-0.00340136054421758,-0.0014885105591216918,-0.005816852251952942,-0.0002591680704938648,0.0023897816234033087,-0.002178772530488593,-0.0040462245733359214,0.0014068655036578726
2005-03-31,-0.0019276736833988561,-0.003811944091486774,-0.0010248765489611067,-0.0010030090270811698,-0.0015525941260189358,-0.005754685958566208,0.0015880217785844142,0.00303514124472426,-0.002525961268593835
2005-04-01,0.005660669975185995,0.005269040395976532,0.0032643163588881308,0.007530120481927582,0.004157463946992346,0.00429965272035715,0.006412797281993177,0.00018912231485712638,0.005077574047954947
2005-04-04,0.004517837669419045,0.002989377035178542,0.0066003532583434055,0.00548081714001003,0.003520208604954611,0.004610571381524764,0.0054013756628641385,0.0048374643493058755,0.0026870315372649056
2005-04-05,-0.0003114779629341813,-0.0021307196505621073,0.0013852973771704136,-0.002312520647505867,-0.0005212405525150121,-0.0003278151122766415,-0.0005456300628174926,-0.003638074329622043,-0.0011301031219099755
2005-04-06,-0.0020205160087036766,-0.0007451961462714429,0.0022134095729964276,-0.0015728476821191828,0.0020893183598851284,0.0014756517461880225,-0.004101458607463804,-0.0007397148163302836,-0.005898048026962477
2005-04-07,-0.0029443669611033396,0.001012361466325773,-0.002116499493880597,-0.004062681369703891,-0.003383654346694409,-0.0009004584151932615,-0.003176611146250563,-0.0034965585673559785,-0.004612804025720063
2005-04-08,-0.0004646840148698761,-0.002974925626859304,-0.0016599040944300647,-0.0022477522477524214,-0.0054361894900335495,0.003850880786562927,0.0009447397735444785,0.0005373879783148183,-0.0025097601784715984
2005-04-11,-0.0046253469010176795,-0.00444256399407672,-0.00434140033253283,-0.004171881518564735,-0.0037395228884591347,0.006366307541625815,-0.0059448341926577886,-0.002669699698276684,-0.005959805959806053
2005-04-12,0.007690515031461231,0.0035028128648764145,0.004360330271824919,0.008546292417260126,0.0027152831652443865,0.006326034063260266,0.006433875630633246,0.006129819114898627,0.0031979977753060496
2005-04-13,-0.0034835113794704498,-0.004648705758055871,-0.00868280066506566,-0.003073855611863463,-0.008080030781069447,-0.003465506125080564,-0.0031259680644343257,0.001117740589726246,-0.00772626931567344
2005-04-14,0.007722911303533753,0.00659364032755505,0.008013417815877943,0.011249999999999982,0.010628645495787348,0.004205418520016213,0.011737951296683313,0.010111334759089097,0.004991680532446141
2005-04-15,-0.008431311881188064,-0.006550449022715177,-0.004899242004067328,-0.010218376596621281,0.001557834609892117,0.0002416042522348505,-0.009312130900358762,-0.008982641861913221,0.005156794425086986
2005-04-18,-0.008360819206872927,-0.006403527188746705,-0.002415234556432888,-0.0128215802181334,0.005088726513569952,0.004991948470209229,-0.006299323562570458,-0.010980552326494752,0.0005578022590992937
2005-04-19,0.00023016725487212675,-0.005896164883902877,-0.0034453859763479144,-0.0011807371173147008,-0.00519210799584624,-0.0058484217272873895,0.00017018138499280688,-0.00020648358455499505,-0.005960632104241803
2005-04-20,-0.0035168195718655593,-0.0016669271240298267,-0.001868809568305041,-0.003884150975259626,-0.006576402321083252,-0.0016923200902571045,-0.0046933711449840265,-0.007164871477139068,-0.008657413769410427
2005-04-21,-0.0009928969678453248,0.004868090452261331,0.000280846283467584,-0.0007629058235143482,-0.0016735324407827212,-0.0003228931223764331,-0.0007692965210701619,-0.0029602368189455275,-0.0012352456766401287
2005-04-22,0.0019130700948881696,-0.002454179938384482,-0.009358914365933502,0.002799457074991407,-0.006522573219081673,-0.0033914728682170603,-0.00031365839749075697,0.000962927298989058,-0.004780767654691931
2005-04-25,0.006469500924214389,0.0017785217345818172,-0.0017005196032120473,0.0054140935623043784,0.0025644313373507366,0.002430724355858116,0.003565418294874334,0.005130671797338504,0.0038392979569450425
2005-04-26,0.00154273372415914,0.00404411764705892,0.0034068325920317832,0.0007572570466976014,0.0008983572895278069,0.007274490785645016,0.002827989995452418,0.0008454298931248605,0.006069802731411222
2005-04-27,0.002009584170659995,-0.0003675119441383101,-0.00047156465151365623,0.002185976122414557,0.003606388459556964,0.0002407318247472645,0.0011195034506215062,0.000446264921983186,0.004433975336012086
2005-04-28,0.0017033137194177872,-0.0026182122846519773,-9.435742592944774e-05,-0.0001677852348993536,-0.003976908274534896,0.0034496590453267917,0.0033972199416809623,0.0044447276608625685,-0.01014949938280052
2005-04-29,-0.0002322161157983782,-0.0013073946239932077,-0.012550721902425233,-0.0016781339150864216,-0.004978299719172963,0.004796929964822505,0.003343396439353441,-0.004155432196669251,-0.0073519400953030445
2005-05-02,0.004822275803064269,0.008597499868136405,0.004109327217125314,0.006891914607497052,0.004874294510005317,-0.0012730744748565836,0.006425488238685162,0.007119194750589308,0.006854009595613331
2005-05-03,-0.0024827372177824714,0.0025912215758856494,0.0008565718092701236,-0.0006677796327211327,0.007625694713712994,-0.0008763543658382167,-0.004065381391450185,-0.004000948841622609,0.004544202698981037
2005-05-04,-0.0036332714904144803,-0.00473684210526315,-0.0037086344617724976,-0.0037587704644169717,-0.005143371480004988,-0.003109799856470752,-0.005456662318169658,-0.00576355149090213,-0.007652364033889136
2005-05-05,0.0,-0.002519949601007987,-0.0034360981196907003,0.0035214219837342853,-0.004225352112676051,-0.004319308910574415,-0.0007052186177715081,0.00025551350229169323,-0.005165851005981548
2005-05-06,0.008104738154613544,0.006765327695560153,0.004980365865338676,0.007435876013033527,0.006054360427669936,-0.0015263496143959054,0.007918136908962481,0.010840584337830306,0.004232081911262675
2005-05-09,-0.0005452138016980301,0.00445954555107253,0.005813399409129838,-8.293249295077132e-05,0.004139179924977254,-0.004183763778260463,-8.402066908452799e-05,-0.0012003664276463155,0.0020519835841315004
2005-05-10,-0.0029509979032383837,0.0004248990864668123,-9.475080538190461e-05,-0.0038981504520194665,-0.003351811267242377,-0.00032318009210630105,0.0013164344233596026,-0.005692779657800795,-0.0006835269993166193
2005-05-11,0.005779895337030494,0.004963971176941584,0.0019899554629014826,0.004746044962531171,0.0015493867010973883,0.008162935423907003,0.0074126910865885964,0.004246318267120408,0.0006839945280439075
2005-05-12,0.0076341885723281155,0.004557640750670222,0.0088897295252508,0.007044004309273211,0.00859486912358376,0.0015231681898348892,0.007219314442793889,0.008330034048618318,0.015983321751215973
2005-05-13,0.004824041122973632,0.0064759848893687355,0.0043119610048742985,0.006171823568136725,0.008934436999080253,0.01056591691347153,0.0033081090021915838,0.004130608911435241,0.010249929795001389
2005-05-16,0.0011876484560569,0.00881968641114983,-0.0011200298674631792,-0.0003271448433793678,0.006080634500991611,0.006178217821782184,0.004011595158609049,0.002580786436012339,0.0059322033898305815
2005-05-17,-0.0011072445428662592,-0.0017933807945221814,0.0012147262193984432,-0.0014726335596826345,-0.0013201320132013583,-0.0030701409115957423,-0.004474487212818512,-0.0012324685252500522,-0.0028169014084507005
2005-05-18,-0.0012638230647709081,0.0010336198455009882,-0.0009332711152590933,-0.0013109381401064102,-0.003027112397999465,-0.0036323436512949447,-0.002652775105148941,7.81005935643897e-05,-0.0030890199382197503
2005-05-19,0.0025340513145390986,0.0008166820928841023,0.003549743110696113,0.0037738944950365116,0.0017139090309823413,0.0007132667617688604,0.00445142707515056,0.0025614994142912906,-0.00042105263157898865
2005-05-20,0.005974667410180601,0.006631590485585814,0.006888206273852671,0.008173273395995162,0.004635761589403931,0.0,0.002538280006585847,0.00727538986430698,0.006071731149392967
2005-05-23,-0.0017495029821074093,-0.0022965879265091083,-0.004160118332254825,-0.0019456830158086635,-0.004351839641302924,-0.003880573374514862,-0.0021212826232738236,-0.0032788913635238837,-0.0015508247568025713
2005-05-24,-0.0010327295837304629,0.0,-0.002413665057556691,-0.0014621070587279572,-0.0052472779745508236,0.002703132453490298,-0.0010011794717065259,-0.00308795233070569,-0.005468311833987549
2005-05-25,-0.0011109347722584317,-0.001310615989515096,0.002512562814070529,-0.002359066135198984,-0.00039339103068436465,0.0022993973993021832,0.000631512472371476,-0.005914857187329758,-0.0008405715886803389
2005-05-26,0.006790764560198115,0.005877506179621017,0.002042142393019475,0.007746249184605425,0.0028932140978432663,0.003085198955778745,0.008135881570101589,-0.0011900101777185812,0.0032326071679551482
2005-05-27,-0.004057924888605791,-0.0012070006035002079,-0.0006484483557203102,-0.0028319443320657944,-0.0024924570379116773,-0.007492113564668834,-0.004572672836145819,-0.004185674646098869,-0.003780453654438465
2005-05-31,0.01773422949226644,-0.00021940650540286377,0.0008342602892101869,0.009980525803310547,0.004215518377025385,-0.005800556217719355,0.01317948157060056,0.011806933031075939,0.010898796886058104
2005-06-01,0.009565075212557339,0.0061258278145692735,0.0041678243956655425,0.006587932835221411,0.012403307548679576,-0.0032768542199488326,0.008460625033734459,0.004667662434652664,0.010151558478695977
2005-06-02,-0.0027718897766181305,-0.00198281559814939,-0.001014572957019011,-0.0011174076143346534,-0.005042462845010531,0.00016037206318664232,-0.0036796681608349813,0.00010840612029983099,-0.00014295925661178543
2005-06-03,0.003189662222949252,0.002042055301065382,-0.004339396177638233,0.002397123451857608,-0.0015898251192368873,0.0008017317405595303,0.0030889067955950367,0.0001393641895972575,-0.0005715102157450858
2005-06-06,-0.003342028040430489,-0.00494261079685876,-0.009087537091988174,-0.004463929852530968,-0.013204340436658413,-0.002883922134102379,-0.003039228812424688,-0.007245928036167748,-0.013530655391120638
2005-06-07,-0.0007330781135457265,-0.006058951965065562,-0.002058768482126161,-0.0020017615501640718,-0.005977907732293564,0.0019281754639672855,-0.001208653962370576,-0.002370555208983216,-0.007692307692307554
2005-06-08,-0.003490259740259738,-0.002613240418118279,0.0023443360840209593,-0.0006418485237483784,0.0009105098855357596,-0.00248576697939229,0.0022723300122355905,0.004267758879439754,-0.0013966480446928609
2005-06-09,0.008513425016371867,0.00873194574111702,0.005893909626718985,0.007707129094412402,0.0016938110749187274,0.008762057877813367,0.01034316224410392,0.006709111003875945,0.003925967470555403
2005-06-10,0.007338995629586842,0.004468225948808469,0.008649553571428603,0.010834926704907488,0.006557377049180246,-0.004542194597178861,0.009613214186129815,-0.0010050717466600911,0.00876944837340865
2005-06-13,0.007644370585791371,0.006496030203764436,0.010419548178884241,0.0070933165195461445,0.00434668071654376,0.00688440601985274,0.014137853939529377,0.009813178138591727,0.0042613636363637575
2005-06-14,-0.00024921083236406627,-0.0028236075739122013,-0.001825150574922496,-0.0001565190170605968,-0.00822991508817772,-0.0019080934965812757,-0.001322751322751392,0.0021305620698641725,-0.007332205301748607
2005-06-15,-0.005617049396993257,-0.008617377463087994,-0.00036569756811111187,-0.005165936130244297,-0.0032552083333334814,-0.012505974191492797,-0.00507726269315667,-0.004863872743958497,-0.004910902202890366
2005-06-16,0.0014062370750267394,0.0007140503130835807,-0.002377903786354496,0.002517702596380955,-0.00531019298018387,-0.0016939582156972888,0.0005742700896644859,0.0006301681473057652,-0.0037741123846800617
2005-06-17,-0.012336601307189499,-0.003284791415745003,-0.002291895856252335,-0.008711348296970733,-0.007073045267489642,-0.0021008403361344463,-0.018170434238159117,-0.009707693961875874,-0.0029268292682926855
2005-06-20,0.008237232289950658,0.0019198069222752245,0.00542129927409718,0.007204496872773358,0.0011587485515642815,-0.0025101214574899666,0.01032283778397769,0.004932450248949172,0.002795248078267143
2005-06-21,0.0004944783253666429,-0.0004934210526318372,-0.008225187351489693,-0.001572079861656972,-0.0020557625594244122,-0.000730578780745117,0.0021434113114258135,-0.0008026053805429978,-0.0011168504816417846
2005-06-22,0.0003297609233303689,0.0012075968822045091,0.0034095097677848685,0.0007085498346717234,-0.001155030800821355,0.003330625507717233,0.006534575515024121,0.0035682839797952504,-0.0005581135761127953
2005-06-23,0.006304961008793741,0.0020902090209020674,-0.0009183579759389771,0.005113681063645847,0.0074993535040082104,-0.003238604161606373,0.015448193148041911,0.015299839921191882,0.012717253073336154
2005-06-24,-0.002812706816677668,-0.0022501509247571105,0.0039525691699604515,-0.002113337507827273,0.006507027589797154,0.0014621070587279572,-0.0030939879064870723,-0.004972559958764111,0.0026919807310852306
2005-06-27,-0.005266622778143493,-0.0016984440061363903,0.0015564914850760836,-0.004314063848144811,-0.0002602133749673996,-0.0017844107389084485,-0.0046489465821871745,-0.003839473443641994,-0.0019796380090498777
2005-06-28,0.006126842192416104,0.005232141873657392,0.004570801718621453,0.007641405388372213,0.005494505494505253,0.00024376371170897748,0.006714882715969539,0.006530849469272848,0.008412947383430902
2005-06-29,-0.0019006693661680618,0.004258849557522204,0.0034580034580034003,-0.0003908998514580153,0.002491803278688698,-0.003818034118602931,0.003906952833826027,-0.007324226169672765,0.0035775615340585265
2005-06-30,0.0002479748718795527,0.008365867261572735,0.005803935793960324,0.0032066322540278414,0.0009188763454974769,-0.0005708228002935245,-0.0011521622244412555,0.0008266107428780423,0.004167265411697096
2005-07-01,0.011792255582503852,0.012536706573300194,0.006942566044540799,0.010758556170577638,0.013571048430015997,0.01321801566579639,0.015302983697323969,0.009957021152934287,0.01784408366242518
2005-07-05,0.003356549467147696,0.007854297097324991,-0.0006267908309456338,0.005476282298495949,0.013211108115395165,0.0015300370430020305,-0.002486808553611608,0.004225224133753258,0.010344318013890907
2005-07-06,-8.3906695754421e-05,-0.0007393505090144137,0.004121494489740973,0.00038355323718919365,0.0009445418971798514,-0.005789177454370131,-0.0031257513825438954,0.0015080454223281858,0.001776461880088842
2005-07-07,-0.0008383635144199042,0.009472959007922777,8.92299455697021e-05,-0.004830917874396157,0.0010806429825744868,-0.006227254346947042,0.0007997562647574785,-0.004938940838114192,0.003714710252600284
2005-07-08,-0.0005027652086474488,0.003341013824884831,0.0008029978586723274,0.003236245954692629,-0.0009446693657219063,-0.006591796875,0.003906795032789123,-0.002088282916937745,0.0004459640255687347
2005-07-11,-0.010939830929885486,-0.01155838979673185,-0.0036551662654898953,-0.010291858678955546,-0.00909334046536514,-0.007536659293847725,-0.008591825131088582,-0.007127151414057176,-0.0091324200913242
2005-07-12,-0.010983606557377068,-0.010702416492987088,-0.007337151037938527,-0.010243675306534139,-0.01071570313533543,-0.0055303342963267665,-0.015803224367552327,-0.0107063764795724,-0.00847086315174539
2005-07-13,0.009098428453267138,0.011336447533325744,0.010275824770145991,0.011447389054414225,0.010831773201390726,0.002075033200531262,0.004648753641955272,0.007811776330008957,0.0198093535895143
2005-07-14,8.271982794272326e-05,-0.0017628660790446338,0.0005353319057816996,-7.751937984490365e-05,-0.005320563979781867,-0.0001656589083077753,0.0022942874819551484,0.004197303921568585,-0.006804733727810541
2005-07-15,0.004320013292348657,0.0029658358523925177,0.0016051364365969878,0.004884099542600273,0.004006410256410353,0.011183829011680801,0.004050821738123878,0.006849315068493178,0.003413982484785416
2005-07-18,-0.003312080814771856,0.000570678536780278,-0.006232193732193636,-0.0035488350563184223,-0.00702824559077031,-0.004260199901687578,-0.003176351550392531,0.0019090041361755627,-0.007074428887251294
2005-07-19,0.006332805599533309,0.009156876295784322,0.01191542734277018,0.009213378755032586,0.006540309663641164,0.0026328780648345873,0.007811998098395279,0.009209272785011047,0.00667655786350152
2005-07-20,-0.0037356798937405733,0.0035254002196150047,0.004161133244798609,-0.00490985807441513,-0.006366047745358205,0.00262596422123762,0.00030597804607523926,-0.008690700949983476,-0.00044490582826628433
2005-07-21,-0.005531247420127228,-0.009615934977963425,-0.026009522130135854,-0.0064759848893685135,-0.011795543905635753,-0.003355704697986517,-0.004983367532914396,-0.00683212914537934,-0.014901387874360905
2005-07-22,0.00281480254987998,0.0033308447711479783,0.004616638001267326,0.004966245053154239,-0.004046469129356356,0.0002463661000247086,0.0014986550531572718,0.0019024137826073595,-0.00363901018922852
2005-07-25,0.00207400033184002,-0.002406187338871324,0.005496485853306865,0.0010809976063625992,0.0036682824577491946,0.0011494252873562871,-0.0020080064460843428,-0.0030532727742249577,0.004679730915472469
2005-07-26,0.003914383276422129,0.002296870513924798,0.0063625772918720624,0.0032394909371384895,0.006328279499011158,0.007954731835328799,0.007535563244905674,0.00283406978515921,0.00131790891785033
2005-07-27,-0.0034030544488712344,-0.0013189585961692618,0.0,-0.0016145152610133051,0.0038380095288510496,0.004068017248393119,-0.0031417741484137673,-0.001124346663425202,0.003526818515797281
2005-07-28,-0.006022605395594294,-0.006211888072035099,0.0003561887800533903,-0.008162636685661417,-0.0019812442213709147,0.00032412284255722845,-0.010782049482589207,-0.00740774542910172,-0.0036603221083456594
2005-07-29,-0.0006595762222773027,-0.0026146762917071964,-0.0008011393982553239,-0.0007763975155280489,-0.0030287068738477085,-0.007128392061563349,0.0011351030621984393,-0.0072025132173779705,-0.0005853087503656651
2005-08-01,-0.005412054120541132,-0.005764340209098551,-0.0011581291759464873,-0.006993006993006867,-0.003150433184562984,-0.009871909929020206,-0.007163656041435873,-0.007146716060816627,-0.0017528483786152238
2005-08-02,-0.0011466950610206084,-0.0018614620938627313,-0.00749197288619341,-0.0021126760563379143,-0.0040528173617466745,-0.0011535926170073152,-0.004022943756650799,-0.000699605111781354,-0.004652515266065693
2005-08-03,-0.010375293831563548,-0.004492362982928988,-0.0020668583752696534,-0.010742570375597893,-0.008940139932625102,0.0004949678270913527,-0.008795017459738319,-0.010594769513200597,-0.005350686912509173
2005-08-04,-0.0037147702495355928,0.0006180816991625537,0.0010805943268799023,-0.0025364616360178394,-0.002713528879700111,-0.0007420844327177267,-0.009451447951309921,-0.0018711868670986398,-0.0012998266897746857
2005-08-05,0.004542873367404887,0.002760874464728502,0.008275613924620062,0.006277813095994844,0.008864554816842452,0.005445993893885559,0.004803991825251375,0.010287190635978494,0.0042059463379260364
2005-08-08,-0.0027505865221260084,-0.006437888372613831,-0.001962708537782132,-0.004422332780541827,0.0024830109775222375,-0.004349610176446306,-0.001928258228115598,-0.0014033993450803806,-0.005337564916330084
2005-08-09,0.0011338786749819363,0.0010647836807891053,0.0017877893984088455,0.0008725311334973895,0.006709643467964765,0.0006594131223209843,0.001323276432446674,4.6845721424215725e-05,0.0024584237165581335
2005-08-10,0.000162008910490119,-0.004352192835620938,-0.012492192379762623,-0.0007925186241877213,-0.005104712041884896,-0.0022240527182866288,-0.00043610413638173195,-0.0019986571522259133,-0.0037458579455410534
2005-08-11,-0.0071577931478207235,-0.008245254828177617,-0.0067769043101111315,-0.009597081218274073,-0.012537159105596607,-0.007264921984644679,-0.011568412284992724,-0.00854259563482751,-0.01574021554169025
2005-08-12,0.0004827808175089654,-0.004242891778708402,-0.0033660844250363864,0.00024024985985438008,0.001812767059433007,-0.006569646569646426,0.0015649661592787023,0.003140336757720519,-0.003532570298148796
2005-08-15,0.005338941918783258,0.0033171163202121434,-0.001369237790962985,0.00504403522818242,0.0052062996225432645,0.0018416206261508972,0.0038194954526635794,0.012065819280141055,0.003829787234042481
2005-08-16,0.0016204829039054847,-0.0004420866489831532,-0.0002742230347348995,0.0015932446427149305,-0.0006503642039543678,0.00100267379679142,0.004257300605335024,0.0014766456827541852,0.0014204545454545858
2005-08-17,0.0042310821806346155,0.001106439477760457,0.002377251531498592,0.0019883878151594203,0.008526826708644908,0.0075125208681137146,0.0059614492945618824,-4.6562160484153736e-05,0.0015649452269168584
2005-08-18,0.009196912465101015,0.00707560309766575,0.008300647632947245,0.008493411652643168,0.011410375480960688,0.008947804473902199,0.008072693751234539,0.01260341161314349,0.010785159620362306
2005-08-19,0.0025520704700749963,0.0008922098923773714,0.0012665098606838843,0.0040141676505314194,0.004263824117255233,-0.0021349975365412277,0.007485499294560327,0.007541501249252791,0.0033184244697734844
2005-08-22,-0.00719248058847588,-0.004938408611696921,-0.008402602096133083,-0.005017246785826268,-0.005696873343932318,-0.009216589861751223,-0.008026348206065848,-0.00816966119487006,-0.005452719184961818
2005-08-23,0.0018013592074019869,0.0014447655034453,0.0007289293849657152,0.00236369366530087,-0.00039729837107660426,-0.004900332225913684,-0.0003529319494914862,0.001779304844004015,-0.0005736411874373015
2005-08-24,-0.002124356565078811,0.0017255775118285577,0.004734589820631907,-0.002986951737148247,-0.0001324152542371282,-0.002086637175527928,-0.002929061784897047,-0.0040575715816872915,-0.000716537689882446
2005-08-25,-0.00584842823491194,-0.004433361041839778,-0.004077933846850845,-0.010091453800063044,-0.006315789473684275,-0.005687520910003241,-0.00583598903620941,-0.009916211853332246,0.0008605851979344159
2005-08-26,-0.001054852320674926,-0.0011624045167719643,-0.000454959053685311,-0.0011946479770628127,0.002109704641350074,0.005131224764468367,-0.0006463868295384367,-4.658385093170292e-05,0.0
2005-08-29,0.006205094709340164,0.003332222592469236,0.006190259444697421,0.008053584243680634,0.00824248869981381,0.0013390241861241936,0.006388848555249016,0.0038666397502988836,0.00519031141868509
2005-08-30,0.003605375286791279,0.009304932735425986,0.008685424771555095,0.004825185888308825,0.0070959967867185725,-0.003844546594233167,0.003554517910310695,0.0027534572904743815,0.00828608809419995
2005-08-31,-0.010218978102189857,-0.0095491894292693,-0.00583011929321009,-0.012359285208218607,-0.0059888208677135735,-0.0021813910562966665,-0.01193276871601845,-0.016953597433049583,-0.007645701096364865
2005-09-01,-0.009399855386840072,-0.014606925980633623,-0.00613496932515345,-0.01163717519528129,-0.012485214877119288,-0.003195156814933209,-0.009656212383761575,-0.013103177716751624,-0.012957425601594741
2005-09-02,-0.007257935874940169,-0.006738031842634218,-0.0045388525780682976,-0.00911290322580649,-0.00522944175709239,0.002108814846056406,-0.012461766552244624,-0.012164096040705896,-0.004394669690955366
2005-09-06,0.004405992149323135,-0.0009229098805645375,9.119095385745624e-05,0.006429559697241016,-0.0024778299426186923,-0.0010942760942759255,0.007357714780350522,0.008482897384305854,-0.0025452488687783825
2005-09-07,0.0035372618377682574,0.0014135044036098776,0.0035561229141971573,0.002668607472100959,-0.0020822488287348673,-0.0010112075503497797,0.00508861439312569,-0.0005905637489626026,0.002125549100184365
2005-09-08,0.0031451612903226067,0.00032629976071341105,0.003906959840087154,0.0034680216146463216,-0.0036307053941908585,-0.0027836355967946202,0.004060967953085193,0.004375948255210371,0.0005671345526725435
2005-09-09,-0.002654226654870251,-0.0006521739130435078,-0.0072404742510634446,-0.0023308149815141066,-0.0024576380804552933,-0.006174928100152188,-0.0027806234450461487,-0.0034187218750496573,-0.0024045261669023432
2005-09-12,0.011800130208333481,0.008993200263215595,0.002005652292825122,0.012648030290824064,0.001554605518849561,0.008936930802621479,0.008818742161859294,0.014184510323260069,0.002126151665485354
2005-09-13,0.00203865285819127,0.0012078620841113885,0.008552452006186817,0.004375497215592716,0.0054708870652599995,-0.004555424329340418,0.006215697943529719,0.002564384940924702,0.004985754985755264
2005-09-14,-0.0015469793193290116,-0.0016443762332822853,-0.005232295895354122,-0.003643564356435647,-0.004280155642023331,0.001949152542372934,-0.002838930143918006,-0.003075667702350793,-0.007773851590106129
2005-09-15,0.005402750491159125,0.009685096020809247,0.0019044164323933632,0.007472772080451495,0.006264682850430692,0.0033832360652965576,0.006985725395088904,0.003525893278766068,0.002977034306776316
2005-09-16,0.00016374652038630977,0.0018852231771553374,0.008146270818247592,0.0029195928351613,-0.0005217845030002222,-0.0031189412458904053,0.0014398094215892776,0.00028233522602505445,0.0022733731173629756
2005-09-19,0.005019336789270135,-0.00033257579956769145,-0.0007182618064284219,0.004012588512982029,-0.000651805501238556,-0.011415525114155334,0.004195584833156962,0.005221727403876164,0.003994293865905885
2005-09-20,-0.0019709288001970027,-0.0002770697107392639,0.0021563342318060563,-0.00031345505838098475,-0.002859742623163797,0.001111966469934167,-0.002121567096186383,-0.0022463146400436562,-0.00042777698559814947
2005-09-21,-0.0025393184796855817,-0.0028181466541414846,-0.0018827326519634813,-0.0036842517833347577,-0.0016869971450816923,-0.001879699248120481,-0.002595640888517825,-0.0012507621832054117,0.003433967663471149
2005-09-22,0.004525631531309138,0.010046324719539923,0.00269469145782808,0.006058221872541347,0.009563736407703471,-0.0011984249272383174,0.006290212899513481,0.0032247460121161975,0.006770383174877548
2005-09-23,0.006292953548066693,0.0072520800539690455,0.004837409298575679,0.007820442637053171,0.007789807235278445,0.00385670209118949,0.008824026303135835,0.0071777427559411855,0.0112163146394757
2005-09-26,0.0034064473246926408,0.002366730530823924,0.0021396095212622424,0.0037246837898659013,0.0009250693802036469,0.004866387774267844,0.0031947235533569263,0.006677304909600723,0.0023361074609431487
2005-09-27,0.0020814253600864863,0.0039033772698986446,0.008095365181033598,0.0024739080015461212,0.00398036353987008,0.0005947323704331708,0.003338640916328517,0.002862507310166462,0.009135111242080551
2005-09-28,-0.00041611185086543045,0.0021543171381597226,-0.00044122837980931084,-0.00046271304079581466,-0.004622292657157856,0.0004245563386260365,-0.0007934882768505513,-0.0017494322018292152,-0.00919708029197086
2005-09-29,-0.0003327787021630835,0.0010783200908059953,-0.001147700185397671,0.00023146362163406486,-0.0027657052548399896,-0.004837888304192628,-0.005571637164741294,0.0012759415833973886,-0.01011560693641611
2005-09-30,-0.003151434732128089,-0.0042947558770344285,0.0013257910553297059,-0.005708114779389151,-0.006541933795630062,-0.01006396588486147,-0.004495163513182687,0.003039933674174433,-0.002594407610262306
2005-10-03,0.012086620782272961,0.007859665109921643,0.007767675876070301,0.010240496508921781,0.001966439433665368,0.004307745326096235,0.010311812653642116,0.01086773507217087,0.003761574074073959
2005-10-04,-0.0003356267830172399,-0.001648945243645894,0.0014014189366733376,-0.00030717247734601827,-0.0002621231979029748,0.005404477996053814,-0.00042260555534212596,0.0017262003906663992,-0.005181347150258975
2005-10-05,-0.005507343124165454,-0.0038516001132824496,-0.005335432519898542,-0.007297587955139129,0.008325624421831712,0.006228668941979487,-0.005291208650421431,-0.006121986244425948,-0.0011500862564692849
2005-10-06,-0.012280557158163674,-0.004117779783393338,-0.0015828350334153862,-0.013619128685289805,-0.000660327522451043,0.0018655134401763807,-0.00993032032044916,-0.010190114068441058,-0.0012921751615219135
2005-10-07,0.001485761452744594,0.00732996192965496,0.002466091245376001,0.0038440417353102774,0.0005285412262154843,-0.005840033855268656,0.0023155977624560453,0.0024585125998770607,0.0007183908045977905
2005-10-11,0.008322929671244372,0.006289667791183007,0.003426462836056965,0.006564551422319376,0.004512874966817293,0.0006810829218457659,0.00813778423839695,-0.0007664009809932315,0.0037496394577443137
2005-10-12,-0.0020764119601328623,-0.0024526579968059403,0.0013133701076963877,-0.0023291925465839247,-0.0015902464882057155,-0.0040837161817253165,-0.0010943031863533959,-0.005414940941862345,-0.005164992826398818
2005-10-13,0.008544144747864024,0.0027453671928621137,0.00533403287862888,0.010428015564202475,0.010444563470808799,0.011105416025969594,0.01605877046011095,0.011351543100390105,0.012051691592856129
2005-10-14,-0.01118197631077622,-0.010918142218702354,-0.008176045925023856,-0.010936537276648228,-0.009023354564755781,0.0015207840486650692,-0.008726977522959145,-0.016058438686654575,-0.012333285529901095
2005-10-17,0.0027408637873755914,0.0070643194895461114,0.007278786284311112,0.005295125369880083,0.004398240703718637,-0.0044710646195377235,0.005451195168142631,0.004572225666459984,0.0007175660160734232
2005-10-18,0.008459669989111296,0.0037742322868417055,0.007400313425039107,0.008520526723470256,0.0038801177415039856,8.473858147617364e-05,0.007037951485224125,0.00809997685720898,0.0023014959723819395
2005-10-19,-0.004087420754087523,-0.007942361150507726,-0.002074150894477489,-0.005837173579109067,-0.0013361838588989983,-0.0022030164378917805,-0.0039051145626650685,-0.003581267217630746,-0.0062893081761005165
2005-10-20,0.0005007511266901243,-0.004799006323396693,8.660258075687821e-05,-0.002240420271940602,-0.007163703900238905,-0.0011039402173913526,0.0043010479839631355,-0.0025804073357293955,-0.0037026488180006423
2005-10-21,0.002007024586051065,0.001130454442686002,0.0038967786629720003,7.74293457219688e-05,0.008697979392479738,0.006715973816203258,0.006796619376681745,0.004373402322215059,0.004577968526466414
2005-10-24,-0.003333888981496891,-0.0010727796284794033,-0.006469421202449754,-0.004567977702074955,-0.004661694192860999,0.003800033778078138,-0.0023088023088022602,0.00042930299592169874,-0.006114033840466493
2005-10-25,-0.008347797338623009,-0.008064967796135525,-0.003472825143254088,-0.007388970988566612,-0.006615506747816746,-0.010010936316984909,-0.013017066820943057,-0.010390804597701142,-0.0028356727633631618
2005-10-26,0.001407051812613913,0.005009568839356104,0.008973688795957502,0.003761165961448043,0.0019885987007821626,-0.0055234534330389495,0.0022172383913554583,-0.00015486588614266328,0.00441469666761618
2005-10-27,-0.005432993085281779,-0.00392464678178972,-0.005785338053708622,-0.006167056986729147,-0.004881266490765257,-0.0006835854054515478,-0.002898919262555699,-0.003949691769152164,-0.008752117447769714
2005-10-28,0.004880469848622893,0.003093189359428594,0.0033003300330032292,0.002827743303746688,0.010531929076123214,0.006327490380504619,0.004743566856239445,0.00458736995972453,0.006822057987492913
2005-10-31,0.007836598582742882,0.005200972355701383,0.007271468144044446,0.01041748257225672,0.002807486631016154,0.002294162630639862,0.008820468563596195,0.005402309526020721,0.004712266171640778
2005-11-01,-0.0002500416736122002,0.0033465683494044995,0.0023203850120316893,0.00023255813953482196,0.003892095020802566,-0.0026280094947438437,0.0059001874473196825,-0.0013702637372787763,0.003151410972640045
2005-11-02,-0.005718074086351277,-0.007040270346381328,0.001114636028466176,-0.009532666821669311,0.004990558403021428,0.0034849128771781146,-0.002613872282948515,-0.004178101199469597,0.008960832490244375
2005-11-03,0.008019380168741153,0.0019751693002256765,0.003854059609455174,0.008841940532081205,0.0018918918918917615,0.0009317296290021204,0.006307289119612758,0.008886686999736826,0.004208998548621334
2005-11-04,0.01208995603652352,0.011993146773272567,0.00844637829536743,0.012564957729000348,0.011205247335337454,-0.00016924769400017414,0.011227134526242244,0.009913297015269107,0.009671746776084289
2005-11-07,0.0027977956761340295,0.004013761467889898,-0.005329949238578768,0.0019915741095364314,-0.0005462988254575363,0.007024968260685549,0.0029327320000491763,0.003677196821199935,0.005303476723629963
2005-11-08,0.0018686825787819217,0.0014355440712030543,-0.003997618440078288,0.001605381851540466,-0.0048926338678988435,-0.0010926206085056789,-0.00447223894533777,0.0006812711004799965,-0.006585687106688165
2005-11-09,0.0021280217909431798,0.0,0.003501280956447639,0.0009922149290184645,0.0035460992907800915,-0.002355910811947748,0.007182790921544502,-0.003918424158068312,-0.00029261155815640816
2005-11-10,0.0006814310051106443,-0.0026915588134234225,0.004595353586928752,-0.001143728555089596,0.003146805308523737,0.0016024289449270146,0.004288742663186573,0.0,-0.0058181818181818334
2005-11-14,0.006256964086740258,0.006513343708570929,0.007030919102075428,0.007786259541984641,0.0057795513967247025,0.007073088582014053,0.0009516953598749378,0.010525676270903395,0.011178114428592512
2005-11-15,-0.00239418554938009,-0.0009789243349070942,0.0004205921938089663,-0.00037873049537939796,-0.00778263244128885,-0.0015050167224079924,0.003157112034813503,0.002960981181987732,-0.008024511234315801
2005-11-16,0.001970527758738738,0.01165093790050098,0.0020179937778523893,0.004394938243539981,0.0023265361981661403,-0.002009713615809705,0.0016768737241177334,0.0012738089885955262,0.0008761682242992563
2005-11-17,-0.0029044934221768015,-0.0013961605584642545,-0.0030208945204329707,-0.0026405130139568467,-0.004224584355410288,-0.004530961570733405,-0.004039595312613553,0.004894183853683343,-0.004072134962187279
2005-11-18,-0.0029810067285578334,0.0025077272992362065,0.0033667199730662567,-0.002420574886535576,0.004105090311987025,0.0036244099797708706,-0.005286171910208193,-0.0025021968692751084,0.001310615989514874
2005-11-21,0.0005965570138060095,-0.0010486454995630723,-0.001509940441238089,0.00015165301789510366,-0.007874015748031593,-0.0073066263542455046,-0.0030122326031324365,0.002344228271094373,-0.0036273940800929383
2005-11-22,-0.0002556019425747902,0.0015754463764732218,0.001596236242964011,0.00037907505686129994,0.0016317650258363958,-0.0041455160744500175,-0.002124758968816254,-0.002889915090123707,0.00014511681903939255
2005-11-23,-0.005254682600220328,-0.004415011037527727,-0.00385841301794998,-0.0038651004168244185,-0.0039279425707705595,-0.004332682015122047,-0.00871406065380076,-0.002554679096450352,-0.006774286537907126
2005-11-25,0.006397134083930167,0.0034392305450305916,0.007494105759515035,0.0040322580645162365,0.004353149231397069,-0.002474402730375358,0.0017755152719145517,0.005287201377967454,-0.004591104734576801
2005-11-28,-0.006777363605557252,-0.0038325300505195337,-0.0033430839949853963,-0.006592407365310415,-0.003659528327459971,-0.0029937558805919195,-0.006742436448818334,-0.0035459936231712064,-0.0055642745042088215
2005-11-29,0.0015272357033766504,0.001046329128640222,0.001928721174004222,0.0017543859649122862,-0.0016238159675238117,0.0012868908716541227,0.007449556395762613,0.006339712918660423,-0.0014247043738425669
2005-11-30,-0.0003392705682782049,-0.006812539691703701,0.0015065282892534615,0.0011421609685524636,-0.0005409791723017809,-8.568246080031816e-05,-3.715814506555226e-05,0.001322358255081424,-0.0011384659171764788
2005-12-01,0.007520082037258735,0.0017929438982071666,0.008022731071368971,0.004715546090660272,-0.0021592442645074206,0.0010282776349612721,0.005313812195756329,0.0077456115620315735,-0.0014210601108427534
2005-12-02,0.00025643217368997995,-0.0008090614886731018,0.0012435748632066979,-0.0009084027252080906,-0.007766470273165682,-0.004708097928436739,-0.008156526453266144,-0.004490907752337514,-0.012350877192982446
2005-12-05,-0.007465852210062018,-0.005345749267115174,0.0004968121222157507,-0.008713441430519775,-0.006254158349966565,-0.005332415928442358,-0.005329192546584038,-0.012409406892471497,-0.010279205445200557
2005-12-06,0.00025458248472531864,-0.000287323296172759,-8.276090374914613e-05,-0.0012993961629595985,-0.003447818591698737,-0.00017293558149589217,-0.006269435875660312,0.010723218163574133,0.0039046158136939457
2005-12-07,0.0052891997952566605,0.002997118155619649,0.0009104452905148719,0.005204347160569389,0.009775040171397853,0.0016431721871483784,0.007930224082242976,0.001970749922207027,0.015722379603399395
2005-12-08,-0.009129332206255336,-0.009363937421491442,-0.005457702803274733,-0.010430942591746484,-0.005195151192220582,-0.0008634087376963029,-0.005872817955112186,-0.008695652173912993,0.006558311947533424
2005-12-09,0.0005074424898512397,-0.0022786829212714244,0.0022449488650537752,0.002077402477494772,-0.001861454593803935,0.0006913238852401804,-0.0006898368222353346,0.0003878744480247942,-0.003976143141153021
2005-12-12,-0.012114629459437087,-0.010484780157835494,-0.005309440849510572,-0.011056511056511065,-0.004368546465448819,-0.006303972366148436,-0.011622361121570446,-0.009290464970622359,-0.01039910061832483
2005-12-13,0.003605567667281484,0.003734298970238914,0.0017514595496246343,0.005590062111801242,0.0011928429423460063,0.0007821326149299868,0.0052826738456850375,0.002152479867539636,0.007503893529661632
2005-12-14,-0.009550701768955894,-0.003664242629234926,-0.02747481475314295,-0.012662137121680073,-0.0029073609092110653,0.0013025356026399315,-0.010623515739477618,-0.009522665144642284,-0.0011313816999009019
2005-12-15,0.006351859590472131,0.0051563916591115255,-0.002225836829038652,0.00789802940256501,0.012985274431057459,0.0042494146214551165,0.009562963624988763,0.006323547252213846,0.02329956584659909
2005-12-16,-0.003912753912753919,-0.0038383382253330822,-0.006606606606606613,0.0006206843044458399,0.005383580080753569,-0.0017271157167529916,-0.004970153783893094,0.0015973237292987719,0.0033396253811528442
2005-12-19,0.0013337779259752214,0.004251459667819368,0.001986526170323133,0.002713809413041668,0.0008081896551725976,0.006314878892733633,-0.003241017298135418,0.004829464245414972,-0.0021732831063461244
2005-12-20,0.012491559756920845,0.005528955768353994,0.008619946556331248,0.01376430559851527,0.013100436681222627,0.008596234849136186,0.015071916760175608,0.01763789902377666,0.012171872708608422
2005-12-21,0.0027081922816520887,0.00815998161130893,0.0033330484573967922,0.003279938977879482,0.000956153530938364,-0.003579647149066667,0.0013818053915533035,0.000838654621428292,0.005752212389380507
2005-12-22,-0.005638306824875872,0.0004024144869214652,-0.007240204429301622,-0.003801414126054836,0.0009570686354933855,-0.002223932939868223,-0.0012293642430627472,-0.0046013848257207,0.008928571428571397
2005-12-23,0.002192797503584254,0.003982454115202483,-0.0014586014586014384,0.0028237808135542775,0.004808352795713677,-0.0009429918559794581,0.0023738350624229465,0.002126716880815227,-0.0014858841010401136
2005-12-27,8.434547908220402e-05,0.0010399815114399136,0.005928853754940677,0.00015220700152207556,0.0024789973832806123,0.007036210743092575,-0.0012154322302554421,-0.003993869189730881,-0.002667457024303377
2005-12-28,-0.0016000000000000458,0.004760246139556612,0.0046980439053558865,-0.0009891949474966077,-0.005478701547733111,-0.008520790729379724,-0.006072011040020087,0.0025154254768209316,-0.010992232155943249
2005-12-29,0.0024480837413471956,-0.002027692485951027,0.002040469307940773,0.0010663416863432307,-0.002595628415300699,0.0005156411137847705,0.003471082725367891,-0.000915088630761729,0.00043988269794703605
2005-12-30,0.00033778078027379976,0.0042471491738420575,0.00016969285593071426,0.0003804306474928243,-0.0029964587305909562,0.0012025425184676308,-0.0016477780153708599,-0.003648934127136516,-0.0036523009495981196
2006-01-03,-0.011519198664440844,-0.012410940013789729,-0.013064133016627011,-0.015972010952235993,-0.005014229570402651,-0.0078071379547013375,-0.01603880559405313,-0.015301583535970442,0.0044020542920031325
2006-01-04,-0.00918038210239025,-0.01046167841710266,-0.0002578648788035265,-0.01058896274540122,-0.011520428667113225,-0.004323389537397415,-0.0108582916117137,-0.013401192555562269,-0.009879413046636754
2006-01-05,-0.0008263779852903941,0.001252419446658326,-0.0030091995529190063,-0.002421685805796492,-0.0022721197540762628,0.009031697785497173,-0.0020323887687866415,0.000930985012667529,0.0011636363636364777
2006-01-06,-0.0038689496213369923,-0.0074023845849578995,-0.013021731631597033,-0.00587314017227869,-0.006110520722635626,0.002668043721490765,-0.006005811238520287,-0.005199518167817829,-0.004921117383123397
2006-01-09,0.006962864721485662,0.002947010484556589,0.0018348623853210455,0.007798345805435147,0.001463349740588038,0.0035193133047211056,0.006994740894439522,0.0076637748689494245,-0.0018780699219879127
2006-01-10,8.289811821260429e-05,0.0,-0.00017442874585726909,0.0008597780209471662,0.0036048064085447695,-0.005388760585065433,0.004665327544871367,0.007711964953910799,-0.001730602826651273
2006-01-11,-0.0059332509270705325,0.00011335940599654926,-0.005931612002791353,-0.005544709098008527,-0.008997089177031015,-0.004213966288269755,-0.0073395678813287235,-0.0009962414527012742,-0.005450372920252522
2006-01-12,0.008309098462816689,0.001760163524869407,0.0030712530712531105,0.009816239987435083,0.006123535676251457,0.003886345971154892,0.004522064556369942,0.011317105601136301,0.0057703404500866196
2006-01-13,-0.00561844170866721,-0.0058142816821903365,0.0010497769224040443,-0.004665992689944831,-0.003052422030524249,-0.0010323468685479176,-0.004359412190831025,-0.007754138528655918,-0.006307339449541205
2006-01-17,0.0024848836246167405,0.004935330156569329,0.012234553875731802,0.0026564575357450604,0.0023945723027802845,0.0025835342748878887,0.0017669910481115103,0.009576438347913774,0.010575112270027498
2006-01-18,-0.0008276090374904621,0.0003404834865508022,-0.004144004144004176,-0.000779241019247312,0.0038728632478632896,0.007215255110805785,0.0006744225257122594,0.006472878044415209,0.004803493449781593
2006-01-19,-0.002229562345169467,0.00022704052673394592,-0.002427394885132217,-7.798487093502171e-05,0.002543847904672658,-0.005457956677469067,2.5921845635545893e-05,-0.005393951069158187,0.012527634487840889
2006-01-20,0.0007437401867615989,-0.002547698578950097,0.003041626835839084,0.0003119638121977797,-0.00013386880856769423,-0.011233064654433078,-0.0034215949298184167,-0.005661586138053343,0.00014740566037740876
2006-01-23,-0.014255457803844962,-0.010032507566416382,-0.00649800727776817,-0.017230625292374846,-0.00704506181044795,-0.0017344549475327709,-0.01961166816225146,-0.01798049116708378,-0.00804211141979816
2006-01-24,-0.0008952551477170445,-0.0024042493709813817,-0.0011336879741867811,-0.0007933359777865245,0.0009313464608833311,0.0031274433150898506,0.0005836704914772284,-0.0019377775065227976,0.002932981375568078
2006-01-25,0.002856676460985863,0.0006154190444220831,0.010389383621442372,0.003255260023818929,-0.0025215660252154715,-0.0058023729107128386,0.0031685426029774977,0.003409160398703648,-0.004525547445255462
2006-01-26,0.0018807752064764482,0.0024677509814921006,0.0046660330078631684,0.003798670465336995,0.00039830058417411607,0.0019163763066201156,-0.0003039594015964431,0.006033366344176061,0.00014600671630904394
2006-01-27,0.008161582852431959,0.005470027632098251,0.0076545970585706335,0.00898770104068114,0.0018621973929235924,-0.002782124847852452,0.005988498909379247,0.009026063515621408,0.0016086575021936333
2006-01-30,0.0032255396575966433,0.0025440976933515103,0.0033287811539775003,0.005157055789967169,0.0028011204481792618,-0.002353966870095814,0.003968566848011834,0.009890885076620615,0.0026392961876831045
2006-01-31,-0.005510774798486495,-0.007407407407407418,-0.005699702254359895,-0.006218905472636815,-0.009904912836766977,-0.0006117276937867011,-0.0048560209424083345,-0.011131587551645228,-0.005395945748869702
2006-02-01,0.005458154151505079,0.0021933524548676253,0.008299110198494164,0.004458698372966197,0.003977724741447863,-0.0030605106680657856,0.006024017151350147,0.0035769571817185764,0.00029175784099200186
2006-02-02,-0.0006611570247933019,-0.0014600999606896314,0.0034789987271957035,0.0003115022194533079,-0.0007949125596186102,0.002719059731602691,0.0030201210663249878,-0.005376263571695961,-0.005512839112142842
2006-02-03,0.006571832626237395,0.010268920912288593,0.0058346017250126,0.007707279096924813,0.007609130957148658,0.0033240027991603416,0.005344247764540233,0.007377740303541325,0.0034939583636628413
2006-02-06,0.0041767605045526235,0.009391822242583947,-8.40689365280145e-05,0.005176143386897314,0.008753029894963626,-0.0013077593722755632,0.0074162431283062435,0.004947239410516335,0.008071617258585295
2006-02-07,-0.00025054284282621797,0.0010318734235266191,-0.007819068437867727,-0.0022288832526322633,-0.0013448090371167565,0.0030554343081623525,-0.00020592020592014038,-0.0014426580602940886,-0.0016117216117217392
2006-02-08,0.0032677000418936952,0.0022407354208560104,0.005762223540377809,0.0038514866738559306,0.005816312728256445,0.003916449086161844,-5.149065444620682e-05,0.0029043789097407124,0.006785661602006332
2006-02-09,-0.002340550029256816,-0.00034460972948147095,-0.0002527592889038921,-0.001688152240638452,-0.0004056246619795756,-0.00693541395752062,-0.0030252317198763423,-0.004128610677953559,0.0005904059040588994
2006-02-10,0.0036073825503355472,-0.002463618654749533,-0.008595988538681931,0.0029976940814757658,0.0023038352080229085,0.007682234831951185,0.005526502679320755,0.010558181845295778,-0.002649786544972721
2006-02-13,0.0012599748005039935,0.000917536414726694,-8.500510030606812e-05,0.0019158556211202882,-0.002298539751216966,0.00043316295590400955,0.008475338050415449,0.0050468530952556545,-0.0007355104442482441
2006-02-14,0.0008406893652794789,0.0054777143516113735,-0.0017002465357476293,0.0017592167661009128,0.000947354175125259,-0.0001731901627987087,-0.0011969490532642846,0.0056235041919332485,0.009054475285735553
2006-02-15,0.0009256142712892323,-0.0033331417734613344,0.004257855743847294,0.0007635336336564436,-0.0018911252195057404,-0.0004330504070675367,-8.924132128140805e-05,-0.00029201343261786583,-0.00369713102632363
2006-02-16,0.00016832183134152245,0.0027083093234989697,-0.00016959213092526682,0.0015259021896696368,0.003116531165311631,0.0031193137509748503,0.007624439004487948,-0.005827369650942105,0.010762331838565009
2006-02-17,-0.0020157903578029712,-0.002815606504625645,0.004410143329658389,-0.00030471547192800763,-0.0006770480704130222,-0.004750798998013339,-0.004757686954321105,-0.005494263342686323,0.0023973629008091635
2006-02-21,-0.000503693754197454,-0.0025219235398636908,0.003546398716541388,-0.0031242856054255475,-0.001217203137679146,-0.0050338482902272386,0.0020596536730490556,-0.0024225593453180982,0.007700437868035648
2006-02-22,0.0005879882402353154,0.0012625538020085703,-0.002860748843079408,0.0024461091576211125,0.004210240391145037,0.0015701325889740936,-0.0008373934226552082,0.003405742377800447,0.005312689738919074
2006-02-23,-0.0015096871592720218,-0.005535897728569772,-0.012741540798244966,-0.0023638859234405007,-0.004596458023523153,0.00261278522905406,0.0019047619047618536,-0.005179817894721328,-0.005434782608695454
2006-02-24,0.0034505975425012103,0.004241173773498419,-0.0011111111111110628,0.0057326301307039085,-0.00027030679821604675,0.0006949270326614965,0.003967046894803428,0.004049724084732809,-0.0009049773755656076
2006-02-27,0.0018549747048903775,0.002240220575564278,-0.00770086420809446,0.0032679738562091387,0.0016244754298091468,-0.008854166666666607,0.005592516379887336,-0.0004432296668390734,0.00302571860816947
2006-02-28,-0.005450733752620507,-0.00741205313871951,-0.0012934379580926691,-0.006817665328384348,-0.0057873485868101815,-0.0034156594850236477,-0.0063020990258110254,-0.0026753381124825504,-0.0036177268616219838
2006-03-01,0.0021850575678628026,0.0037772563383506874,0.0031082714557073565,0.004118678971855694,0.0001346076187913603,-0.0012303365849369863,0.0038027136973495246,-0.0027714378871861456,0.0003015681544029647
2006-03-02,-0.008664500541531228,-0.001143314468644685,-0.0009468066792909235,-0.009418913786555239,-0.0038884419415392557,-0.003959524857017338,-0.007110943301239625,-0.006078440114732353,-0.0028567132761990743
2006-03-03,-0.0020784835384105582,-0.0021675888426216927,0.003360041354355081,-0.003910743041177889,0.0024193548387096975,0.002826855123674976,-0.0036126251742933935,-0.005203504889500388,-0.0010513667768097257
2006-03-06,0.0021663056157308347,0.002229590670020487,0.008586639189421152,0.0009237875288683473,0.004184100418410219,0.00431642001409438,0.0013230710514597899,-0.0012625883060273235,0.013239993912646408
2006-03-07,0.009589502018842344,0.007487616634028527,0.0025540609569216777,0.009536994308567914,0.009950926935659687,0.005876677484431214,0.011370999504503931,0.010790717274177686,0.0137303301450169
2006-03-08,-0.002182306530132516,0.00017282101503535152,0.0011888586956521063,-0.0028950175224744523,0.002322721683289952,0.009330310429019884,-0.003831465755489649,0.0025311555469529345,-0.0012326656394453517
2006-03-09,-0.0005033557046979498,-0.0004030864908439735,0.0005089058524172518,0.0036674816625918982,-0.004759314658689173,0.0015550755939524041,-0.004867652807727718,0.00010396091069764246,0.0009253547193093237
2006-03-10,0.0028605081608614746,0.006374594343996121,0.009409969481180003,0.004948233861144846,0.006019151846785364,0.0010351073923919873,-0.0009757581133653659,-0.003964953964953999,0.010598503740648413
2006-03-13,-0.004689331770222682,-0.0031195840554593124,-0.0005039052658099008,-0.004545110218922788,-0.002184002184002276,0.0009478672985780978,-0.003868790907707087,-0.005084012941123928,0.0012484394506864227
2006-03-14,-0.006902286902286892,-0.00966874535156459,-0.013864381144441662,-0.010120995358039786,-0.004889975550122161,-0.005853994490358061,-0.007271013994473496,-0.008226937601150897,0.003445036016285874
2006-03-15,-0.0016604400166044808,0.0010882016036652953,-0.0005112474437628522,-0.0006918819188190817,-0.0024390243902439046,0.00043297540699693826,-0.001346844535659364,0.0007252617741717593,-0.009922480620155216
2006-03-16,-0.008723561846761707,-0.005241567912488643,-0.0014492753623188692,-0.005231171628586884,0.004081632653061051,-0.0011252488531118265,-0.011367285338128585,-0.005465718470202829,0.011447389054414447
2006-03-17,-0.0037714192014429715,-0.0008538737405360264,-0.010586527789635425,-0.0029386745031320105,0.008092168426827806,0.004072790294627593,-0.006223203845654224,-0.007272009594801898,0.0055187637969094094
2006-03-20,0.002383300460223614,0.00022775152308818214,0.0031063939943050123,0.001396106414333298,0.009414370760071789,0.003452144644860544,0.0027715678968767143,-0.0017433858388132828,0.013746803069053737
2006-03-21,0.007368159615862346,0.005956813104988745,0.00843010752688178,0.009836573464487852,0.008798882681564368,0.0017201341704653483,0.011159928555597443,0.008609596176236467,0.004979919678714806
2006-03-22,-0.0013228606862341064,-0.0013727621117656241,-0.004350422246865215,-0.0010737843227489607,-0.00610771793448095,0.0003434360779599466,-0.001972691757242906,-0.0016100124548134032,-0.008757961783439239
2006-03-23,0.00926234979973306,0.006679334369781964,0.007539410555174708,0.010365479115479248,0.008257522743177148,0.000514977255171134,0.008035552799524615,0.011501247489807076,0.006248998557923269
2006-03-24,-0.004154894465680625,-0.003442933379239177,-0.0008503401360543394,-0.004559616992172666,0.0053468411425354745,0.0015441365703010579,-0.0038191418465167715,-0.0037751173144024985,0.020104609349460567
2006-03-27,0.0015813566375364463,-0.00246136233543226,-0.0074893617021276615,-0.0005343919383160589,0.007227891156462496,0.0008565310492505418,0.001144989064711277,-9.058381267268434e-05,0.009071416790367826
2006-03-28,-0.005216095380029762,-0.0015431216780018575,0.00523066369404912,-0.006645279560036577,-0.0042337002540219215,0.0009413778348308366,-0.002827073079839093,-0.008153281695882586,0.003974167908594062
2006-03-29,0.003990024937655656,0.008123991703157252,0.004862236628849104,0.006612841214917342,0.0039671294984415795,0.002222982216142144,0.01012899650768695,0.008692210500677477,0.000662800331399982
2006-03-30,-0.008407517309594437,-0.005272810637322212,-0.003310696095076393,-0.007791612558246119,-0.011484593837534973,-0.00801910936700212,-0.011175607577980529,-0.009613353053031903,-0.011304062909567536
2006-03-31,-0.0005766537606063382,0.0031621916863104893,0.0005962013457116999,0.0027715759488797787,-0.0034891835310538744,0.00361197110423106,0.0018578487659497434,-0.002514285714285691,-0.009733939000648784
2006-04-03,0.0012372154404487468,0.00023003047903857876,0.0028941096356824847,0.001458733205374374,-0.001672007802703046,0.004113110539845755,-0.0009400795848196752,-0.004857928505957898,0.002602472348731233
2006-04-04,-0.010931636482297336,-0.00968164474058908,-0.0032252588694619,-0.011192885617908543,-0.003609607108149393,-0.004778972520908087,-0.014642949213714895,-0.014614227380184808,0.01051939513477973
2006-04-05,-0.0011408083441982741,0.003543464593930512,0.0012772479564033823,-0.003178787408900652,-0.008261049153242328,-0.003687189161378779,-0.003021819894301725,0.0023368125876306323,-0.008959113862192392
2006-04-06,0.004584151931892766,-0.0003999085923217516,0.0011055361850496048,0.004355603951154974,-0.0071086807928915086,-0.007487735605473778,0.001443323317544376,0.0035747590923220773,-0.001138952164009166
2006-04-07,0.008836402675695743,0.005572470845062183,0.005011892626571646,0.00898319522961355,0.0049457343041627855,-0.005896635449184839,0.010324541750193372,0.005885085953229119,0.006880733944954143
2006-04-10,0.001488710611198485,0.00011490950876180683,0.002958329811512117,0.001074526057256886,-0.00041197473221632475,0.00017445917655267706,0.004733436215325959,-0.0009237875288683473,0.0032873109796187627
2006-04-11,-0.0028041237113400896,-0.0035495505810956285,-0.0004213719871902777,-0.0035267959825192596,-0.006141667804012596,-0.0007849293563579884,-0.008480045433424621,-0.005501618122977336,-0.003439803439803546
2006-04-12,0.0014867432064094022,-0.0023417866118347064,-0.001180338925891533,-0.0001538816649996333,0.0016404647983594423,0.0019202234441826338,0.003540790689803286,0.004803743820990913,-0.006994144437215244
2006-04-13,0.0,-0.001198014718466478,-0.00042204777580823194,-0.0012312427856868702,0.0041180507892930596,0.0030490460841536837,-0.0015825453036022452,0.0007710932560183181,-0.009664948453608213
2006-04-14,8.260366760293181e-05,0.0010850942318676449,0.0019422394865733494,0.000847522921642474,-0.000548772122376251,-8.685079034220777e-05,-0.0004547285270694035,0.0016180481716054906,0.0045307443365696365
2006-04-17,-0.013124643352082854,-0.011627906976744318,-0.008175305520438214,-0.0164742109314856,-0.011661016949152558,-0.0052983583774862675,-0.014869888475836368,-0.012892704390904175,-0.010249839846252273
2006-04-18,-0.0005703112269839217,-0.002589798446120839,0.0005948334466348015,-0.0013306199123356288,-0.0013540961408259333,-0.0027069507509606128,0.0006861063464838058,-0.0017456359102244745,-0.0054157374960179805
2006-04-19,-0.005751316322397559,-0.007432243643475944,-0.0014437367303609117,-0.004232306607100944,-0.010716677829872845,-0.004728132387706752,-0.007713404182379202,-0.014660879340494537,-0.008841174613198444
2006-04-20,0.0015414570825895701,0.005280602213358909,-0.0007654362986903029,0.005588351042896678,0.012066160520607383,0.0016715052344506987,0.0010364484366902627,0.002883899285363478,0.010046244618083122
2006-04-21,-0.0011345218800650203,-0.0008980187461413713,-0.004936590348114667,-0.0019567939887289443,-0.009134873723804282,-0.0012295801861936795,0.003185770226322493,0.003934208655258953,-0.010415022881489655
2006-04-24,-0.0026670977127616347,-0.00123325298503274,-0.016936104695919885,-0.00392126107756241,0.0,8.793527963413261e-05,-0.000992391663910075,-0.0016052880075543285,0.003801679074924902
2006-04-25,-0.0031421205285209197,-0.0020698142761245153,-0.0008700948403376207,-0.0011022754113849675,-0.0016094420600859527,-0.004923942671238968,-0.004278145695364222,-0.003073867398089458,0.010080000000000089
2006-04-26,-0.004172015404364404,-0.0011733810135775569,-0.000957937821126853,-0.0009458500827618233,-0.010484406104843913,-0.004064681452681795,-0.00508134136770555,-0.011637651597805276,-0.012170064801643843
2006-04-27,-0.00487025948103792,-0.006329465326744721,-0.00610181311018132,-0.005049309664694301,-0.003833950290851318,-0.0031940377961139355,-0.006738418343472108,-0.006255299406466519,-0.00015802781289497858
2006-04-28,-0.007842205323193907,-0.01147091108671805,-0.002017189966672439,-0.015859170565379443,-0.0038193072566837794,-0.0028482421005784353,-0.009583933450889037,-0.007582587417090503,-0.00628140703517599
2006-05-01,0.0013484572063140465,-0.0036093186043966163,-0.006415326478600991,-0.002014342115865042,-0.0018404101485475222,-0.006516111755779819,0.00042131586458094006,-4.8665747424792016e-05,-0.0014113219382153597
2006-05-02,-0.0029262891490036136,-0.006033592433548951,0.001768972227136123,-0.0033101889229775194,-0.0031450661774341526,-0.005480682839173356,0.0043336503192501485,-0.0030336458907886943,-0.00514820592823706
2006-05-03,0.00039560091779411444,-0.0026564024720806545,0.0015892636411796168,0.000486026731470357,-0.01037478926209312,0.0002710271930617125,-0.004017368015257872,-0.0030916931087787702,-0.0023346303501945442
2006-05-04,-0.003547776726584684,-0.0021098187719773565,0.00017630465444273824,-0.004372115618168637,-0.0019414962464404661,-0.0005419075144508234,-0.002689048239895686,-0.0013874153268587097,-0.0003111871790882903
2006-05-05,-0.003848268279274314,-0.005541209382397105,-0.00890181561783876,-0.0032528258924940934,0.002465291293628935,0.0004518344478583458,-0.0037857123403328696,3.269042170628289e-05,0.0021830656479027155
2006-05-08,0.001022012578616227,0.00021523891519570348,-0.008003557136505135,0.0015501346169535246,0.0012992074834350387,0.004064673471231073,0.0007381486139208526,0.0010950933281030917,0.01327223890030016
2006-05-09,-0.0021181454459870963,-0.0025762129669385514,-0.0021515015688031713,-0.00431736722059306,-0.0034955981356807886,-0.008456279237135544,-0.0028411419205025545,-0.0019592156606639266,0.007802547770700663
2006-05-10,-0.004062817407610164,-0.000858000858000918,-0.006827778276884411,-0.003027080094903045,-0.005023830993172607,-0.0015423698058428803,-0.001849264403715023,-0.006821639483714725,0.00047793531941997536
2006-05-11,-0.004356281602489354,-0.010296146905848569,-0.0026232473993667016,-0.006564910553093717,-0.0023133273358181272,-0.0014538845979100712,-0.00013723633469187035,-0.007346158914217971,-0.006174794173527509
2006-05-12,-0.0025605214152698563,-0.0036486700861932952,0.0020859785960456456,-0.007103915413844364,0.006858178053830377,0.008736008736008882,-0.003088241349492815,-0.002057544884346174,0.003973931012557719
2006-05-15,0.004833931077498743,0.003981737099171934,-0.002534165987872261,0.005574043261231454,0.013242428215549884,0.005142083897158312,0.007104306641700475,0.008812477137441377,0.010440089945390252
2006-05-16,0.0007021924007177827,0.0009033423667570428,-0.0012703021504401057,0.00256473897575904,-0.0037878787878785625,-0.002692514808831592,0.002187346202220164,0.0074663765822784445,-0.0024034609838167187
2006-05-17,0.0074673793428707835,-5.313496280545671e-05,0.004815117652402945,0.004951312097705829,0.008164340268633108,0.0003599712023036883,0.00600207344355308,0.004531697341513263,0.00872797801842573
2006-05-18,-0.005705353653771117,-0.0030723593601018617,0.0026220614828209587,-0.004516340942683605,-0.007579717720857415,0.008366318819719387,-0.008325649509139166,-0.005993290120843042,-0.007380073800737796
2006-05-19,0.003529411764706003,0.006558251133031323,0.007845612769411092,0.004866782149632876,0.010965781477077607,0.00205192256222686,0.0017775590012854003,0.0006389881049908563,0.002412351238340271
2006-05-22,-0.0077821011673152585,-0.005620062562960659,-0.0012526843235505236,-0.010917747496305918,0.007990411506192396,-0.003383190883190945,-0.008298755186721962,-0.002456077153570435,0.005823358136525458
2006-05-23,0.00046714419184046285,0.0027646339518314633,-0.0024189213402616705,0.0028218109386670687,-0.004903260005300836,-0.0017866714311237653,-0.0013212948689715898,0.0014280321061010959,-0.009294871794871762
2006-05-24,0.007609633639287683,0.007013598886390637,0.01302200269420739,0.008689894893652461,0.0026574541589157175,0.00483264721675325,0.006449834619625117,0.0048188821504671076,-0.009995240361732494
2006-05-25,-0.002347969006809225,-0.0021902879427320165,-0.007801418439716268,-0.00032819166393183163,-0.007778510217534507,-0.013893836836480267,-0.002478501396724564,-0.002022706511809913,-0.011604202603105018
2006-05-26,0.0029829656958944017,0.008240870408273038,0.005897069335239369,0.00664806303348664,0.0010558268443974228,0.0,0.001400194929098042,0.004494932984635547,0.007584136514457329
2006-05-30,-0.010024867889337874,-0.013758300132802215,-0.0035530289571858997,-0.012637586628617914,-0.005512534453340323,-0.006954479768786159,-0.013351793718899607,-0.01091855829468713,-0.009391141023634364
2006-05-31,0.00272734356736537,0.0049647661755285455,0.0007131395970760845,0.004046242774566444,0.013299640909695487,0.002910413824465774,0.002334143799930466,-0.0015958146880759028,0.0036129437637448802
2006-06-01,0.000701809107922724,0.0024617360590817317,0.0015143417067522424,0.003125257011267424,0.005213903743315429,-0.002176475922735066,-5.5445434761547396e-05,0.00036251586006885717,0.007597340930674212
2006-06-02,-0.006815365551425034,-0.00696178987086149,-0.006848705861424942,-0.009346560629663103,-0.003994673768308865,-0.000181768608561228,-0.010022318024924037,-0.008268955179627446,0.0017440938639605719
2006-06-05,-0.0031652898942329255,0.0016501650165017256,0.00035823034211013294,-0.004634610609947742,-0.0022585359372925273,0.0009090082719751535,-0.006987229752436486,-0.005613965153553502,-0.004577020202020332
2006-06-06,0.009744309323355127,0.009565778159931204,0.013965980304386783,0.010642720545439355,0.014147130153597365,0.012623739896467256,0.013128022900009917,0.012560757654211718,0.008114558472553934
2006-06-07,0.0022658020157821923,0.0012375571697604837,0.0007946318205898084,0.00436034553681619,0.0,-0.0029596412556054386,0.0009603607616077703,0.006466406030913419,0.0033524904214559115
2006-06-08,0.011938646426312483,0.008683853459972912,0.007675341861490992,0.00999344692005244,-0.0010767160161507805,0.010434469731042562,0.0158933214678032,0.015144313506957552,-0.0007975753708725497
2006-06-09,0.0009496676163343043,-5.4271138608563696e-05,-0.002889161267728979,-0.0006488240064883577,-0.009201226830243936,-0.014421792931541,-0.0016835477689569611,-0.004553013546022555,-0.01073062963547422
2006-06-12,0.0038929053785652368,-0.0007592190889369466,0.0024585125998770607,0.0018665801006330085,0.004420037503348517,-0.0072260861710775615,0.004949476945857345,0.0037304354877951695,0.00523477157360408
2006-06-13,0.0010338794337521051,0.0022828568322641463,0.0077953928352456625,0.0008910490076954325,0.007829373650108051,0.00782458375034123,0.004734099156866511,0.005817241657913863,0.011553273427471034
2006-06-14,-0.0045127068323962405,-0.005029473798063733,-0.0018251347123240391,-0.006879248947879502,0.0016224986479176362,0.003972194637537507,-0.003992124380473916,0.00016065547433541383,-0.0020816653322659473
2006-06-15,0.0011889663918831506,0.0007576987606212615,0.0018284719198955468,0.0037486757395484016,0.002575572726040587,0.004585918532505895,0.0026448173849027423,-0.0014135410810376392,0.004180736452805922
2006-06-16,-0.0005545432939870754,-0.0003787059078123045,0.000521467060663916,0.0007306974100835806,-0.0016240357287859997,0.0045649838882921845,-0.0013461146236998234,-0.0002412855695144156,0.007451806253037541
2006-06-19,0.0036574699848930248,0.004510624422585652,0.0012161223071578409,0.007058250851857961,0.001898305084745644,0.000801924619085792,0.005691256160988978,0.0046338010039901345,0.0
2006-06-20,0.0007161043921071197,0.00010870155986753005,-0.0020822488287350893,-0.0008861677273827029,0.00040694519804662654,-0.00614316239316226,-0.006674428679735667,0.0063901345291479394,-0.00531743474057389
2006-06-21,-0.007658902487169383,-0.0033044420368364413,-0.0022604764388801657,-0.005886147395581243,0.00013566680233334516,-0.010839380094956552,-0.009608700985403007,-0.001479972628463111,0.001290738948047876
2006-06-22,0.006596725480845667,0.008412542335846318,0.010282328337399615,0.007462081271798038,0.0029936045720506677,0.012044919398659593,0.009591831117716554,0.008064259076275615,0.013904793063962195
2006-06-23,0.004791566842357486,0.0056031641397493726,0.002760048300845419,0.003864423154335439,0.004647983595351901,0.005906040268456536,0.004430026034922374,-0.00039524441914873254,0.008413064995051123
2006-06-26,-0.0025489883702406457,0.0007696536558550182,0.0010321692757611078,-0.0011227845055736818,0.0019175455417066445,0.0,-0.004206926500922914,-0.002388220222373394,0.0033101621979476636
2006-06-27,-0.002780204940821207,-0.002577178263968971,-0.0010311050008591227,-0.0024889602569250213,-0.005313351498637542,-0.00275776176496767,0.0013491782278067799,-0.0023939374722555806,-0.0036279683377310468
2006-06-28,0.004548356208107007,0.004295390715347791,0.0013762257010150325,0.004426915647134599,0.007688083470620333,0.00267618198037467,0.0027491596009636687,0.0014461660707190127,0.016937782995136708
2006-06-29,-0.00015956598053290527,0.0028164347249834965,-0.0021473973544064995,0.0008814808878916391,-0.004373974849644524,-0.00747330960854109,0.0007057641933252423,0.0009045321823029084,0.0008392077878482951
2006-06-30,-0.01917207919242514,-0.02071277918987602,-0.014289403460445826,-0.01945556445156138,-0.014414657146706089,-0.0005378271782000565,-0.021646254628311046,-0.013524011859274099,-0.024078624078624156
2006-07-03,-0.0010943484718205498,0.004399782726778767,0.003580473321107336,0.0004899158977709206,-0.0017482517482518833,-0.003408071748878916,-0.0025784986483676775,0.0026518804243007565,0.004111842105263275
2006-07-05,0.005264812195505453,0.0037073383491439404,0.0063522450400279595,0.006773851301721923,0.0039152153368435805,0.00026997840172793275,0.0027380505635936636,0.002035745772220876,0.004460598050553433
2006-07-06,-0.002430038410284663,-0.0018502394427512003,-0.004063986165153466,-0.0029993514915693797,-0.006971443893283191,8.996851102116565e-05,-0.0036453857455714944,-0.0031034041464038653,0.001323407775020602
2006-07-07,-0.005069411948213864,-0.007400205261168025,-0.010418475429762153,-0.006179364175949331,-0.007319669949427676,0.0014393666786614023,-0.00670534062295669,-0.00118745787733876,-0.008203445447087843
2006-07-10,0.005568190730138811,0.005048859934853489,-8.773469029654812e-05,0.00580872126319254,0.004008551576696995,0.010240747394897554,0.007296816571196407,0.006779769937664604,-0.002291700769356586
2006-07-11,-0.0002352203230360228,-0.0005968205740328747,0.0015793629902607353,-0.0006507239303726875,-0.005580653733723073,0.008269606971367471,-0.0013625872472955436,-0.0016436345067500913,-0.0061818773385391435
2006-07-12,0.003777742798677819,0.004578405188859325,0.01103810775295666,0.004720820446036056,-0.001326963906581824,0.001234676779257482,0.00533247939407433,0.0008631299649952684,-0.0011374715632107568
2006-07-13,0.00260396117730588,-0.0030971527928711495,0.00034659041677498337,-0.0014581983149708488,-0.00039793076004779326,-0.00299480313573508,0.0040300801861314905,-0.0015810402925723333,-0.0058158319870760256
2006-07-14,0.002531445297049295,0.002178174689609902,0.00762234733650935,0.0025961382443615566,-0.0002652168147458944,-0.003975616220514122,0.002758696791635762,0.000831760452989494,-0.002738843241501754
2006-07-17,0.008939260914678115,0.00884469592924253,0.006447176136852084,0.00954847062631492,0.006405978913652577,0.004257583821181576,0.013906847506121256,0.009908902029726718,-0.002731362467866094
2006-07-18,0.0023199999999998777,-0.003721744841552188,0.003074820635462938,0.004248156460403774,0.003885316184351728,0.0011482070305599557,0.005793051052110254,0.003718942870707398,-0.005591947595462665
2006-07-19,-0.004777070063694211,-0.005768079664798309,-0.003065395095367851,-0.0025540745470507,-0.002805611222445048,0.0015880017644465116,-0.007634617459803539,0.0008198659834448563,0.004654895666131642
2006-07-20,-0.006250494501147341,-0.0063801027304678515,-0.0021352921079603737,-0.004961190685764616,-0.004124534326769513,-0.0007927420065180213,-0.007611798287345373,-0.010996108826819118,-0.0004813091609175979
2006-07-21,-0.003547776726584684,-0.004896158398794648,-0.0041941282204912556,-0.004985926819461195,-0.001726656926550607,0.002556417489421703,-0.001739487741405421,-0.004699023558833337,-0.0035171862509991714
2006-07-24,0.004275534441805284,0.005083279255894357,0.0026646037476363293,0.007354723995797174,-0.0009288747346072324,0.0036050294557283813,0.006242882428001195,0.009506433647013646,0.0040128410914925805
2006-07-25,0.004293893129770909,0.004617808442440419,0.005572224603514808,0.0056161745827985055,0.0009297383450657115,8.761170492377346e-05,0.002604379721290462,0.0025523954469068855,-0.0028809218950064386
2006-07-26,-0.004117833386126035,-0.0036267186315904754,-0.0038363171355498826,-0.0036700175522579315,-0.008559388991308814,-0.003504161191414834,-0.003386418963946203,-0.0070526099400686215,-0.00031999999999987594
2006-07-27,-0.008168394596292927,-0.008213883072958672,-0.011125374411638855,-0.01073030108904538,-0.006151027352440885,-0.0025494505494504383,-0.010794213973799205,-0.013106556463300056,0.007089912987431335
2006-07-28,-0.0012550988390335194,-0.0009654062751407455,-0.007009952401557773,-0.001699854298202963,-0.002870938274826984,-0.004318702626476378,-0.000496627074452638,-0.0008875262223657643,0.0051830255911891054
2006-07-31,-0.0012535255405828893,-0.0021407546160021607,-0.002614606937423769,-0.001783831995459284,-0.00013048016701466825,0.001062228910330365,-0.004223427601341645,-0.005216829524347766,0.0014598540145982497
2006-08-01,-0.0010956331194240665,-0.0013895569451124468,0.0045438657811953664,0.0004873690195759117,0.004192872117400492,0.00026527544433641026,-0.0008593565914036816,-0.0007306143655020358,-0.0038778477944739764
2006-08-02,-0.0015627441787779972,-0.003727171077152369,-0.0036534446764090456,-0.0019485264268895852,-0.0009163503076319301,-0.004773691654879841,-0.004023028369286252,-0.0007798917900141422,-0.0024177949709863755
2006-08-03,0.0014868143047186422,-0.0035018835889002453,0.006373319364413987,0.0031725372163020626,0.005131578947368487,0.0003553028957188342,0.0037049933839403693,0.0006666775069512632,0.0025856496444731647
2006-08-04,-0.00891887699705285,-0.01314273745941974,-0.009195801162488082,-0.009974051248783589,-0.007573779054583452,0.0006215592257148295,-0.00936706401520937,-0.005947351316217042,-0.008968609865470767
2006-08-07,0.002098391233387842,-0.00020940215684217556,0.0056037124595045285,0.0011466950610203863,0.00274977085242889,-0.007720294613541512,2.801669795182704e-05,0.0018962304246901152,0.00016017940092893923
2006-08-08,0.0021808552067916764,0.0013104785867799063,0.0013931214627775912,0.0031088930704410433,0.0036798528058878954,0.0018780182436057835,0.002045161651818228,0.005792135748083016,-0.0025563189007828946
2006-08-09,-0.0038019863438856216,-0.0006286342920007737,0.001130336492478845,-0.0026914607291410597,-0.007564888483109433,-0.0005355708292422712,-0.004752984594738274,-0.0014599724227432054,-0.007925186241876658
2006-08-10,0.009635722679200986,0.010641677255400328,0.003908285565398684,0.011858030749100301,-0.0005214444009907782,0.005805126373135794,0.012037531252633737,0.01207050605149873,-0.004104183109707837
2006-08-11,0.0006271066865248809,-0.0033769523005486857,0.005104247772298676,0.0012123171421642986,-0.0002606542421477176,-0.004972473805718414,0.001526696367850633,0.0031782721756716814,-0.0023622047244096223
2006-08-14,0.0017275225755792878,0.0026452227277535822,0.003012566706834141,0.0012108492089117906,0.00973812343729441,0.003034088880956798,0.0035753384792340803,0.007984511008704676,0.005542359461599533
2006-08-15,-0.004144510478573671,-0.002427696854549244,-0.0048914442632799204,-0.0024993953075868047,-0.006536802196365654,-0.0013345195729538295,-0.004473964014968468,-0.00625446464005075,-0.004414314992905566
2006-08-16,-0.005907960199004969,-0.002684351807989871,-0.0021559158330458628,-0.008082767539605573,-0.006494349915573405,-0.005790645879732659,-0.009168458284208425,0.001150141371543567,-0.013376885985378895
2006-08-17,-0.0004662004662003838,0.003115100316789965,-0.0023334197562872028,0.00032594524119944346,0.007854431208273338,0.0,-0.00027997872161711346,0.00039889585626995405,0.0009341429238673982
2006-08-18,0.004683840749414525,0.007018290089323642,0.003031878031878099,0.00513196480938416,0.007916611690196529,0.006630824372759747,0.007015431147954221,0.004146862738843238,0.0045355020331561136
2006-08-21,-0.008053275514945168,-0.008435259384226068,0.0006045427066239117,-0.009157954453359318,-0.007984293193717296,-0.004539789923446613,-0.009580755058054558,-0.011197941484799356,-0.003428927680797944
2006-08-22,0.00859106529209619,0.004607806789894697,0.006473329880890777,0.00940618354326861,0.0019672131147543404,-0.002682643297862941,0.008283491983264613,0.009397137487350049,0.005327483547477252
2006-08-23,0.0007816163826792621,-0.0025357916424533222,-0.001543606894777394,0.001296491370229358,-0.0003932878867333178,-0.004752084640903709,0.00023671605213326785,0.00095483624558379,-0.0035909445745510027
2006-08-24,0.0026645768025077565,0.0023829697098070035,-0.00042944258352672904,0.0019422189851905358,-0.0005241090146749228,0.0009009009009008917,0.0025336544485126122,0.00845813857356359,0.00517890772128049
2006-08-25,-0.0005482885564344064,0.0,0.007991063756659367,-0.0004846135207171587,0.00845665961945019,-0.002880288028802913,0.006012636256335302,-0.0064638183824689,0.002201950298835964
2006-08-28,-0.0013297872340425343,-0.004428511176718608,-0.001363907595260394,-0.0013737373737373604,-0.002372791985235989,0.0037912980682435204,-0.0008419832155477369,-0.0028086321802601733,-0.004540472835447007
2006-08-29,0.0012531328320801727,0.0028550280215715595,-0.001963294921041414,-0.00016183848519180088,-0.0027606152228210057,-0.0008992805755396738,-0.0011742439940872762,0.004837452063077841,-0.004364770070147905
2006-08-30,-0.004444444444444362,-0.006721982984980723,0.0012829284981183964,-0.005098737455487168,-0.004970568999345892,-0.00099009900990088,-0.0031257779867776003,4.750819516363691e-05,-0.013380498308212863
2006-08-31,0.002501367935589638,0.0009461732548359247,0.002391731442726641,0.003497925648743072,0.001965923984272422,-0.0029732408325074955,0.004883733836505755,0.0005700712589074008,-0.006569900687547592
2006-09-01,-0.003116964076989026,-0.0013648293963254288,-0.0011930123561993966,-0.0022697795071336957,-0.0043064074122404206,-0.0009036688957166916,0.0032860219804495827,0.002595511663976202,-0.0007633587786260998
2006-09-05,0.0017954722872757234,0.006551833456620582,-0.009982083439979417,0.003168670783230354,-0.005321910695742504,0.0049746743849494734,-0.000894503619299214,0.0011523283346488444,0.012521255217189609
2006-09-06,0.001798701806522196,0.006166932482722043,0.005946225439503516,0.002510731351745399,0.005875440658049458,-0.005310053100531009,0.004035757083235669,0.006622203301641427,-0.0024672320740167786
2006-09-07,0.002351650074468692,0.0025049299152586357,-0.0036837145549559747,0.0021812893843915493,0.007763157894736805,0.004252623959464463,0.004774055477817285,0.012687373713641259,0.00030849915162733943
2006-09-08,0.006628264814960927,0.005789332618600929,0.005073086844368024,0.006045949214026569,0.007957559681697646,0.008289035048202331,0.0028399006034787178,0.0067591604411241235,0.017739403453689073
2006-09-11,-0.0020474053075044685,0.0013419216317769322,0.005817435195482945,-0.002323717948717885,0.003994673768308976,0.0022339379858815622,-0.006004084411163957,0.007420494699646563,-0.003129890453834161
2006-09-12,0.00047270148900957487,-0.006240998559769673,0.002126392787275666,0.002489759858645746,-0.0023910733262488826,-0.0026747503566333375,-0.0019449656891616929,-0.004285300352279031,-0.006993006993006867
2006-09-13,-0.0011803588290838496,-0.001065700431608585,-0.002970633169241177,0.0007210382951450267,-0.0011941090619609351,0.0004469873055603646,-0.0017703487175264598,0.010950805611713355,-0.0035614741406009287
2006-09-14,-0.0021984924623117408,-0.006300963676797777,0.0,0.0006404611320149911,-0.0014573396926338411,-0.0029487981413636177,-0.00450933487310623,-0.012044177132728318,-0.022847632016946617
2006-09-15,0.006957621758380883,0.005483682052920047,0.002128202945432811,0.006480518441475347,0.004123985632566107,0.0030471410647070485,0.005662201353404228,0.002422866957001668,-0.003017046311660887
2006-09-18,-0.0018151684949884173,0.0005326799126406101,0.0025484199796126372,-0.0031001589825119247,-0.002653575693246535,-0.0020550393137955814,-0.003831365009612675,0.004359798072510301,-0.003906836964688187
2006-09-19,-0.0009461483876055388,-0.0029211812194603892,-0.003558718861209953,-0.002312415277888502,-0.0002652871733652695,0.005372011818425948,-0.0005514123047656305,-0.009108217195948565,0.003468033775633206
2006-09-20,-0.0014172112432092598,-0.003493172435693803,-0.002636054421768619,-0.0011189258312021,-0.0006627783669139742,0.003829370380265429,0.0018068716293568876,0.002935886991407566,0.0018126888217522286
2006-09-21,-0.002278083267870934,-0.004006325777543451,-0.0045187142978940775,0.001680268843014865,-0.002116402116402183,-0.0063875088715399375,0.0015695561185151696,0.0007356547327121987,0.00030220610456344055
2006-09-22,-0.005157861831822652,-0.0022091310751104487,-0.002655018842069201,-0.013579359373751876,0.00625582323971785,-0.0025892857142858494,-0.0046050641959695104,0.002603528546924583,0.0033353547604610956
2006-09-25,0.0038440417353104994,0.0005789168991106042,-0.00017174753112925156,0.0029152158069478684,-0.0005321271783957915,-0.0007161400053710132,0.008134123268564108,0.0012372834753919815,-0.013460963206700649
2006-09-26,0.004729250413809227,0.0024796876648729427,0.006269861719488068,0.004117884537747418,0.0005324104884867342,-0.0003583266147094699,0.003917808219177976,-0.0034326513799259883,0.003000300030002956
2006-09-27,-0.0009449562957712931,0.0046644757765290645,0.00315807442813254,0.0012061756191701356,0.0024016010673781896,-0.0008065238820681442,-0.0035204541112899834,-0.003827194513333909,0.0138403041825097
2006-09-28,0.0001575175238244242,0.006401365624666644,0.002637624436314212,0.0018472411854468795,0.001068518765860782,-0.00376681614349772,-0.0016842854795421358,-0.006869313990656489,0.0022865853658535773
2006-09-29,0.0007882084023016489,0.0016029066039751072,0.001272912423625261,0.00240500240500241,0.003484787561989222,0.003871083903493,0.0030450586379535682,0.006622823984526072,0.004594180704440953
2006-10-02,-0.004472693032015029,-0.0076878214304649806,-0.0027968471904398218,-0.0062380038387716,-0.0030732228754677404,0.0002690341673392549,0.0013538091265878904,0.00762455228813419,-0.006693033160936945
2006-10-03,0.0013357429087768047,-0.0006358289620090884,0.0015298317185110655,0.002172863351038279,0.005643644181671625,0.005020620405235876,0.0003414087892277262,0.004546217333597724,-0.0033353547604607625
2006-10-04,0.0031528336092061515,0.001804766707362182,0.0015274949083501355,0.0051393238577048805,0.000672314105149896,0.006779661016949268,0.0034265743812371685,0.007942654942518335,-0.00362537764350479
2006-10-05,0.0,0.0035691455359045943,-0.002796136248093495,0.0009586961732044319,-0.001610954490535721,-0.0015062909799752333,-0.005850180947457262,-0.0028627391893927268,-0.0024110910186857515
2006-10-06,0.006904761904761969,0.00320649850363397,0.010196278358399313,0.006225556708436386,0.0020177562550445227,-0.000709912148371572,0.0063635865995181895,0.010501662133574952,0.005911778080945895
2006-10-10,0.004704569013635362,0.008841923657537443,0.006644797712170858,0.006662965019433642,-0.0010749798441278546,0.005061717431844359,0.005480234439805942,-7.47663551401434e-05,-0.00045454545454559625
2006-10-11,-0.0004782019606279775,-0.0010771219302024848,-0.0015875668449198965,0.0008667559687969284,-0.0002686727565824887,0.003445838487365238,-0.002569651068433876,0.00544339763720636,-0.001814882032667886
2006-10-12,0.0007976389885937518,0.0005388511693071862,0.00033475604653121493,0.00047236655644766756,-0.00839216731051029,-8.805142203049954e-05,0.0022779661016949504,0.0029151917184757625,0.0015146925174187587
2006-10-13,0.0027995520716685984,0.0003773381488867411,0.002342508156948142,0.0034623858986464473,0.00013322675193183642,0.0009686509334274618,0.003815038285667871,-0.001186415542043573,0.0044119884375475316
2006-10-16,-0.0012781594503915583,-0.0029560356874127613,-0.004674067273182536,-0.002901505646172975,-0.004113042324532246,0.0014955573150348123,-0.003274932614555248,0.0059242761692648305,-0.0015190642564180123
2006-10-17,-0.003661254377586687,-0.006832497064161225,-0.005199161425576526,-0.005505308690523125,-0.0003978779840848601,-0.0004392129304288117,-0.003988804305204319,-0.0038819761177286694,-0.011264644037248361
2006-10-18,0.003835091083413067,0.003159303882195319,0.0038776026300262334,0.006010280743376839,0.0002653223666753135,-0.0003515247385534881,0.004425619722516316,0.004682452656847413,0.0031640801566972243
2006-10-19,-0.006193425440686018,-0.004530916844349697,-0.006213787891510725,-0.007861017215627708,-0.006327445293962564,-0.004395604395604269,-0.007555279234470413,-0.0099997050234506,-0.0059907143926912765
2006-10-20,-0.0015063823039721536,-0.0036116422349692368,0.00321081537811585,-0.0026939228270344007,0.0007915567282321678,-0.0066225165562914245,-0.004766509144888298,-0.004990763363327599,0.00014979029358896945
2006-10-23,0.005500637755102122,0.0063067878140030675,0.004969257980291353,0.007388575514419626,0.000527983104540608,0.002755555555555622,0.004146197950163355,0.00477623560765994,0.00709005883240299
2006-10-24,-0.0016713091922005985,-0.0018671645772204704,-0.0005866577271202988,-0.0017350157728706073,-0.001054852320675037,-0.0008864462370358206,-0.0022076258483005873,-0.0059307385110567434,0.0001508750754377619
2006-10-25,-0.0020649670399492948,-0.0014383123801408049,-0.0010062893081761448,-0.0007900142202560412,-0.0024990135472839903,-0.00195191198651401,0.0002458344714559857,-0.009533803028031751,0.0028748676047811728
2006-10-26,-0.0061567605967319805,-0.0055096418732781816,-0.004281037522034681,-0.006404174573054977,-0.0023618947644666877,0.0004444839541291046,-0.005843960785384739,-0.009065593122862259,0.009007633587786223
2006-10-27,-0.004400785854616895,-0.004850274145930089,-0.008514584387118607,-0.005649717514124242,-0.008327911515939923,-0.006131153367691433,-0.005342672709792606,-0.0005040091638029986,-0.010574018126888185
2006-10-30,0.0006290791853422739,-0.0029960578186596365,-0.001955616019046036,-0.000640204865557048,-0.0009100364014561491,0.004470272686633692,-0.00028997114096729337,0.002811650010696498,-0.005259203606310936
2006-10-31,-0.004384248023173942,-0.0030915950534480263,-0.004770829783608765,-0.005124919923126137,-0.006586594343277796,-0.0007120605251446088,-0.003991712707182349,-0.004662786090878557,-0.007753093782615017
2006-11-01,0.00015660480776791275,-0.00036666492064318934,0.001626433829823748,0.00072440437862209,-0.0011609907120742058,0.007660105103767689,-0.0008459180984871084,-0.008557868952847603,-0.0038615773058073843
2006-11-02,-0.0007042253521128972,0.0001571668063706788,0.0009400905905478929,0.0008043111075362042,0.0014210050381087136,0.004242906390877765,-0.0014573213046495948,-0.0036132857738453428,-0.00103857566765575
2006-11-03,0.005903187721369552,0.004050286676134718,0.008025956284152924,0.008518845937474762,0.005455253929081527,-0.006249449872370527,0.0020988254916951554,0.0053620964867420184,0.005970149253731405
2006-11-06,-0.0007864726700748115,0.0023198186323616365,0.0028798915805523517,0.0013546896167024869,-0.0010380173867912124,0.0,-0.0019695960940967483,0.0022505510767190096,0.002543767768966143
2006-11-07,-0.0071060440418552195,-0.006859357000733146,-0.008108108108108136,-0.008435460767149405,-0.006829896907216582,-0.0012400354295837301,-0.007963421074575483,-0.010335440409726337,-0.005357940169668285
2006-11-08,0.0024266144814089063,0.0021514404155953404,0.0025544959128065425,0.0027287319422151235,0.006876865187491976,-8.868393047178902e-05,0.00098065311497475,0.0026574665485570304,0.005687771291722932
2006-11-09,-0.004674717569146947,-0.0005244663554834217,0.0015287922541193932,-0.005842804546182245,0.002471383975026109,0.0014190687361419485,-0.009600985290618702,-0.004975355714684326,0.00451059990978786
2006-11-10,-0.002021615737500815,-0.0027719665271965788,-0.0038161465400271544,-0.0026567909186056005,0.001954906816108437,0.0013284917190683476,-0.0016674909913092506,-0.008380453915291963,-0.0016511558090663847
2006-11-13,0.003981264637002546,0.00504625735912545,0.0057035838937600225,0.004278333871488682,0.00576746624721447,0.006279851406332915,0.0038925927498689727,0.007822931557203372,0.010006064281382843
2006-11-14,-0.0001561036528254789,0.004116964002955692,-0.003555104113763363,0.0006430351257937783,-0.003526645768024972,0.0014063461369429042,-0.0030737993852401058,0.0017457175366677458,-0.000606060606060721
2006-11-15,0.00031230480949395734,0.0033363342689189945,0.0028882093102275963,0.0018475379548559268,0.001700902786863745,-0.00035109277626610425,0.002305385833899054,0.0014159236957165255,0.0010617321401487079
2006-11-16,0.0,-0.001005184636546419,0.0005082161612739444,-0.00040089801154596927,-0.0052062996225431535,0.0010536482570899786,-0.0022295285534875697,-0.002206339341205732,-0.009018487900195438
2006-11-17,-0.0011697730640255477,-0.0017955217574987525,-0.003301727057229975,-0.001925082217053009,-0.0003903200624512104,0.004999561441978884,0.000777835919048453,0.005029742439814466,0.0022597167821634123
2006-11-20,0.0010148321623730805,-0.0014238253440911341,0.003652425040346463,-0.0007232982399741905,0.0005206977349647701,0.0012218537266539542,0.0023175626024534157,0.00041833873041952074,-0.00643616225116006
2006-11-21,-0.0010917030567686448,-0.0011061946902655162,-0.0013540961408259333,-0.001206369631655213,-0.0014298713115818984,0.00017433751743367587,0.0010715091360251616,-0.0012854664849460962,-0.0013452914798206539
2006-11-22,-0.008044554455445607,-0.008409506398537436,-0.011779661016949161,-0.011514614703277193,-0.0083784480536222,-0.005229213874847538,-0.01130922201566098,-0.010126385981235941,-0.004316118470010566
2006-11-24,-0.011696353489794475,-0.008801449650530646,-0.005831403824714809,-0.01319648093841641,-0.0030840400925211675,-0.005957595934816817,-0.015284682554379647,-0.011107281614237463,0.0010429082240763776
2006-11-27,-0.002972560975609606,-0.0027364725320114802,0.0016389200379538504,-0.0025590226184580844,-0.00038535645472048685,-0.0014101886127270147,-0.0032114338618215443,-0.00039605215214733036,0.002090176171991809
2006-11-28,-0.0031910044066251197,-0.005749486652977365,0.00017223561832580003,-0.0017379789787304034,-0.0051118210862620694,-0.001765225066195919,0.0010303892259020397,-0.0007131763288852344,-0.009611119325743211
2006-11-29,0.001217100258633863,-0.0006156371844860953,0.0012915446874461889,0.002984579671696297,-0.0014037774374680012,0.004067197170645409,0.002232628267393455,-0.00599495662379268,-0.004562849573152783
2006-11-30,-0.008672045848729382,-0.010206672421672502,-0.006363401840227101,-0.010910894362704426,-0.0075987841945288626,0.005019373018668505,-0.01157223242828831,-0.0183964898284803,-0.008175182481751753
2006-12-01,-0.004130369480324414,-0.005102556330201291,-0.001903937689311963,-0.0015878321912083937,-0.0022744503411675776,0.0028038202050293393,-0.009614962462132781,-0.0030070543870484023,0.00102294315358753
2006-12-04,-0.0008253920612292243,0.0003032140691328067,0.0003468308332610359,0.0,0.00253356979984809,0.0007863695937089243,0.0006649525667168366,0.0006195281803804686,-0.009122502172024372
2006-12-05,0.0,0.002127013065937433,-0.00338042818757045,-0.0030133087804470327,0.003942515579295369,-0.0034049240440020556,0.0024217723238677547,-0.006028513238289235,0.006118881118881259
2006-12-06,0.0015029683625160661,0.002742230347348995,0.0007827448251869207,0.0018470321551506963,-0.0016505840528187044,0.004643013578624622,0.003697538411678858,-1.6392099008388783e-05,0.0021901007446341048
2006-12-07,0.0008273164861614113,0.0032606480538006632,0.0005214217432867319,0.0016760244699571825,-0.004172461752433909,0.0012207882804324832,-0.002685883699768077,-0.0011802504753785081,-0.00839727812364266
2006-12-08,0.006129398410896547,0.003271314659578861,0.009554416746286876,0.007194846482054595,0.006106093372344468,0.0014805782964639747,0.00844726346926472,0.008501280115538412,0.0011595883461370526
2006-12-11,-0.0006050064281934997,0.0006137479541734603,0.006796868278413415,-0.00024919013207069796,0.002550695064405195,-0.0021741020958343515,0.0013425757022984541,-0.0005532953620828174,0.0023245677756791316
2006-12-12,-0.0007556865412225999,-0.005240396845586304,0.0011109212100497423,-0.0004985044865403188,-0.0006372673973997767,0.00627505664981709,-0.006485273328766916,0.0021981242672919343,-0.003041714947856211
2006-12-13,0.001362088535754813,-0.00040685551543506726,0.002390098164746002,0.002743142144638222,-0.002669378416168877,-0.00017322016282694808,0.004444640028164137,0.0033305713960780636,-0.00014482259232451167
2006-12-14,0.00311219067860935,0.000865316094879276,0.001532828067785097,0.005222581447401176,0.00344387755102038,0.0018191268191267707,0.0036071558963124417,0.0026232268929333724,0.00014484356894572947
2006-12-15,0.006032836960671917,0.0055276896304636836,0.001955616019045925,0.006679861454725433,0.0017889087656530744,0.0007782101167315147,0.004889263991152637,0.0071384734649051484,-0.0004343419719124997
2006-12-18,0.0016828577985159576,0.00411141946757132,0.002545824847250522,0.002949127549766617,0.003976908274534896,-0.00025920165889059543,0.0021141649048626032,-0.0005612572161641793,0.0011595883461370526
2006-12-19,-0.009170835228133889,-0.01057662971626161,-0.0017775520568815706,-0.008331291350159309,-0.0061201071018742725,-0.001209921355111998,-0.01310617883359344,-0.009386281588447565,-0.007052389176741558
2006-12-20,0.0008344079496318546,0.0009161237785015874,0.003900619011277806,0.0023062350712463875,-0.002035882427789848,-0.006403045773124338,0.0003074805628358046,0.0020732102364755534,-0.0010064701653487163
2006-12-21,0.0006072106261860721,0.0013250433187239619,-0.0010980657150096995,-0.00032870408414842345,0.000891492613346978,0.004789689105634265,-0.0036886325712111034,0.0009374797956940295,-0.001435750179468731
2006-12-22,0.003350849135633327,0.002657128257536945,0.005411804498562489,0.0034525277435264456,0.0028097062579821586,0.003206794938464208,0.005244909352686955,0.008348674224073926,-0.0042887776983558945
2006-12-26,-7.614986293036363e-05,0.00010220768601820751,0.0002523128679563502,-0.000573441468010083,0.00012773023374612613,0.0018142548596111752,0.004413720532569387,6.405842128009986e-05,-0.0012849800114220766
2006-12-27,0.0005333333333332746,0.00010221813349708953,-0.0014294122593122571,0.004344262295082002,-0.0015304170386429838,0.001207312866505772,0.0024299745361950897,0.005012250388329198,-0.002989323843416214
2006-12-28,-0.002507979936160587,-0.0028031191070790884,0.001599865274503287,-0.0037541826491472863,-0.005075498033244585,-0.0009474590869940069,-0.0019886198687800727,-0.0022307202039516527,-0.004534504747059742
2006-12-29,-0.0029552170947942935,0.0017869907076482061,0.0005884825556956574,-0.0009830425165887613,-0.0003805175038051889,0.00456935942753689,-0.0060068358664824295,-0.005317789843500398,0.0015611694578483437
2007-01-02,-0.006698780671383298,-0.007600324280502724,-0.0015963703579230382,-0.00574005740057415,-0.009547738693467367,-0.0004291108822519485,-0.00766732024231076,-0.007674153515179638,-0.005364201016374914
2007-01-03,0.008884501480750373,0.012206380141552842,0.006311537490532704,0.011381443298969174,0.005812484205206081,0.0044646690134797495,0.010631395794626908,0.01276513129155954,0.004537719795802531
2007-01-04,0.005727814266076159,0.0028287815666305782,-0.0025087807325639977,0.004158851830710297,0.006998345845527387,0.0057269852124115506,0.011613825705073078,0.010080194255407404,0.010170462684429227
2007-01-05,0.006843521722414314,0.007148407148407143,-0.004275653923541345,0.004222835796654056,0.007951776324227389,-0.0011048784633690412,0.0058988966611379645,0.0044916098625631395,0.015565900494617368
2007-01-08,-0.0013821700069108767,-0.004126902244002917,-0.0023574976846004736,-0.0007278020378456151,-0.0020478689363881974,0.0020420318216625155,0.003269098417068239,0.0012438398438114895,-0.0008720930232557489
2007-01-09,0.002154674874951912,-0.000773195876288546,0.008101949531606145,0.004855547462976562,0.0023091725465043123,0.0004245563386260365,0.003715772023094921,-0.0008806139136998681,-0.002320185614849146
2007-01-10,0.004250386398763517,0.0034136753905036343,0.0005860192549183019,0.003382459531287685,0.003734226113829342,-0.0010185028008825592,0.004413942362455847,0.01301624276001001,0.0032004655222577227
2007-01-11,0.002789832610043508,-0.005401512423478527,0.008115796519410967,0.0018460550605987613,-0.007286207337338535,-0.0007646559048428703,0.004068498199654158,0.005670960023616001,-0.00779445727482686
2007-01-12,-0.0017019959771004123,-0.007049088215763222,-0.0010789277118432583,0.00024034609838174958,-0.0003833375926398652,-0.004676473089022859,-0.007045136878962022,-0.0016221727845755485,0.0018799710773680367
2007-01-16,0.0006192909119058232,-0.0014282070900282218,0.0023263542705218576,-0.0004004805766919528,0.0,0.0035879036391592845,-0.003028579553533306,-0.004255450845674136,-0.004319654427645814
2007-01-17,-0.0023169601482854185,-0.005831643002028319,-0.0008289124668434678,-0.0019230769230769162,-0.0049586776859504855,-0.0009363295880150391,0.0009412838541293933,0.0006527009386461113,0.005065123010130401
2007-01-18,0.00046360686138147145,0.00025361399949286323,0.006470881035340881,0.0032113037893384266,-0.0026629469946741757,0.001278009712873951,0.003690352364532634,0.004705699642801653,-0.005039596832253523
2007-01-19,-0.002004935225169535,-0.0022268333417683195,-0.0008242664029013413,-0.00136043533930863,-0.0007602635580336026,-0.002552756977535875,-0.0029953720791572325,-0.003818032862906273,-0.0014378145219267058
2007-01-22,0.0008489619510687607,-0.0006574954481085582,0.0028048176868504804,0.00040067313085989653,-0.00012669453946523301,0.0030711482682137525,0.0019507055288974229,0.00046550600502737183,-0.005576208178438735
2007-01-23,-0.005220729366602672,-0.0037789086511813563,-0.00016452780519904397,-0.006408202499198934,-0.003534907208685878,0.004677666269773839,-0.009691905411550739,-0.006979341150195495,-0.003987467957846658
2007-01-24,0.004705337858685654,0.008742058449809464,-0.006335362843508441,0.006207674943566666,0.013174724993604503,0.0009311775162954561,0.002927417271761934,-0.007996751319776285,0.008039046798736571
2007-01-25,-0.0012326656394453517,-0.0014211033852712385,0.0016560404073859836,-0.0033651149747616627,0.005659891947517481,-0.003636671177266515,0.0006438689369008266,-0.006392291463299338,-0.00443047020151488
2007-01-26,0.005500038732667356,0.005357689560159251,0.004629246920724084,0.007637269876999753,0.006473329880890777,0.0014430014430015792,0.006906413097876651,0.0031057869049881948,0.0066177528413176034
2007-01-29,-0.003012048192771122,0.0003062474479378352,0.002303957870484652,-0.00047869794159893786,-0.00025886616619197333,0.0014409221902018654,-0.006887443551364836,-0.004691646657399184,-0.0034408602150536316
2007-01-30,-0.0004631773969431263,-0.0012744048529337304,-0.0009030457269517678,0.00015964240102173122,0.0002589331952356222,-8.46381718154765e-05,-0.003045772382137102,-0.002380687860078945,0.012336719883889735
2007-01-31,-0.0033851361747960773,0.0003059507419305163,-0.005587510271158669,-0.004788507581803492,-0.002067183462532318,-0.0018621973929235924,-0.0009609868043602976,-0.003993190893615717,0.004959159859976525
2007-02-01,-0.0017663773903694446,-0.0038098140810726155,-0.002892083953065616,-0.0034482758620690834,-0.0007745933384972759,-0.0030529172320217235,-0.0031154436994816903,-0.0036737692872887973,0.006016140865737318
2007-02-02,0.004706790123456761,0.0012206286237410602,0.0029004723626417928,0.003943027279311284,-0.00012908222537755254,0.006975161619598547,0.006523993317587351,0.004777478517378642,0.002500735510444274
2007-02-05,0.0020876826722338038,0.0031632653061224314,-0.005618905965955934,0.00040076947739664526,-0.0028317672802163907,-0.0018584220307483745,0.009658172244559227,0.001212624054631961,-0.005558806319485132
2007-02-06,-0.002775850104094313,-0.004722490224952969,8.309788931359918e-05,-0.005368159602595846,0.0,0.0002538930264048833,-0.002423332010657031,-0.004398406374502062,0.005441976761288547
2007-02-07,-0.0039170506912443726,-0.000304583989035101,0.002492729538845051,-0.0012888674077654594,-0.0021834061135368454,0.002707504865047783,-0.005682383191510487,-0.005026090853795129,-0.007734967892586098
2007-02-08,-0.0010741138560685926,0.005769427141836259,0.004475756319933577,0.005888046459106455,-0.0033282130056324633,8.438106488894981e-05,-0.004857628620004828,0.0017535392535392713,-0.0016027976103745178
2007-02-09,0.0022299115724719876,0.003792537925379147,0.003300602359930682,0.001042418410712731,0.006052801030264066,-0.009787377657779373,0.004263994372101676,0.00451267886107054,0.0038028375018284155
2007-02-12,0.0033173892917759407,0.00195131970832918,0.001480384900073961,0.003844921499519538,0.0050478902407455895,0.0008520790729380501,0.006561829878484637,-0.0015187849720224023,-0.002480303472424894
2007-02-13,-0.004760442260442144,0.0015944041557371946,-0.004352467767101964,-0.0034312160868178454,-0.006174427579109909,-0.005108121913843022,-0.0013208538681134252,-0.004947562244816295,-0.005080563216722234
2007-02-14,-0.007770836507694723,-0.00942531078051756,-0.003629165291982872,-0.007206341580590858,-0.0075322354142729475,-0.0022248844771523,-0.010253711815234046,-0.008560486596080108,-0.008063354931605593
2007-02-15,-0.001065449010654529,0.004915011263567637,-0.010844370860927155,-0.002984111621905039,-0.001784121320249743,-0.0015437392795883964,0.010273726560816154,0.0006005128704513751,0.0007204610951010437
2007-02-16,0.0002283626398720262,0.0016923944817681669,-0.002175914302452009,-0.001698754246885592,-0.002669039145907548,-0.0003435835767049422,0.000981368226425916,-0.007753321114012723,-0.005017921146953541
2007-02-20,0.00022841480127921976,-0.0024556197882029673,0.0072968212698145685,0.0022688598979014873,0.002037697401935823,0.005069599587558038,0.0018613506869948893,0.0031386395959001057,-0.004282655246252709
2007-02-21,0.0006094773731524228,0.0011780372874412581,0.007410491257285656,0.0019403347077371347,-0.005950120268388481,-0.0075232965717704214,0.004666004822011072,0.001010347918194432,-0.008071367884451952
2007-02-22,-0.000609106136744253,-0.0024015124418783618,0.0025621952227457,-0.0008069071249899862,0.0005066497783408064,0.0006029804462055477,-0.00022586428379844925,-0.00021163332085238906,0.000992204110559891
2007-02-23,-0.0022789425706474242,-0.0034624980905342273,-0.0016488046166529546,-0.004118549624485102,-0.0031565656565657463,-0.0025826446280990956,-0.003544046425596248,-0.0027355326147132653,-0.0016980331116456249
2007-02-26,0.000379968082681037,0.00040751872039113124,-0.002807597027250086,-0.00040544923775553965,-0.001386962552010984,0.001294665976178111,-0.001289463243212663,-0.001387845736864457,-0.00450767713762501
2007-02-27,-0.006568020534500896,-0.0015258633843648894,-0.017307055316329922,-0.009896974121846314,-0.00025211143325354346,0.0032755796914059054,-0.010924930123011878,-0.0007521132747992931,0.007808063600227122
2007-02-28,0.0012093726379440728,0.0024473563452811486,-0.0028650880593241723,-0.0013109381401064102,0.0051951343132286,0.005241000085917991,0.0038587884265037786,0.0032888816166243284,0.004563605248146141
2007-03-01,0.004327032566613598,0.0017365544716276826,-0.006760753824051391,0.0030355238329640155,0.003688159735469876,0.0009401709401710701,0.0074592740783081535,0.0038326048665928703,0.009938067117960525
2007-03-02,-0.000682749203459232,0.006218521944701516,-0.006041010805751812,-0.004335023719940989,0.0037018126116925565,0.0035009819827511723,-0.0013474795041275023,0.0009098146252701778,0.008424110384894767
2007-03-05,0.006720635405529363,0.01159344944112295,-0.006933744221879756,0.0036967058243653206,0.013716356107660532,0.0049353301565691066,0.00927464598690464,0.014495106075608222,0.015187260395163715
2007-03-06,-0.0010680500457735942,-0.0018162947586922717,0.004223773812602305,0.0018824684891143306,-0.0011632415664988294,-0.004318374259102531,-0.0062200956937799035,-0.0043840000000000545,-0.0036726898780665707
2007-03-07,-0.0030422878004260356,-0.002329795495728759,-0.0007725321888412129,-0.0026958581815209604,-0.003605924018029394,0.0022110723700996537,-0.0026338893766462146,-0.0039051200462829616,-0.004679046644246121
2007-03-08,0.0014471780028944004,0.0007772020725389517,0.008074907653981667,0.006471166448230425,0.0009022944057746063,0.001442511667373525,0.00477055883689248,0.00043560331058523083,-0.0016058394160585188
2007-03-09,0.0008385424607408876,-0.0009317734755152074,0.006817213463996774,0.0036624074224791414,-0.006149116064565585,-0.007625826131164137,0.002260908885372004,-0.0037090791807772305,-0.009399855386840295
2007-03-12,-0.00515698468072201,0.0013996164014307144,-0.005416842996191273,-0.006649367499189096,-0.004209720627631142,-0.001963797814207635,-0.006443153620573017,-0.0070087406927809015,-0.0024523946912867745
2007-03-13,-0.0009849231002349024,-0.0016043887796294287,-0.004680452727427564,-0.002612244897959304,-0.004065557108372642,-0.00017110103516126962,-0.002270437484922838,-0.0009291407892806358,-0.006164874551971233
2007-03-14,-0.0021168821350266986,-0.0007757149506127936,-0.005386456908344717,-0.006465870027827836,0.00139949109414772,0.005818430735004654,-0.00024178293581378352,0.0018600097895251633,0.010576644450883688
2007-03-15,-0.0016605026794476174,-0.001445907565195026,0.007994498409696682,0.00024713732597403393,-0.003044140030441511,0.00017014036580187408,-0.005761515918855098,-0.002296267344147007,-0.006620610247553116
2007-03-16,-0.004358608251296303,-0.0029861504401996752,-0.0041787480811872335,-0.005188601548344551,-0.008052340211373799,-0.0016160585183294662,-0.003076306714933752,-0.002448459918711121,-0.004156514261143718
2007-03-19,0.0006015489886457281,-0.0019013360739980056,0.006936713196882716,0.003808262273367058,-0.006003001500750393,0.0010223206679162988,0.0026695754513879066,0.0025853746338750927,-0.0062669135450790225
2007-03-20,0.0006019110676398487,-0.006128702757916327,-0.0022112604184385543,0.000989690721649561,-0.0024950099800399306,-0.009531914893617155,2.86286859434437e-05,0.004928922328671037,-0.0031236688910976085
2007-03-21,-0.0010522360015031706,-0.0008164931618697135,0.004347084896010989,0.0011534975694158511,0.00012476606363054366,-0.00515552500429628,-0.00017176719819067543,0.0002111315024442284,-0.0002838892831795725
2007-03-22,-0.004042218728946834,-0.0038633590890605474,-0.0003394721208520579,-0.002962719117768131,-0.008412718050228918,-0.00034548281223001354,-0.003264137437365755,-0.010050985613613395,-0.014133781136299928
2007-03-23,0.004285069914298667,0.002037489812550808,0.0002546905509803743,0.00445728435823356,0.0026048127015629863,0.00233281493001547,0.0028582919192208234,0.0006560926402807699,0.003088152723189186
2007-03-26,-0.002549490101979468,-0.0031481669544023427,0.0001697504668138894,-0.0020544005259266473,-0.004322588613066558,0.0022411861046462977,-0.0005012818493003168,-0.002343993312242776,-0.005305780508237823
2007-03-27,-0.0015722093284422645,0.0015256305939788106,-0.00033944331296675845,-0.0011528326745716688,0.0009889974038819194,-0.0036982884665003324,-0.00014329521680567225,0.002135909568874883,-0.003062360801781905
2007-03-28,0.0019503413097294864,0.002702564887053116,-0.008234295415959214,0.0014014839241547339,0.003100198412698374,-0.0004316298342542657,0.0046577619811971616,-0.0031478506082566193,0.01083438863092745
2007-03-29,-0.00037492501499691855,-0.0008152035461351792,0.007874689720106076,0.0015641722235943956,-0.0017331022530329143,-0.0001727264876068002,-0.0028958217429139177,0.0017762573599553466,-0.005318404478656391
2007-03-30,-0.0028413339315089825,-0.0029464058928116987,-0.0016135881104033523,-0.0032878513891172467,-0.003208292201382079,-0.004059773689211288,-0.0008727002203210432,-0.0022328024954851866,-0.0018161497625035494
2007-04-02,0.0,-0.005104619427878321,0.0011058183055461246,0.0010720765297707047,-0.007592456527063418,0.002254986990459562,0.003150192591319767,0.0035870602560306164,-0.007762683670640369
2007-04-03,0.0008231684501982528,0.00025276780749194927,0.00968646444047927,0.00436609275887645,0.0043045135899644205,0.0014710972654898846,-0.00031403000413954274,0.0020002623294859134,0.0006935774726037902
2007-04-04,-7.48278958394577e-05,0.0012654383478438724,-0.000925692165278158,0.00016404199475061887,-0.005990220048899597,0.0008640801866415249,-0.006211180124223614,0.0010472232221749866,0.0005551700208188404
2007-04-05,-0.004617905556383195,0.0024355591637912344,-0.0005053908355795445,-0.0040183696900115695,-0.0015867203710485667,-0.006388673055339744,-0.007571839080459775,-0.007845957697211414,-0.00345781466113404
2007-04-06,0.0034379671150972513,0.002696514881709522,0.005646384628349876,0.0057636887608070175,0.0019567078390609893,0.00017377704405241445,0.004082637209908313,0.0038222017199907032,0.0012463647694227475
2007-04-09,0.0009725443255779176,0.002396980824153294,-0.0004190061174892401,0.002865329512893977,0.001224439818782841,0.0009556076796106705,0.0013986013986013734,0.0012637452814705519,0.0022206800832753615
2007-04-10,-0.005135456981244291,-0.005578659093214311,-0.0017605633802817433,-0.006938775510204276,-0.010060606060606103,-0.00373199097378929,-0.006464896619247873,-0.012260888094808742,-0.01179536414757898
2007-04-11,0.0,-0.0034367734761950874,0.002435542118081946,0.0023838882038635933,-0.0010897203051217774,-0.002613468072131586,0.0003478109647407912,0.0,0.0010984484415763607
2007-04-12,-0.003559774547612027,0.0008599322171072288,-0.0030998659517427196,-0.003034279153682151,-0.0020541324311261766,-0.007598916935976918,-0.00428817709012419,-0.004397683333610014,-0.00041174855888015394
2007-04-13,-0.002515164965231409,-0.003025871198749308,0.00235313891923683,-0.00024677140741957704,-0.006005284650492437,0.0014962154550253182,5.819790196559538e-05,-0.0013334666800013384,-0.012067796610169546
2007-04-16,-0.0023616236162362636,-0.003918219721705807,0.004779072692211006,-0.0018101036695737927,-0.00012009126936463055,-0.0061516829246857085,-0.010882374336218748,-0.00605868411389654,-0.004589013362127026
2007-04-17,-0.001400250571154893,-0.0076765864114450855,-0.00734312416555416,-0.0032970656116056984,-0.004780686028445058,-0.001414802369793966,-0.0016767911512495237,5.037698779197797e-05,-0.004701773240193496
2007-04-18,-0.00036835125976120153,0.0009979541939022507,-0.005800268997982472,-0.002977174991730114,0.0016760445348975583,-0.00044275214734790236,-0.0004125351759903806,0.0028713436544984816,0.0016146393972014117
2007-04-19,-0.0022785740536567234,0.0005991312596735909,0.0007609706603535216,-0.0009953550099536246,-0.00035902345619909237,-0.00017717930545713134,-0.0027268037438279435,-0.0017245709501884088,-0.0009409866917597931
2007-04-20,0.0002940960223511979,-0.0008978899585974087,0.003801960121662784,0.0030720690800398742,-0.0008370202080593137,-0.005227715754031581,-0.0010345846881465448,-0.0010398846063532918,-0.003082283570088329
2007-04-23,0.001546391752577314,0.0014987260828296378,-0.002861711977106385,0.0005794222332589083,0.0028780429308072897,-0.00017814197915733132,0.0013463530108002164,0.0017461383478845072,0.0
2007-04-24,-0.0030832476875641834,-0.000549231076492962,0.0004220477758081209,-0.0047154202514890775,0.006639304683727643,0.00026726057906456546,-0.0024970080229310687,-0.002916331456154553,0.00484783194182592
2007-04-25,-0.0018319044478640745,-0.0006985330805308054,0.0008437394532569975,-8.311861025678269e-05,-0.00588023520940828,-0.007303170644816559,-0.005376821898329109,0.0020507648344259,-0.0034889962426194465
2007-04-26,0.004194260485651302,0.0069838717781238735,0.007418647782835963,0.005153782211138713,0.009571117034165244,0.0050242239368383235,0.002829528362298772,0.0035395557941355626,0.01071477010714772
2007-04-27,-0.0025688073394496413,-0.0041030773079808736,0.0007531380753138528,-0.0009096923585842909,-0.006858380459631608,-0.004463488662738935,-0.003267051782770758,-0.002457248884208507,-0.0049932523616733615
2007-04-30,-0.0025622254758419505,-0.0007500000000001394,-0.001254285475374206,-0.0014071682807714758,-0.0018015853951479643,-0.007532281205164915,-0.0021454431681043884,-0.0039379314967491474,-0.0020202020202021442
2007-05-01,0.004411764705882337,0.00035012254288990796,0.0027628935030139523,0.007211538461538547,0.004706166284542235,0.0018070112034693775,0.002209779768570286,0.004390908632089019,0.001078603208844564
2007-05-02,0.0001470804530079306,0.004168759417378265,0.0023378141437755406,-0.0010698707925274054,0.004850248575239524,-9.018759018752931e-05,-0.00044694069097028777,-0.0003349971525241635,0.004061188574522756
2007-05-03,0.002358838272150887,0.0016098199013985237,0.0023323615160348865,0.0010710166419509726,0.0007280669821621011,-0.0016235230450076799,0.003428077444741051,0.002362521363225012,0.003259540947983419
2007-05-04,-0.0015455950540959051,-0.002659174150820398,-0.0014127815174935776,-0.002962719117768131,0.004142804922627086,0.0,0.002569701290792148,-0.002139645286929892,0.0013599891200868353
2007-05-07,-0.0021298472385428147,-0.0006518251103088124,-0.0016644474034620549,-0.0015683037556748491,-0.0056942088684275305,-0.004065407895925466,-0.002814981628540991,8.37591088029832e-05,-0.0032533550223667884
2007-05-08,0.006207508128879713,0.002110340669279509,-0.0005835278426141732,0.0071097883597883715,-0.00277878458378622,0.002177068214804123,0.008498499390841907,0.006951423785594546,0.0006782419967443776
2007-05-09,-0.0012547051442911572,-0.003055652957972277,-0.0007506881307866031,-0.0013955015596782694,-0.0009656004828002551,0.0013577118030412283,0.001443766758006948,-0.0006487565499458947,0.0036759700476514112
2007-05-10,0.002738306690349468,0.006554732012302722,0.004757929883138612,0.0022194821208385562,-0.0042067307692308376,0.0009039139473920876,0.0032805696128044293,0.007257473866435715,0.002593502593502661
2007-05-11,-0.000517789777350508,0.00045399515738497875,-0.0014953892165822102,-0.00032808398950123774,-0.0007206341580591191,0.005689515036575443,0.0016129268757607562,-0.0006114489687994995,-0.002179242713157059
2007-05-14,-0.0018458357944477477,0.001060445387062403,0.0014976287544721245,0.0004922874958974699,-0.0008400336013439924,-0.006196120689655138,-0.0031474622670510932,0.0008102521703181598,-0.005687973997833051
2007-05-15,-0.004337278541498235,-0.0029704964253349786,-0.0012461576804851937,-0.0048384451369526404,-0.001796837565884002,-0.008222643896268256,-0.008150497841219573,-0.006988963055977626,-0.00040611885745256426
2007-05-16,0.005990238130453962,0.004450288257307644,0.004325403427050345,0.007004532344458081,0.01212415130940836,0.004737609329446224,0.008232280608241105,0.005806891732250685,0.007363971089595189
2007-05-17,0.002074996294649578,0.0013165890216728648,0.004638065264204183,0.003927986906710146,0.0035284097822119165,-0.0047152702212550635,0.004141273221235142,0.0023490488006616683,0.003832991101984984
2007-05-18,-0.0012582340315298035,-0.00035434067324713325,-0.0017312448474855469,-8.151287903490623e-05,-0.0037575757575758484,-0.008473032069970743,-0.002676338534887468,-0.0020464747821493656,-0.0006839945280436854
2007-05-21,0.004012781452032321,0.0030464584920031346,0.003963993723676618,0.0031792614331132008,0.0060975609756097615,-0.0026647064228614292,0.004765815174355481,0.0033240722365548425,0.002193583767480023
2007-05-22,-0.0005199049316696458,-0.003692836908134267,-0.0008225713580652938,-0.0004875670404680399,-0.0015828564470961037,0.0,-0.004670237452385484,-0.004681138637524951,0.002611683848797286
2007-05-23,-0.001335113484646322,-0.005583781880376337,0.00041162426936680596,-0.0027642276422764622,-0.004001940334707688,-0.0035010134512621915,0.00046921509113051485,-0.0037757721288399493,-0.005060175054704574
2007-05-24,0.0039466825526845994,0.0013600644771305515,-0.0004937458854509247,0.0022827327572152445,0.004752040940660507,0.0023113905325444772,0.0027113775263443163,0.002676330269129057,0.008412632740311787
2007-05-25,-0.0017097829319059343,0.0003527336860671415,0.0021406224271365293,-0.0010574263868554645,0.0020757020757022904,-0.004335393413891886,-0.0010231524789522384,-0.0026360290460557545,-0.0022017338654192198
2007-05-29,-0.0022991915745754765,0.001564550317956881,0.000575090371344178,-0.004397036071981164,-0.001463057790782818,-0.006948304613674128,0.0063354109969859795,-0.0007480177529547438,-0.003018246673068936
2007-05-30,0.00476935688203306,0.0033929204436116134,-0.002545364972493691,0.0026171587470353863,-0.0021897810218977076,0.0031719376807537447,0.008679974992366724,0.010014306151645114,-0.0020536692223439568
2007-05-31,-0.002527317326990297,-0.0025256351972520186,0.002304906157392095,-0.0005710090545720803,-0.006286266924564909,-0.004835859760066841,-0.002666628228782164,-0.005155148560511247,-0.008282416836388307
2007-06-01,0.0009672619047618181,-0.00035346394667745695,0.0027923784494086057,0.0038361083904667748,-0.004932034163358634,-0.00925147182506314,0.001474180167940764,-0.002483320364882635,-0.009281678773204072
2007-06-04,-0.003558718861209731,-0.005923100090352462,-0.0031122031122030602,-0.0055289047890071386,-0.003356911641289928,-0.0021694019996226777,-0.0019049543243905287,-0.006738253696911278,-0.005218787635487776
2007-06-05,-0.002809404110601932,-0.0009528107918359563,-0.0018895826487019818,-0.003597416400948572,-0.003583801218492333,0.002457699215426823,-0.004178655600699854,-0.0023727170952595467,-0.0057211282597127155
2007-06-06,0.0025200118588795117,0.0013055485814712497,-0.0033747633550086364,-0.000902601132354075,-0.0044005708848716685,-0.001791607732201772,0.005125450110349705,0.003048320911146263,0.00133226751931792
2007-06-07,0.0026753864447086606,0.005909687847257317,0.002147340601255321,0.005502628120893416,-0.004617023795430386,0.002361609673153131,0.0007945106536655366,3.339622956577415e-05,-0.006354249404289081
2007-06-08,0.0072610225316265264,0.007173017245764912,0.002307565518378185,0.008331291350159198,0.0023733238400378553,0.001036660069739126,0.010277136258660446,0.013157675032142935,-0.0014540647719761823
2007-06-11,0.0,-0.0014731281113480321,0.001315573096530187,0.0033211826650465515,0.00011868027533812331,-0.0007531538316702946,-0.00042862041376157123,-0.0010218039784433142,0.009608968370478976
2007-06-12,0.0025515947467167344,-0.003240506329114212,-0.00016423057973391497,0.003067979977393831,-0.0015404668799620103,0.0020727341247410713,0.009748148995168737,0.004074898952404649,-0.003590425531914909
2007-06-13,0.0022564874012789282,0.0011151662611517121,0.005009855453350864,0.0018512556342562547,0.0044037134015713075,0.00300864986837146,0.0009059509654041342,0.0012815878544905068,0.002132196162047073
2007-06-14,-0.0012020133723987803,0.0016246953696181787,0.004903162539838135,0.00040170322165988814,0.006348065636603062,0.0014998125234346737,0.0012162697290263313,-0.0010830324909748557,0.0002665955745133619
2007-06-15,-0.004040404040404066,-0.0034910194788766447,0.004716597544116352,-0.0019274012206875746,-0.0060714285714285054,-0.000561587420441767,-0.005494815944854126,-0.007786575549495578,-0.004115226337448541
2007-06-18,-0.002686366689053199,-0.002875592775703706,0.0009712666936463332,-0.0015288059221113537,-0.0024937655860348684,0.003933320846600363,-0.00035508841701581417,-0.0025000000000000577,-0.0009283819628647105
2007-06-19,-0.0011180679785329772,-0.003118084892375861,-0.002264089916713896,-0.0005641066967523312,-0.004609929078014274,-0.007649253731343286,-0.00375106564364891,-0.00036515128881797754,-0.005145797598627877
2007-06-20,-0.0007448234768361317,-0.002658373877714837,0.0017019207391197888,-0.002257700370907889,0.00023646252069053908,0.000752021056589447,-0.01637286781904268,-0.005744931675162324,-0.0062934312311525575
2007-06-21,0.0020150757519217244,0.0006524794218030205,0.0006472491909386147,0.002424438338451518,-0.001180916391119613,0.007608491452188559,0.0012179561535785588,-0.0030727609759356733,0.0007872982548222662
2007-06-22,-0.0029022175919035664,-0.002553191489361728,0.0033150064683051816,-0.007094485649790316,-0.0016505541145954705,-0.004754358161648042,-0.003779760180733338,-0.005025378159706384,-0.006388526727509669
2007-06-25,-0.0008921933085499489,0.0006512373509668379,-0.0020146667741155477,-0.000893147125690219,0.0002358490566036764,0.0033720494567253123,-0.00033434606271165457,0.0013300335033756827,0.0009134803601722474
2007-06-26,-0.0013365013365014278,-0.0017502625393810423,-0.002826227390180902,-0.0017066233238520745,0.0007080481472738764,-0.0018670649738611322,0.001119706840390755,0.0007734212119174799,-0.0006520605112155797
2007-06-27,0.002605523710265789,0.0016028049085898832,-0.007854887035387503,0.0005698469553891972,0.011820895522387964,0.00224466891133579,0.0009441499019535726,-0.004569738920063293,0.01040980366319677
2007-06-28,-0.0024506163671470516,-0.002846868444710826,0.003999347045380519,-0.0004068017248394229,-0.010164283181656963,-0.008398656215005684,-0.005151647075896104,-0.004472573839662375,-0.01351878330950207
2007-06-29,-0.003994082840236612,-0.002043562777251595,0.0030891797414844824,-0.003744098974442389,-0.0035331527499704585,0.0007528703180876839,-0.001458682809423073,-0.0007289988980250239,-0.0047865459249677444
2007-07-02,-0.00785205841344383,-0.004860869996527795,-0.008671691385039315,-0.010457516339869244,-0.012214983713355165,-0.0076170772992288915,-0.0076108392374553135,-0.013776254623188877,-0.012771392081736832
2007-07-03,0.0008813808299670267,-0.00034708449028175714,0.0006540222367561466,0.0033025099075296716,0.006203909633618165,0.0037903913579078186,-0.003768363411546516,0.0009117495269224118,0.00204760685948302
2007-07-05,0.0016921718658033935,0.002684697225812771,0.0034313725490195957,0.0021395655036207106,-0.0021025581123700343,-0.0024544510525817964,-0.00419634149945336,0.002010896653661831,-0.0019159535061950006
2007-07-06,-0.002495229707911384,-0.00024852129827512837,0.003663898387884723,0.00024634586960092797,-0.0009335978527248434,-0.008422447241411835,-0.0011573730599162557,-0.004219554030874817,0.0007669691934042433
2007-07-09,0.00022021581149522795,-0.002330655558861472,0.0005678591709257219,-0.0009030457269516567,-0.004183614177803774,9.543806069856053e-05,0.002258007011705976,0.0003272814965376014,0.0017928031758225327
2007-07-10,-0.00663555490739387,-0.004049782694587223,-0.009323820334036004,-0.007888249794576918,-0.0019717003015541357,0.003912587078919838,-0.008137190964605412,0.0003960532433315844,0.0019245573518091863
2007-07-11,-0.0031256814712508074,-0.0035433070866141003,-0.0004910385465258793,-0.0024846778201094155,0.0009287206872532483,0.003517110266159751,-0.004258880138675147,-0.0032704489121452296,0.0001283202874373668
2007-07-12,-0.0013792102206736656,0.001577287066246047,0.00302955866699417,-0.0009133178346063531,-0.002778420930770964,-0.008525149190110937,-0.003271603085511887,-0.009083687355369019,-0.0033252334058063715
2007-07-13,-0.0008703220191471628,-0.002752654345261507,-0.004163265306122543,-0.0011634671320536194,-0.0057550644567218034,0.0008598452278592017,-0.0012798120934714996,-0.00020913210177775365,-0.005089706069474453
2007-07-16,0.00021762785636547655,-0.0014724649062528572,-0.0007377653906056603,-8.320159747066125e-05,-0.0038981884888786844,-0.004390988927071571,0.000587960380515895,-0.0018302886626689885,-0.007952537238071211
2007-07-17,0.0002176752285589778,-0.003959912001955557,0.0037735849056603765,0.0009985022466301174,-0.0011452130096198943,0.00047938638542688317,0.0022449902064187732,-0.00027941253514485176,0.001517067003792727
2007-07-18,-0.0018829663962919296,-0.0038472776857894075,-0.004331480876103355,-0.002743142144638444,-0.0052403736614263785,0.0,-0.0007666982365941433,-0.0007336628993659389,-0.0037783375314862644
2007-07-19,-0.00021721815943809286,0.00214738897022948,0.001887876549290013,0.002167208468783821,-0.0020463847203273655,-0.0009583133684716305,-0.000827465848227682,0.0012411502491040949,0.0021456518995330853
2007-07-20,-0.001446027040705733,-0.003695419624623164,-0.0074553498279534836,-0.002079347916493335,0.0,0.0014388489208634336,-0.002258593949979737,-0.0020252810950485145,-0.005273069679849418
2007-07-23,0.0010132445538104662,-0.0009230021860577864,0.0013206768468840835,0.004667444574095736,-0.00441426146010182,0.0009578544061301653,0.003969032491737412,0.001469559132260212,-0.009081861159492388
2007-07-24,-0.0005063657407409217,-0.0019877824105498654,-0.00610007419009162,-0.0003318400530943899,-0.000678656260604038,-0.007464114832535951,0.0006613955445990971,0.0031968415903849134,-0.006304858449746487
2007-07-25,0.008241557873240657,0.005606747598849493,-0.0019905449116695006,0.007468879668049766,0.0014725872224738978,0.004917084458156751,0.009809223373892006,0.010639594615772907,0.007096613545816588
2007-07-26,-0.00138383102694839,0.001122608356110888,-0.009889470622454932,-0.005930807248764269,0.0054669703872436415,0.007771275064760719,0.0016363447034497547,0.0022054516006755343,0.015423514538558836
2007-07-27,0.006081922766908443,0.009758501724987712,-0.0048682222595265445,0.00041431885979448246,0.025700934579439227,0.00818735719725816,0.0012475309283708214,0.011896984492658857,0.033581601986149234
2007-07-30,-0.0024851984504056235,0.0025694238561122518,-0.0012651821862348367,-0.004804108340926039,0.005993653778352259,0.009348441926345652,-0.0024919530682172564,-0.00637126643786734,0.003672131147541169
2007-07-31,-0.002188024214134554,-0.006187389510901586,0.006080567519635149,0.0004993757802747023,-0.009890621363742302,-0.003087285994947897,-0.0015167511784561771,-0.006788297453960923,-0.01166558651976668
2007-08-01,0.0021195731618184332,0.0027081589443105347,-0.00352556031226392,-0.0006655020380998966,0.006676818554527619,-0.008539789789789864,0.006850641130653701,0.003133285128946728,0.011935991605456442
2007-08-02,-0.0008033301686992678,-0.00181853927061848,0.005391289697582291,0.00391242820278026,-0.006748109365910526,-0.003502129673450094,-0.0038901297202952323,-0.004187547195716457,-0.009484214629076448
2007-08-03,-0.006673920928545574,-0.003916576911779046,-0.007708420611646338,-0.010530679933664966,0.002566196197363979,-0.0001899696048631716,-0.005419933475884986,-0.007617537570660304,0.007065288499280564
2007-08-06,-0.000290086300674397,0.006553984132459556,-0.003293084522502765,-0.005028073409871769,0.00011665888940748381,-0.0012350370511116093,-0.000432971528389392,0.0027612795665310497,0.0024921301154250397
2007-08-07,0.003055212046264577,0.0045045045045044585,0.0037275499830564662,0.006822201633959413,0.0033945920636777593,0.0038048130885570686,0.004779686333084454,0.0072219047124229,0.001708054132177006
2007-08-08,-0.004417728852838754,-0.008150039277297627,0.01080351114112088,-0.0006692320562153853,-0.008702715247157156,-0.005306547901070657,-0.004697487735989325,-0.009164689294680062,-0.009371339320577765
2007-08-09,0.00780964893073488,0.004785161067534904,-0.008934535738143068,0.0017579105976897047,0.00889721376726782,0.00657330665904543,0.008871762702751251,0.005952277657266913,0.013855898653998278
2007-08-10,0.0010960105217010518,0.002571838369850088,-0.005813463644788963,0.00016712626389225882,0.010289769367238133,-0.0026500094643194805,0.0029016403150352588,0.0070383659950317146,0.015545430179576547
2007-08-13,0.0045507927187316,0.004770660438304208,0.003983050847457648,0.007352326844347834,0.0029655990510084607,-0.002846840007591722,0.00981636750118109,0.003751541729477781,0.008105917319643385
2007-08-14,0.003166188056844099,0.0061500000000001,-0.002194648434202806,0.0031516961101434315,0.005486641221373878,0.012086029691663391,0.0035667821485476647,0.0029866029524703297,0.013278576317590662
2007-08-15,0.007567326953038078,0.0038648797871807528,-0.008628711614922513,0.007110376188507628,0.01710542278296745,0.010437235543018453,0.01226457693035976,0.0027905393908456144,0.020393909763933626
2007-08-16,0.005745411132666689,0.004740531544706883,-0.026964758085160856,-0.0004925703965190653,0.048727735368956804,0.0007444630560207166,0.006978919346715795,0.015474938066311505,0.05636712409620781
2007-08-17,-0.006670619626445107,5.0433730078847105e-05,-0.0019293168464439292,-0.010841889117043202,-0.0034233548877898867,-0.011065649990701143,-0.012417833666761968,-0.007368913544764988,-0.016400580551523825
2007-08-20,0.0017820017820016076,-0.00010085728693909335,0.005974870398031795,0.0019098231337706384,-0.014740787008120093,-0.005171603196990948,0.004427659851543142,-0.003013214375894302,-0.00977292325380863
2007-08-21,-0.0011125120522139653,0.0008580225104730665,-0.0006114071097912399,-0.0027349577324713437,0.0006250000000000977,0.001984877126653961,0.003010789864154262,0.0039003140512612333,-0.0005745475438093672
2007-08-22,-0.003841891392685537,-0.00517172122916254,0.004632057332634165,0.0024100390592536325,-0.005346263831903508,0.0017922837468162811,-0.005242294545141246,-0.006761188758262371,-0.00628033114473292
2007-08-23,-0.0018436578171091567,-0.005939605690042371,0.007481513701609321,-8.290499088048353e-05,-0.01118760757314985,-0.005084745762711895,-0.0016459479360679818,-0.0058928117856235085,-0.011429377733878976
2007-08-24,-0.006229388054232232,-0.0031842380217922406,0.0026767982039548333,-0.003813945775640426,-0.013103615627274912,-0.0038803710013249892,-0.00688388505647386,-0.007545948524026236,-0.01336488932201041
2007-08-27,0.0,-0.001738353034667628,-0.0006028246641406332,0.0014148980441115455,-0.0055501930501931085,-0.00095011876484552,5.8248751292344636e-05,-0.0002231223396951254,0.00013923698134243878
2007-08-28,0.001394393072068123,0.003438823822576653,-0.011632916846186947,-0.0021609042553192293,0.009869623492140933,0.00960532572515449,0.003188933381871095,0.0017510429005511696,0.021331058020477744
2007-08-29,-0.003583180987202894,-0.005797245069864343,0.007149084568439434,-0.0016658337497915676,0.0020757020757022904,-0.0022607385079127518,-0.004499666153801596,-0.002090723698867203,0.0007115411982354658
2007-08-30,0.001978311840562741,0.0010912698412699484,0.0025103878116343736,0.003837810779242501,0.0008554319931564081,-0.002360271903323219,0.0020412924297212864,0.0005323624873350141,-0.002413401476433874
2007-08-31,0.0005131588593210168,-0.0002479543763947989,0.00017269665831953773,0.003241356382978733,0.003187446365085167,-0.0006624396706728097,0.00142599383039399,-0.0008925199958806918,0.002704626334519622
2007-09-03,0.0,0.0,0.0,0.0,0.0,0.0,0.0,0.0,0.0
2007-09-04,0.00257239453182434,0.002784822716196844,0.0032806699473366674,0.003148040758843562,-0.010673135233475017,-0.006344696969697083,0.0018017494405857537,-0.0009620340147740158,0.005438671819092633
2007-09-05,-0.004608969200380342,-0.005538796300875393,-0.009121418122364555,-0.006936989016434247,0.0,0.0014295244448681022,-0.004119165723899809,-0.005880936822918459,0.01260869565217404
2007-09-06,-0.0020442432649485642,-0.0010374468925995473,0.0015631784628744594,-0.0014137214137212029,-0.003625377643504568,0.0024743052912066243,-0.006903381783227913,-0.002888673631772032,-0.002457712881307028
2007-09-07,-0.00544583212314842,-0.0020213972292068005,-0.015260556663487468,-0.010493004663557737,0.0019372805424386907,0.0011391684070629626,-0.004736903854050567,-0.002844999566311013,0.004064450573377787
2007-09-10,-0.0015948963317383713,-0.00024645110410093096,-0.0012327199084264384,-0.001851540144756747,0.0025491624180626893,-0.0013275175421961771,-0.0014293081853681278,-0.007358953393295176,-0.007062554050158543
2007-09-11,-0.003107610031076069,-0.001525665633151152,0.004760645331922664,0.0003372681281619272,-0.008664259927797735,-0.009684770224078987,-0.005223704403258145,-0.005047495530863366,-0.011117445838084383
2007-09-12,-0.0048187571921750605,0.00024613566998121783,0.00236904448539077,-0.001685772083614312,-0.010832043804309022,-0.00556088207094918,-0.010828611267689081,-0.009406376607362987,-0.017366946778711423
2007-09-13,0.0013683831472812713,0.0017753230101589246,0.009891456582633129,0.0021952043228641305,0.0007147111375818138,-0.004627844195912001,-0.0003599064243295924,0.002418379685610761,-0.004322967508018416
2007-09-14,0.0026718659734257244,0.01051477550206803,-0.0005200658750108555,0.0037068239258635227,-0.002376708259061111,-0.0030995738086013747,0.004500450045004323,-0.0008514865536082272,0.00645614035087716
2007-09-17,-0.0008658008658007921,0.007379518072289315,-0.0032954644003121425,-0.003357394661742452,0.01044668587896247,0.0014574426739215607,-0.0003733572281958697,-0.002112776081244161,0.011499148211243648
2007-09-18,-0.0006489292667100077,-0.00265358233615387,0.0071347776907682015,0.001431699511537765,-0.004185101040296679,-0.0070825652469194145,-0.000761933218794475,0.003949826527889,-0.00774757008029292
2007-09-19,-0.005806451612903274,-0.0005004253615572551,0.003974082073433971,-0.002943402573374887,-0.022443015780245323,-0.008501074848544232,-0.009464146881167368,-0.010934481719743983,-0.03125
2007-09-20,-0.010076639227930784,-0.0074011523941982515,-0.017468376215471926,-0.013410931174089091,-0.009952551787987485,-0.013402976249137555,-0.013645077055440602,-0.009872782655438117,-0.013329742830214264
2007-09-21,0.0011366865586814878,-0.00376088677751385,0.012436503765983487,0.0032486962469009395,-0.001040462427745692,-0.0002996703626013675,-0.000964084043643898,0.0010676993792866352,0.0016183412002697128
2007-09-24,-0.000709924747976709,-0.0006923153001683335,-0.00588235294117645,0.0003408606731998276,-0.002191717614488442,0.00029976019184663194,-0.0023129710189326858,-0.0028200585704470926,-0.0046979865771811236
2007-09-25,-0.002972819932049786,0.0026277951311419745,-0.0038287504350852375,-0.004940795638470052,-0.00253135427453699,-0.0005993407252024019,0.0002763576067432716,-0.0010333200391573483,0.007846320346320379
2007-09-26,0.0001415828967861188,0.0004960563520017836,0.010307477288609368,0.0024826641554662743,-0.006629329066179079,0.003998000999500206,0.0030544427560590393,-0.0010706832410852796,-0.007118871725990794
2007-09-27,-0.0008487763474323007,-0.003755868544600971,0.0008646031471555293,0.002134927412468013,-0.0030765724703737396,-0.0013937282229963266,-0.0021270084162203773,-0.007520982451041047,-0.0045460623077949736
2007-09-28,-0.005696603136648104,-0.007553092353720259,-0.006824464409122322,-0.005368555602897285,-0.00892151326933932,-0.007177748978167808,-0.007146033644630512,-0.009829404012300369,-0.0117600422832983
2007-10-01,-0.0007027900766043427,-0.002299862986885892,0.008176045925023967,0.000942426319396672,-0.00850968536558061,-0.0030123506376141806,-0.004247432234149362,-0.007782604676957239,-0.012268337248760086
2007-10-02,0.004660029654734332,0.0009305970514768003,-0.0006901906651712864,0.0057348283831208935,0.009608862762830794,0.007352200624433536,0.008577633007600394,0.010433356932593174,0.0070977917981074334
2007-10-03,0.001980898478952886,0.0023565221660366564,0.007856341189674598,0.003489361702127658,-0.004053141184417797,-0.004099180163967153,-0.000630546114451791,0.0006084743887597721,0.0007892659826360671
2007-10-04,0.0004954699886750014,-0.0011278932914868811,-0.0012849066301181544,-0.003307607497243681,-0.00011257458065982995,0.001907439012147405,0.0020928872610876947,0.0035933440212283507,0.006487488415199305
2007-10-05,-0.0018369365550374717,-0.00215306322176545,0.0020584955828115703,0.000680735194009463,-0.012780617915092218,-0.016533066132264462,-0.006219478485211427,-0.007546546215710048,-0.00970237314802691
2007-10-08,0.0,0.0,0.0,0.0,0.0,0.0,0.0,0.0,0.0
2007-10-09,0.004399659381209231,0.005164527076877645,0.0012839168021911984,0.006632653061224625,0.002562674094707562,0.0031584309730003923,0.004064098403721017,0.007733436939187044,0.0006559958016270073
2007-10-10,-0.0045913682277317625,-0.004943226311667992,0.0016242092665412766,-0.0025342118601113794,-0.0018905693950178604,-0.003351614868982389,-0.007064146761881385,-0.0032128366593842106,-0.0020947892118354794
2007-10-11,-0.004990160247399511,0.004424343722348123,0.004608688230775648,-0.0005928184281843718,-0.005639721331416547,-0.007031488841332867,-0.0076258970503898516,-0.01116145430434301,-0.012923235978289038
2007-10-12,0.0042348955392432774,9.83284169124854e-05,-0.0017840455356383789,0.004321667655283523,0.0001105950011059953,-0.0007183908045977905,0.0034049199531431817,0.009536581731485638,-0.0021921341070276767
2007-10-15,-0.003376477208778761,-0.0038689455898918146,-0.0011063829787233415,-0.004471819102261243,0.0033288948069241098,0.001951319708328958,-0.00211696215930135,-0.008099630996309948,0.013328106624852953
2007-10-16,0.003600423579244616,0.004525999901608513,-0.006475249211894019,0.0027120942452751873,0.017155756207674955,0.0022550225502255827,0.007799460277348791,0.006101076988895393,0.026697075395760717
2007-10-17,-0.003026463963963999,-0.0029430519448667702,8.575593859871944e-05,-0.0012678556335052882,-0.009170208007157288,-0.004295356923706306,-0.0022752952466451593,-0.0036051692580746364,-0.011143539400371605
2007-10-18,-0.00580785109509474,-0.003421811604829683,-0.008403361344537896,-0.010071090047393372,-0.000558846540739899,-0.0003081347576006088,-0.005088426931430301,-0.0030430103536571718,0.001328374070138194
2007-10-19,0.0019631213629671684,-0.0013181019332160204,-0.004237288135593209,0.0017953321364452268,0.00134303301622829,-0.009863351484639904,0.002307740285660831,-0.0006700167504188892,0.0011969676818726072
2007-10-22,0.008841420285754742,0.010108979732728507,-0.0093790707772472,0.005034988905956661,0.01707455890722831,0.018055411435093927,0.013627878033602991,0.019443513241703014,0.014572932127917992
2007-10-23,-0.007720381807973187,-0.010539155891680974,0.005084597177172023,-0.004245563386261253,-0.017667449401766788,-0.01406584446029957,-0.009837927435692784,-0.012203588001023058,-0.015280361413765653
2007-10-24,0.0007726346842733545,0.00019520765213987268,-0.0061927605756650905,-8.527330092944485e-05,-0.006002000666888829,0.0038250801199213313,0.004293575137564787,0.008673941187349765,0.0017303340875816087
2007-10-25,-0.004335967550178177,0.00029289724188430455,0.001316482359136506,-0.004690431519699834,-0.006844022519041815,-0.0038105046343974713,-0.006898999876527978,-0.007865930801811638,-0.01248685594111465
2007-10-26,-0.006323835997220417,-0.0014136687140487991,-0.0007012008063809194,-0.0037700282752120007,-0.01134999454327179,-0.005582549364209766,-0.00820576579376786,-0.009369802254666437,-0.0053601778010198275
2007-10-29,-0.0010413051023949738,-0.004609636566548669,0.0059643890886764694,0.0023221811301281647,-0.005211160568885043,-0.007485185570225594,0.00029772631117097603,-0.0009141279406001956,-0.004425354679161608
2007-10-30,-0.0013172490293953398,-0.002999371099608017,0.00026157467957110825,-0.003346490475373276,0.002830702231899851,-0.0013616842987325128,-0.002851055830565885,-0.0012510736826381041,0.0027407987470633444
2007-10-31,-0.003041194359966859,-0.005101795254367936,0.004794281729428196,-0.0022384847180370038,-0.009276237730557524,-0.003985735263268286,-0.0007226568636692354,0.007104530072727933,-0.004029637332639946
2007-11-01,0.002286110148943532,-0.0019694495148427915,-0.0034701136462218507,0.00017257744412813025,0.009253211408665418,0.0001053074978938362,0.00790781033832233,0.006553177269942534,0.008785733018620734
2007-11-02,-0.003176576203300807,-9.606147934670961e-05,-0.0011317141116045093,-0.004141143991027496,0.0006535947712416057,-0.014425608086764186,-0.0014974029417728074,-0.0014385835485060117,0.0018392012611663233
2007-11-05,0.000829359319925338,0.001009663926150317,-0.001743071291615772,-0.0006064281382657244,-0.0017398869073509404,-0.0024572649572650596,0.0008591736311800435,-0.006593771933064985,-0.007432520537227871
2007-11-06,-0.005908622466506364,-0.0028764562059544474,-0.0002619172341540299,-0.007194868238557528,-0.006160164271047375,-0.010067473492556434,-0.00853753706883098,-0.005614948405689324,-0.011854142507408794
2007-11-07,-0.007636190086588779,-0.008838203848894999,-0.01065409134573403,-0.010302977385837853,-0.012381257338029639,-0.008114248620577746,-0.00840640397966086,-0.01084456743264206,-0.00995024875621875
2007-11-08,-0.0016336532570963014,-0.0027956785443518095,-0.005560949774914059,-0.006175562417291447,0.011115907619253074,0.014725130890052451,-0.00017463366619574483,-0.005368315596469109,0.009790029627721353
2007-11-09,0.0017729287419026019,0.009229592080723048,-0.015622226167228748,-0.0029294274300932788,0.01323127392017498,0.00881436095883048,0.004477754136364975,0.010604534483741768,0.012125162972620451
2007-11-13,0.004589669817783415,0.008779970090211586,-0.005320108205590701,0.002136752136752129,0.02833689418643881,0.027064464571124214,0.0030192854884605325,0.02213362920059403,0.01670201484623557
2007-11-14,-0.004907975460122782,0.006946468473720158,0.009699936542471255,-0.0030206112295663168,-0.012108420351033211,-0.0032161012553169055,-0.0100550030732377,-0.005519372999227223,-0.013340308658121858
2007-11-15,0.0021176309857231512,0.005028560269491944,-0.005386963548213219,0.00017822135091782876,0.009079699585248235,0.020399666944213246,0.004569117857768257,0.010267510267510271,0.008308057497032673
2007-11-16,-0.0008872508872508345,0.00014648437499986677,0.0024372630438707077,-0.004811119030648681,0.001346952519923672,-0.00785393716850269,0.0022820919175912113,0.003186287974509705,0.003175023151210432
2007-11-19,-0.00040933278755628244,9.766578767456124e-05,-0.00900495272399815,-0.0006266786034019312,0.008375778155065072,0.011514341523594096,0.00022136487255708381,0.005074566927696589,0.0015900357758049655
2007-11-20,-0.008723879082978225,-0.008425334108076665,0.0,-0.005733225835348854,-0.0043948613928330715,0.0009147271064131601,-0.007097916469063215,-0.01979622600388664,-0.009969828151646265
2007-11-21,-0.0028322880841595843,0.003254797182414393,-0.013721035892775957,-0.005586088836832315,0.02023453667509778,0.004670999187652347,0.0017831839386075465,0.004558003372181485,0.015452244571732887
2007-11-22,0.0,0.0,0.0,0.0,0.0,0.0,0.0,0.0,0.0
2007-11-23,0.0002698145025297194,0.0010212021007585115,-0.0034088815183342946,-0.0009966476397570423,-0.005260750228728184,-0.0007074994946431046,-0.0034964479267651782,-0.004260656251729222,-0.00674781688277315
2007-11-26,-0.0024895707172655213,-0.005657366665054786,0.0,-0.0019045891529112513,-0.003873319662793473,-0.0010114291493881211,-0.005502304588443585,0.0007779794761604286,0.0
2007-11-27,0.0030370520348248498,0.0013557352442743476,0.004345012480355015,0.004452521581099322,0.003888380603842778,0.009213323883770386,0.00896465456411577,0.009920781816835866,-0.0026392187912378517
2007-11-28,0.004542372881355838,-0.0016918020108275256,0.016016200294550753,0.0119413786864484,-0.008279460133832406,-0.006119582664526502,0.006755145831677689,0.00483835495931384,-0.016099714359906425
2007-11-29,-0.0010835703643504724,0.002228466233892057,-0.00398622938938209,-0.0008045771500090337,-0.0014722536806341946,0.00211971333400629,0.002573413324913121,0.003593054643612703,-0.002590002590002638
2007-11-30,0.00531045751633985,0.0036466183692323018,0.009823540112788853,0.00984163908025426,-0.00203435804701646,0.007957292506043379,0.004771428121506105,0.004179918218991219,0.006648416112631894
2007-12-03,0.0021150303609198673,-0.004405073095168688,-0.005224283912808492,0.00035439000620174355,0.002265518803806099,-0.0006995103427599458,0.0033852615741465364,5.4293729074395e-05,0.0005217164471109648
2007-12-04,-0.006911037333152681,0.003936433882489876,-0.006881564650488836,-0.010539367637941721,0.011689204675681797,0.010599999999999943,-0.006029177470244562,-0.005899598248217508,0.005244526025960372
2007-12-05,0.006341197327151216,0.014244873817034653,0.010667396061269097,0.006892230576441172,0.0019520036743598812,0.0020779734811002815,0.006505751461437059,-0.0018568411854656963,-0.007547169811320531
2007-12-06,0.001912829621532941,-4.928779141410988e-05,0.0018042399639153217,0.0024002133522980085,-0.002519757187034677,-0.00019749185346107367,0.001857923497267766,-0.0009301477293451876,-0.006078634247284165
2007-12-07,-0.0017730496453899347,0.0,0.006033318325078918,0.0017736786094360024,-0.00862949926195078,-0.00730864197530845,-0.0028830120463152475,-0.0020628342978149528,-0.008082103912764538
2007-12-10,-0.003398124235422073,-0.008212347851591195,-0.0010741138560688146,-0.001770538243626052,-0.002491788424510033,0.005173614565714635,-0.0014847461865465927,-0.0060915377016792505,0.0003850102669404887
2007-12-11,0.0008162154808868394,0.0034335606023447873,0.0015232974910395214,0.004788932245477273,-0.004285553174692702,0.00039592200336535655,0.0015965189625757326,0.0019509322143080876,-0.004598875830352678
2007-12-12,0.0,-0.005221040304479341,0.005278697324863524,0.0022065313327448433,0.0011290504685559366,0.0,0.0012189214108235813,-0.006612906188578127,-0.00873749525136125
2007-12-13,0.0076074292372010355,0.004854130914439869,-0.0008899964400141958,0.006781153676794327,0.012807318467695783,0.010784604729395575,0.009552201532722515,0.008801937905656532,0.009975700217419226
2007-12-14,0.01094713503776057,0.009803436153884126,0.009709602707999254,0.009097270818754444,0.014501160092807552,-0.00792873923257631,0.005998670397798556,0.011456328475849986,0.018762214983713443
2007-12-17,0.004454032987681877,0.0014379214597382006,-0.0013233348037052783,-0.0012135922330097637,0.005834305717619559,-0.0062160828811050894,0.009774239653291161,0.008245741210583635,0.018444798301485932
2007-12-18,-0.001598110061145075,0.0013902681231381386,-0.00026501766784448044,0.0006075334143378353,0.0015192240271122426,0.0032764098490865035,-0.00036526900540290175,0.0037386537251729024,0.003061360308798111
2007-12-19,0.003346346904629316,0.010486177311725298,0.0023857912874436504,0.0029490849162980837,-0.0011672697560406453,-0.0048490846115782915,0.006211842085230179,0.0015400318750784514,-0.005822416302765698
2007-12-20,-0.0006270466104648653,0.005549669542404656,-0.004143159379407568,0.0,-0.0011659088259297068,-0.007259347653142512,-0.0037676466582942103,0.0002681971785656323,-0.0003968253968253954
2007-12-21,-0.0005570642712900975,-0.0006050521857511315,0.008674869434363242,0.0002594482400761766,-0.009241076585422281,-0.004006811579685521,0.0010783718104496742,-0.0007865007865008877,-0.011247711221553658
2007-12-24,-0.0033312513012702105,0.002983715990694913,0.004387889425186531,8.646031471548632e-05,-0.0055140723721998075,-0.007241275269033509,-0.0015627133558889783,-0.006296958855098289,-0.0035188322689952978
2007-12-26,-0.006275862068965354,-0.0029748399132758507,-0.003232852774137207,-0.005446528918474969,-0.003320357224639192,-0.003748353763549761,-0.009436542669584269,-0.005886800604882336,-0.0011715699036709548
2007-12-27,-0.006917334429148769,-0.00371728537700311,-0.0007012622720897754,-0.008257997218358848,-0.004445457654166263,-0.002643888549928919,-0.00510838050531548,-0.011843320475905972,-0.0020784619381658542
2007-12-28,-0.007949449653485652,-0.0011039189121379023,-0.009385964912280609,-0.011745113506880567,0.0037757437070937705,-0.002446982055464897,-0.011841983532241751,-0.009529569153517659,-0.00413971539456659
2007-12-31,0.007875094158734663,0.004334022073275268,-0.010803152395289284,0.004789356984479021,-0.004102096627165208,0.009914145543744812,0.007521143463470992,0.004866135030621388,0.0067725970304766125
2008-01-02,-0.009159994571855234,0.0009584342211461649,-0.01799301763494754,-0.013681701827169324,-0.004085338175215503,0.004149377593360981,-0.009323503902862074,-0.0050819370281715015,-0.006983962752198591
2008-01-03,0.0001357220412594451,0.004611564384533473,-0.0010938924339106704,-0.0035797386790764607,-0.0007937407869372803,-0.0017133642410803729,-0.006550354876027842,-0.010622941111152251,-0.0025799793601650745
2008-01-04,-0.00338157716759091,-0.001214759325808723,-0.010950903449534644,-0.006287048679719631,0.006505364072129538,0.008379606259464989,-0.0030685948982642763,-0.004470632248410045,0.005186721991701226
2008-01-07,0.006946336148188514,0.0027406993858805073,0.0066432921203174455,0.010122921185827805,0.005739210284664953,0.006207448938726268,0.007403081197120853,0.011236166175006224,0.006131767775603425
2008-01-08,-0.0022423048175580496,-0.0014190867163348386,0.0017415215398717265,-0.0034001431639226753,-0.01134816159782115,-0.006467661691542115,-0.001081148838156687,-0.004626618852078157,-0.006867064006219503
2008-01-09,0.003682738866534807,0.008536086689838518,0.0010064964772622531,0.0011671754354463104,0.0012498579706852198,0.009814722083124616,0.007184088342326422,0.004816128430091382,0.000648256190846741
2008-01-10,-0.0052238805970149516,-5.111167901861169e-05,-0.00018281535649000702,-0.007353600573939523,-0.010122595883477858,0.005553902608350647,-0.010730415823080541,-0.015419484283272555,-0.013430544896392949
2008-01-11,-0.0031784675728679934,-0.0013781135157208135,-0.0024684585847504215,-0.003884723100551102,-0.004032709756917163,0.005819114311075957,-0.0013538829678374498,-0.003396354579418226,-0.003822629969418956
2008-01-14,-0.006049606775559768,0.0004595822907624836,-0.00852350838603233,-0.008888082713586098,-0.006012693463979479,0.001176701313982953,-0.00559627965634113,-0.0034268620546025197,-0.006582278481012671
2008-01-15,0.002358172752998211,-0.004473590564790797,-0.010260676650027833,-0.0010065885797950758,0.011943661971830943,-0.004211557296767809,0.004137603043754101,0.006212360126907068,0.011394187684035328
2008-01-16,0.013590111315987086,0.0016804155209289018,0.0018679368637339877,0.008335623339745357,0.010820045558086466,0.006983377594177442,0.016687453624034898,0.022392568537119573,0.014547343810884517
2008-01-17,-0.0031994554118447427,-0.005368719611021144,-0.002423790435350015,-0.0013626453488372325,-0.005324572334881594,0.005079117015041934,-0.0036802385167240548,0.004025854108956617,0.0006498570314532603
2008-01-18,0.0050629447181171905,0.01100926826770432,-0.0017755349967294443,0.0015464386427725962,0.007763443315446983,0.0003887269193394438,0.004893938685494259,0.006124926427310218,0.015575501583949158
2008-01-22,0.00047915668423570423,-0.002451856770700034,-0.000561692566934946,-0.0021798365122615015,0.008636573007830384,-0.004468622498542962,0.008375339278790195,0.0055757664393703,-0.008376963350785305
2008-01-23,0.0024015369836696276,0.0031770433000255505,-0.012551517422255576,-0.008010194793373282,0.003466605038132675,0.003317720530835455,0.004214412058755723,0.00874450059993448,0.007383966244725704
2008-01-24,-0.01106059577933105,-0.011047483910201272,0.01195219123505975,-0.002661038722701514,-0.01547212741752002,-0.02052129935810143,-0.01657247009450291,-0.01845477319011668,-0.019521654815772393
2008-01-25,0.0043617528794384075,-0.0034844965155035323,0.0059055118110236116,0.010764559757107328,-0.003062266076896858,-0.002680965147453196,0.0055289921659631425,0.005673576556561422,0.0036330608537691322
2008-01-28,-0.007843667590777037,-0.002769804099310158,-0.006150405367626455,-0.009830693610049068,-0.0018113891090228984,-0.00019912385503784158,-0.009200458474024953,-0.0024282480099321324,-0.005291688177594289
2008-01-29,0.0014898083564707232,0.0,0.0040318799812470996,0.005699577128148503,-0.006970207982012422,-0.00637323242381993,-0.0001250625312656517,-0.005728508940500365,-0.0044969805987407074
2008-01-30,-0.001014747666080451,-0.0011569416498993235,0.001587598057527062,-0.0011882998171847126,0.00022489598560659907,-0.004209260372820212,-0.0038461538461537215,0.002429775797960554,-0.003967238290248254
2008-01-31,-0.003975473350852354,-0.0007539582809751311,-0.004755244755244803,-0.007504347030291902,-0.008363068688670872,0.008252818035426657,0.0006905860564396793,-0.006096441294208388,-0.008878741755454223
2008-02-01,-0.0006733553296075501,0.010565347691370075,-0.004122166010867456,-0.0022130013831258566,-0.007415605976756945,-0.00788580555000995,-0.0038583393456507187,-0.0014780327384251724,-0.008052340211373799
2008-02-04,0.0012810140237324852,-0.004550740759468042,0.004045155221072516,0.00656131595970777,-0.006159938400616238,-0.0012073649260488928,-0.0038417936767854988,-0.001406209525219304,-0.0001258019876715366
2008-02-05,0.013253176663478472,0.007693875471313616,0.0019675817483368885,0.010374586852736067,0.010447927086806752,0.011685302709781409,0.018413732060441168,0.018028534370946758,0.012353540499235871
2008-02-06,-0.0006144602990372228,0.0011222199551110812,-0.0017766972133906878,-0.002544298046342708,0.0015584993877324482,-0.0019914368216668032,-0.0033367994661119837,0.0029121089128734123,-0.00012733987011348535
2008-02-07,0.010486374611935245,0.009474768280123502,0.0006557377049178914,0.0065591691719049106,0.004585104003578699,0.009178888556320652,0.013983618300164924,0.008039489682957424,-0.0059493670886076044
2008-02-08,-0.0006894174422613641,-0.0027217172495249686,0.00486800224677042,-0.0009955652095212653,-0.0003353828954721916,-0.011962432031636272,-0.0032710854475089812,-0.0036186224030532177,0.002410861565791178
2008-02-11,-6.893699158949662e-05,-0.0006671456430259459,-0.006521334078628649,-0.0013589418372892403,-0.00908385953251356,0.002401440864518767,0.0016794293021893392,-0.0023308338603307277,-0.0001268713524485987
2008-02-12,-0.0058936403508774715,-0.006930995821017083,0.007314328582145535,-0.001542229882972035,-0.0034223890483551234,-0.0054901177879816965,-0.010290407924690714,-0.00786004056795131,-0.007804632426988811
2008-02-13,0.001578694488297172,0.000203894382709624,0.006795754980450708,0.006178448119207536,0.01387956122677414,0.0029107698484391875,-0.00352796730025029,-0.0004015917637180122,0.014948256036795726
2008-02-14,-0.004509736932012287,-0.004566673432108814,-0.0016643550624133585,-0.008127144663174879,-0.011069293779056744,-0.002502001601281001,-0.0053808721691932515,-0.009715120525931376,-0.008613046231792376
2008-02-15,-0.002657762028076771,0.004843726100035584,-0.0027785495971103247,-0.006463947560087502,-0.003859300915205699,0.004615230259857661,-0.005535431465713336,-0.006491111602861976,0.0007605526682721298
2008-02-19,-0.004612671279337954,0.005227820203987488,-0.0015788984861150324,0.0015577751305781984,-0.01456046941214817,0.014581044641965413,-0.005124727995206357,-0.010561288885589049,-0.013134851138353554
2008-02-20,0.005387710564004777,0.005462509662458093,0.0043720930232558075,0.006678865507776743,0.006012243113248772,0.002854611674377283,0.006720238378266963,0.007822612414879693,0.006167400881057272
2008-02-21,-0.010126240464456981,-0.010655654124604896,-0.0034268778364361374,-0.007906934472416749,-0.006300238974581651,-0.010306242638398078,-0.01050112568288808,-0.011670761670761531,-0.007867132867132698
2008-02-22,-0.000809443507588381,-0.0027455765710798774,-0.00576208178438653,-0.005496518871381473,0.00010863661053761575,0.007140731925022514,0.0009387430389815599,0.0013936757255588184,-0.006451612903225934
2008-02-25,0.00020240183510988885,0.0,0.00841278743690399,0.0,-0.0029246100519930707,-0.01703594288527832,0.0,-0.0009215549829795222,-0.0027220984904726686
2008-02-26,-0.004499966418160972,-0.00400060768724364,-0.0013904338153503115,-0.0006448047162858073,-0.0064571674558761005,-0.012121819274694468,-0.0064537665516857246,-0.003557847972591288,-0.005659448818897461
2008-02-27,-0.016058683584456945,-0.008834010942127102,-0.01253132832080206,-0.019540971518112182,-0.013273866411808277,-0.008619815434540046,-0.01375933955170161,-0.01955301985528879,-0.005749235474006187
2008-02-28,-0.0026364355391511607,0.00221339101564455,-0.006956194773453661,-0.009777192817523872,-0.004861037725879869,-0.006035188216039322,0.001589799328390873,1.926856526268672e-05,0.0035600294623128192
2008-02-29,-0.0009876868374265602,0.0007551349174386157,-0.013725861416130303,-0.009304091901642275,0.009925293489861264,0.008130081300812941,-0.0004049173158842123,0.003121447426732704,0.014824965740625418
2008-03-03,-0.0005264889766370962,0.0007052896725439073,-0.005950667050580671,-0.0003833253473887188,-0.004144967584227666,0.007247856267864394,-0.002495301056452126,-0.005320681508230729,-0.005328376703841453
2008-03-04,-0.0009861932938854956,-0.00020147073637566404,-0.008689775031379687,-0.007381842584603393,0.019724720927712047,0.008817269686834939,0.000584776323056424,-0.0014869457747566095,0.012166060454032346
2008-03-05,-0.004711425206124997,-0.004263002156577489,0.012856725430992366,0.0009658103148539876,-0.009872303895267609,-0.00572634116937909,-0.005941751355563518,-0.006420794089775028,-0.0037485942771460223
2008-03-06,-0.004818963271685406,-0.006675633936133019,-0.00855851524185014,-0.007043612504824437,0.00021466137168602017,-0.005052035970496083,-0.0034622419649855685,-0.0032116788321167045,-0.00012493753123443696
2008-03-07,0.0015000326094045668,-0.0027325119236885076,-0.003976721629485924,-0.003984063745019917,0.0036626090703435477,0.007007210317863333,0.005195018026876497,0.008338215192345233,0.007679717990683788
2008-03-10,-0.0023423775131758973,-0.0018843598135475093,-0.00866686142759765,-0.005658536585365637,0.0115506156696088,0.005949979830576879,-0.00238029248251459,-0.0036408002014061136,0.0042988999873561085
2008-03-11,0.0026094331006589755,0.006237213711890455,0.010510805500982379,0.009811616954473967,-0.0077846253649043184,-0.0022055137844612105,0.001438119984965125,-0.0005831017123754112,-0.010756722951844933
2008-03-12,-0.010713133268796304,-0.008411261194398945,-0.004763293477204278,-0.007287213369607359,-0.00783093756704567,-0.0058273887270169356,-0.008436821749702283,-0.006378964974036783,-0.008433585514076691
2008-03-13,-0.005710985626283249,-0.004923440500221421,-0.017581558898222327,-0.009885484976020376,-0.00945701838274371,-0.005457301667508907,-0.003340903854382682,-0.0004893229727348514,-0.008728792721908074
2008-03-14,-0.0012817226352218603,0.0008376860155709931,-0.0037780870948498357,-0.004349545274812128,0.004268487888165584,0.0026420079260238705,-0.0002972307997159973,0.0049935377746446186,-0.0018407166523498608
2008-03-17,-0.010212496035521657,0.01429428228708507,-0.03313373253493024,-0.021048451151707837,0.02036149825783995,0.011148272017837302,-0.007978064452189515,-0.003273513766294478,0.019899874843554377
2008-03-18,-0.0012037506335530468,-0.010288880094974195,0.01393476465730803,0.00395537525354972,-0.009384100959982766,-0.003908990678560653,-0.0032468613673448665,-0.00044963149766386046,-0.01284902396837162
2008-03-19,0.0090781230021737,0.01802799879141892,0.011300010180189446,0.010809172643701404,0.006186238332971605,0.008955524250352065,0.0033743714815495096,0.006395462546450181,0.007468259895444307
2008-03-20,0.014594279042615455,0.0017656257882259219,-0.005536541171733411,0.010093943633819658,0.028577807546326994,0.023735913034806044,0.0184966286522934,0.025710787647938993,0.019413779977160317
2008-03-21,-0.001942124684404689,-0.0001513164531423694,0.006174714039882678,-0.002176709211437644,-0.006433007985802819,-0.002532878714076925,-0.003203870799006192,-0.003940886699507318,-0.0049242424242423866
2008-03-24,0.003442899831102908,-0.0013096917187186419,0.013782696177062181,0.01437778879524032,-0.005076142131979822,-0.003515968356284871,0.005706789111183941,0.003918435669177489,-0.0060240963855420215
2008-03-25,-0.01288874639307458,-0.007251087663149414,-0.006946511858688109,-0.01388074291300101,-0.008099824868651462,-0.002646280505733567,-0.01788742499347762,-0.018075713365417356,-0.008461921353907442
2008-03-26,-0.010532326629021038,-0.0010989559918077596,-0.009493354651743613,-0.013183980967485964,-0.006524575902566276,0.00039308176100627534,-0.008882469160399253,-0.017462951528249504,0.0008718395815170421
2008-03-27,-0.0023420686162806126,-0.003881176294969313,0.007566585956416461,-0.0023103967855350183,-0.0006520321669202245,-0.0033398821218075803,-0.003316805146073465,-0.0023370451108623014,-0.0014923516975501316
2008-03-28,0.0024747763182944027,0.010407239819004488,-0.0016020827075199362,0.00493354812726543,0.0015237265999130667,0.0033510743150011457,0.0007059060808767281,0.005944881889763831,0.007391631170132751
2008-03-31,-0.0029104713698197004,0.00176278015613196,0.0014040718082439785,-0.006011421701232367,0.0061322820849756265,0.00933202357563867,-0.0030231776956667344,-0.005381394074595924,0.015521628498727846
2008-04-01,0.012167787383925655,0.004096288055021713,0.019228843264897266,0.018848906360245943,0.007168854086246901,-0.0006812652068127756,0.01211253369272236,0.020638636944930733,0.005886869721013488
2008-04-02,-0.0001920860545525649,-0.0026731225097088585,0.00982607841210581,0.003957261574990101,-0.007335231005036302,-0.009252045188936298,-0.0026465154213619613,-0.007691417996761429,-0.011511701454775425
2008-04-03,-0.0031275930299353716,-0.006713090526526799,-0.005449061010022405,-0.006799369333858829,-0.001966783216783119,-0.00924014548314167,-0.0040387182910546215,-0.0075373467762301916,0.005341472720335583
2008-04-04,-0.004321576104226232,0.0007018599288113325,-0.0045005381078171425,-0.002678837186228744,-0.006728890818319844,0.0008929457287427667,-0.002262140152149983,-0.007907768795631154,-0.0026636225266362112
2008-04-07,0.0014001145548270255,0.004633593553261095,0.008550368550368503,0.009152407481098246,-0.0064697002372223755,0.0019825535289452745,0.00045345380649286504,-0.0024464831804281717,-0.010542168674698704
2008-04-08,0.0005093919134033786,0.008379888268156499,-0.0006821282401091588,-0.00039432176656151174,-0.00043112739814632484,0.004254056193114364,0.0006714789323485348,0.0003560056169775727,0.00012551776076330512
2008-04-09,-0.006264236902050135,-0.0018250025347256171,-0.0070209653827401075,-0.011932938856015762,-0.0005386189809328812,0.004039010934883569,-0.004562992786445341,-0.006405820597481182,0.0006279829188644559
2008-04-10,0.003810975609756184,-0.0008104548677946299,-0.0011784346459786654,0.0031939315300928417,-0.004397254397254469,-0.0013736263736264798,0.0047524352017256355,0.0038404138891652284,-0.0028804007514089403
2008-04-11,-0.003291972651304098,0.001776018673567803,-0.006095762461901355,-0.003482240573077333,0.003659849300323037,0.0037335429357436833,-0.0005702784300570807,-0.003270694576593791,0.005414253336690988
2008-04-14,-0.001958678208125453,-0.005500605571255535,-0.0021762785636560977,-0.004093450479233263,0.006609600173366648,-0.0008809710258419479,-0.0031215386164533676,-0.003440526619334472,0.008379888268156277
2008-04-15,0.0016454654768685018,0.009629591888724809,0.004560325171012236,0.004411027568922199,-0.0017306652244457599,-0.0025472714803566054,0.0018855218855218236,-0.0011175414089005242,0.004335628666156666
2008-04-16,-0.011077731881336983,-0.006529661874873471,0.0006908121977697856,-0.003992414412615997,-0.01607066836951898,-0.01571554857086732,-0.012787337007662325,-0.011727334478762952,-0.008722032612817676
2008-04-17,0.0033911077618691277,-0.00763512155917212,0.008086785009861819,0.0046096803286901356,0.002774813233724638,0.008581977846522149,0.005361610866198019,0.0035983585016274855,0.0036792692210099176
2008-04-18,0.011561428026934273,-0.002854996243426222,0.022891801995695626,0.022743142144638462,0.008177318700236968,-0.0022756505392301785,0.0112755222970915,0.019538724947124386,0.001524777636594754
2008-04-21,-0.008752597443485777,0.007671730681875655,-0.011285386381025275,-0.012874280698332297,-0.013166277341261523,-0.0017850059500198467,-0.012656532511886476,-0.011123184826632326,-0.008316532258064613
2008-04-22,-0.008057464084947008,-0.009052715814744539,-0.006577674598568284,-0.011560122517537796,-0.004229223937407434,-0.003278362805483659,-0.01068231144872489,-0.01154799009030616,-0.005389146509587661
2008-04-23,0.007044911309598723,0.010512483574244502,0.0082765335929893,0.01419432227109163,-0.00316188870151779,0.01604704475231733,0.006581428032770065,0.009297812992683063,-0.0012517211165352649
2008-04-24,0.014679601736022452,0.0035504159058630247,0.0062771607918881145,0.019219396806623434,0.009898882384246965,-0.006180105944673553,0.012429763323684506,0.01924540393319174,0.012547528517110385
2008-04-25,0.0021747473455291377,-0.00589925881107245,-0.0002879078694817405,-0.0005802146794313678,0.006966773847802754,0.0031586220511303775,0.005011772620248989,0.004401218194321599,0.008177868642985198
2008-04-28,-0.0008946830265850192,-0.003767329716696688,0.0012479600652779421,0.00038703434929843183,-0.006918573709419951,-0.0004919807143559662,0.0,-0.0047144897200650515,-0.005464480874317057
2008-04-29,0.0028197897974877595,0.00815313718539512,-0.008628954937679678,-0.0009672115291615713,0.005135337541457119,-0.002953337271116463,0.0038990595401453554,0.007036440111639619,0.013915732508697154
2008-04-30,0.002312435765673193,-0.0050385448682419565,0.01092843326885884,0.009003775776938783,-0.007644123579997775,-0.0035545023696680333,-0.0013502025303796517,-0.0011905691310797328,-0.006274007682458338
2008-05-01,0.007116056410919835,0.004962276570965374,-0.00468764947861855,0.005373248896564986,0.008674234311415674,0.009413396749900826,0.01006509764646979,0.005627747923790949,0.0050186591172307615
2008-05-02,0.001749724580390355,-0.00035432273739610665,0.01239907727796985,0.00801679709868286,-0.002989536621823663,-0.0004908216354175821,0.002842364450613921,-0.0042749159590386165,-0.006900958466453666
2008-05-05,-0.0038732167064747802,0.003912800447177123,-0.001993733978923329,-0.0021776178754023823,-0.009308229320922456,-0.005598114319387171,-0.004927082475076339,-0.00823527115898759,-0.00407280132366028
2008-05-06,-0.0036660663750964773,-0.003443561047247745,-0.005517503805175017,-0.005123825789923209,-0.002847800864887673,-0.008790123456789978,-0.006027887258636011,-0.006729501583990771,-0.007327858496525619
2008-05-07,0.011581001951854297,0.011525458457125382,0.007078630189401247,0.009346685741535632,0.005834924676426878,-0.0015942606616182742,0.009546499616807091,0.014877473800986474,0.011501597444089295
2008-05-08,-0.002530988383412369,-0.001074553548585322,-0.013392857142857095,-0.006897855050552848,-0.00042417815482498344,0.01287425149700594,-0.004950903539896023,-0.001366386882686088,0.01202793585100892
2008-05-09,-0.00246002460024608,0.002925177050189909,-0.008279580244536455,-0.007421503330161783,0.0013804821068281736,-0.008572273130357577,-0.004312132017580184,-0.00533620015637204,0.008346374543557467
2008-05-12,-0.0057286302780639176,-0.006627243066884114,0.007960392194932497,0.0010544478527607648,-0.005281504172388374,-0.002484595507851295,-0.004697259931706554,-0.01021871990881762,-0.00531845894409122
2008-05-13,0.001740924624411555,0.007498715973292214,0.005586054126938356,0.004500622426505618,0.0049893842887474005,-0.004084885922088222,0.002861780998443697,0.0030575575277465017,0.003906758692538093
2008-05-14,0.002715458718562269,0.000976813531438081,0.007566325064648938,0.006482364156339404,0.007702182284980763,0.0022008803521409437,0.0039049462652693823,0.0036222560915262214,0.007081967213114826
2008-05-15,-0.0016137361218694357,-0.001898604269294002,-0.005608365019011408,-0.00255730251941666,-0.0071163037705789245,-0.002196047115192612,0.002393696598956163,0.00015777847901543574,0.0036856653942343165
2008-05-16,-0.006349817202232044,-0.004698672114402558,-0.0071694866647548094,-0.007881492735732576,-0.013102725366876289,-0.0030012004801920344,-0.010049417929753557,-0.011180785612872723,-0.01822176272938747
2008-05-19,0.004833720030935851,0.005546425636811847,0.006643558636626246,0.00928407350689131,0.0008392782207300442,-0.005217740317078112,0.0021944518895740117,0.0031907468341809686,0.0010349288486417585
2008-05-20,-0.009638092806535825,-0.011824410048210998,-0.008512673362027767,-0.01602655286865806,-0.006979893738930931,0.001412144442203056,-0.00900931017767903,-0.007017195109830121,-0.0037375950509086486
2008-05-21,-0.006657367486685328,0.0018302913213685823,-0.003087015242137725,-0.007613723978411757,-0.00466611364579006,-0.008863819500402936,-0.0032721630009445724,-0.0018217488789236125,-0.005893657911594907
2008-05-22,0.004394064828376676,-0.00586302754612078,0.006676988581381771,0.00262212294843156,0.009631490787269437,0.002134146341463472,0.0037059599959388123,0.004612823649746245,-0.00535236396074934
2008-05-23,-0.00513177901672579,-0.0016651528913108615,-0.007786215514755335,-0.008620689655172376,-0.005828476269775118,0.0022310110536456484,-0.006389830222716886,3.992733225510747e-05,-0.0036820721178264515
2008-05-27,0.003369143728942925,0.0033922333046427777,0.007362914163921763,0.004787493893502637,0.0020859407592825896,0.0049580087018112895,0.0027488376828317396,-0.0029545046214040083,-0.0027855153203342198
2008-05-28,0.006590734578960866,-0.002776936281934761,0.006828236199269089,0.009529366005445405,-0.002911813643926786,-0.0019130084575110784,0.011642073913632034,0.009170087095805357,0.007397959183673475
2008-05-29,0.006504798093643238,0.0023786628877979776,0.007928168879549169,0.0094394143710268,0.007438449449973739,-0.004236860687985455,0.003027565903920948,0.0064480288871693325,0.007194244604316502
2008-05-30,-0.0021208226221078874,-0.0017177790127823611,-0.0005686125852919499,-0.005152671755725313,-0.0006282064705265267,0.006787559517779318,-0.00010005836738102847,0.0028386689796562337,-0.006889512630773309
2008-06-02,0.0006430868167202064,0.0064578460286790484,-0.009956381566470718,-0.0045079608670630655,0.0003142019271049623,0.007345542362648505,0.005020097066328555,0.005857839282906063,-0.0015286624203820764
2008-06-03,0.006211983952374656,0.0008142493638676473,0.008428311464419247,0.0055882069563542025,0.00031430068098470265,0.003995604834681865,0.002024560238964579,0.0069376587844440785,0.0016587980094424637
2008-06-04,6.47123535884031e-05,0.005217925107427801,-0.00284927343527408,-0.0027785762192201746,-0.006246746486205046,0.009352303253407523,0.0003809082176806644,0.0012615235322659402,0.001661554192228909
2008-06-05,-0.006876606683804631,-0.0007667535654040103,0.00961996380607677,-0.0009607993850883068,0.003971987038779101,0.00492853622474132,-0.00890654747123576,-0.008334948633456074,0.022344178753429977
2008-06-06,-0.010870256182060833,-0.006702208682406674,-0.006320754716981125,-0.015483746874398907,-0.0037488284910965897,-0.0007846983815597008,-0.010439808241602178,-0.01628225175918674,-0.0018260075648885987
2008-06-09,0.0008270772362894974,-0.0031885818402671573,0.006930599069590926,0.0,0.008400714060695202,0.00353391577500739,0.0038486209108403724,0.003437518628171654,0.005903962214641734
2008-06-10,0.01583403347767076,0.011001381568848112,0.010654346596266295,0.016313373058513214,0.007938187976291422,0.001760735596204599,0.01659660332940982,0.022217821782178238,0.015183803942461438
2008-06-11,-0.00571905924688354,-0.005242797516033848,-0.003918275958578188,-0.007304882737408702,-0.004110888584378691,-0.006932916707352854,-0.004780257042195313,-0.005055983882840787,-0.0074034902168163
2008-06-12,0.00933973277986766,0.009195048029999597,0.010958134307389678,0.010941130906274354,0.015521301648468988,0.005899705014749346,0.011833532774897071,0.014388349136504441,0.008264462809917328
2008-06-13,0.003253513794898577,-0.0014874846122280294,-0.00018528812303131303,0.0042141557322095125,-0.005111821086261847,0.005083088954056736,0.0012155059132719082,0.005374280230326489,-0.0002665245202557731
2008-06-16,-0.006721820062047468,-0.00718032285990744,0.0025018532246108283,-0.004768717215068996,-0.001488728200765621,-0.007002528690916221,-0.009302096663057258,-0.01082474226804131,-0.0031880977683317324
2008-06-17,-0.003028545653714909,0.004758493655341756,-0.0014788797485904004,-0.0006708193579302302,-0.002545608824777279,-0.0008814887365327095,-0.0014407074370311745,0.0008878080790535314,-0.001723909295849202
2008-06-18,0.0010966326925556658,-0.0013285641287685834,0.0001851337591409763,-0.0014384349827388787,-0.0013769727783073948,-0.0014704440741104552,0.003416252072968584,-0.0009063036309995276,-0.0027770431102882576
2008-06-19,0.0,-0.008059202189670045,-0.0009254974548819073,0.004225487371555037,-0.006105905884829843,-0.0054977419988219145,0.001355237497107753,0.00015440438508473875,-0.007481296758104827
2008-06-20,-0.007935492128503752,-0.0004053300906925461,-0.004909680407596095,-0.010710528832361232,-0.004297693920335521,0.004244817374136511,-0.007031095266389231,-0.007468159011964515,-0.0011798636601992873
2008-06-23,0.008649625613219802,0.006527614870722731,0.0043753490970024345,0.012469792170130667,0.0034711265383400303,-0.0011795930404011612,0.008177919617033957,0.004510722687768531,0.008461131676361866
2008-06-24,-0.006349817202232044,-0.0049728522859896485,-0.0012049309481879655,-0.008592705747565543,-0.006894390473205947,-0.0025588032673948824,-0.004797705015332943,-0.01169069969999037,-0.003950487226757948
2008-06-25,0.001348747591522148,0.0017791785278566952,0.004918337045285881,0.0038520801232666546,0.0034591194968554007,-9.866798223978623e-05,0.0004969931911933401,0.0002154286050017884,0.0040989025518973765
2008-06-26,-0.010674799847502858,-0.010114225330850934,-0.009234463015975636,-0.014389869531849508,-0.0034471952366030845,-0.001282810341424967,-0.010199857599390683,-0.010064223057644095,-0.0007927070947284509
2008-06-27,-0.0006984570448917982,-0.0032601063296219257,-0.00941373846584026,-0.006715982090714556,-0.003850156087408796,-9.880446596188808e-05,0.0006022383190860126,0.0018790300249218461,-0.006953555497244968
2008-06-30,6.35001270004043e-05,0.001607555510901415,-0.0010350018818215956,-0.00029397354238114293,0.005019870320016606,0.006422924901185789,0.006603915536756322,0.004856573154601085,0.0017085030884478325
2008-07-01,-0.0019013816706808795,-0.0012042147516307944,-0.004144296882358511,-0.0018623799255048645,0.0028316727844783784,0.0034364261168384758,-0.005547435556736646,-0.004007937287569541,0.0055504162812212154
2008-07-02,-0.005734450816056391,0.00025094102885825365,0.0013241274945616777,-0.00314249238927633,-0.01027610545982982,-0.009099804305283787,-0.003073120219126757,-0.0017950488213828164,-0.006564264145989318
2008-07-03,0.010249554367201652,0.0050441361916770955,0.008689902710871777,0.01201852034282358,0.0031236984589755323,0.007603436358250226,0.003116099849220788,0.006975733143625096,0.007006874669487351
2008-07-07,0.0039626741659208875,0.006498451540843719,0.007116771233261376,0.0053538401635353505,0.007659217290945319,-0.002940023520188073,0.00352394949562429,0.0010008438487352223,0.005851063829787062
2008-07-08,-0.0004471986200726974,0.0006096012192027267,-0.0018596001859600975,-0.0003872966692486379,-0.00020979754536876172,0.0030469825044228127,0.0032120092532492706,0.006842063989962455,0.0006653359946773296
2008-07-09,-0.005779979674796931,-0.0064102564102567205,-0.00214252445272467,-0.0022278186749321582,-0.005425143453312353,-0.009505144536991694,-0.004213669542136644,-0.006094592752691863,-0.012743037309511318
2008-07-10,-0.0017120030435608946,0.0017697325175711764,-0.0008401792382375373,-0.001844481118338015,-0.003741814780168329,-0.0004946576968737348,-0.0005830806650450882,0.0018219575268394461,0.004486671945104215
2008-07-11,-0.007988426217134248,-0.005931138477004327,-0.00831542558161269,-0.010017506321727265,-0.005478602439528801,-0.0009898050084132803,-0.007184410994982571,-0.009542992353872903,-0.004335829720141904
2008-07-14,-0.0010054040467512015,-0.0015056461731491888,0.000376860749953023,-0.00167010511838106,-0.004834893529472195,-0.0032695927870802777,0.000671591672263272,-0.001658473020197837,-0.0034044781982455197
2008-07-15,-0.0005652201218364628,-0.005540027949690662,-0.01318515728009051,-0.007183625270616112,-0.007757476778605832,-0.004473161033797135,0.00018456375838926675,-0.0010877088895480114,-0.010879419764279086
2008-07-16,0.00479586041522051,0.0020505126281571417,-0.0013361328497805136,0.005847953216374213,0.0036881467062803708,0.0004992511233150587,0.007632819446075301,0.008117204513957477,0.0002591009198082972
2008-07-17,-0.000882668179812196,-0.0021459227467811592,0.011276758409785925,0.004828537642885378,0.0011282051282051064,-0.0001996007984031989,-0.007158791995471647,-0.00365278868813812,0.00770234986945173
2008-07-18,0.00037842951750244325,0.0026519889917440143,0.008788508788508897,0.000980680592330918,0.002261513157894468,0.003493711319624726,-0.0008719565363202175,0.001340324043047847,0.004458431681091168
2008-07-21,-0.0013856522012973826,0.00030031533109764474,-9.367681498828606e-05,0.0,-0.0021540670838035014,-0.003382075002486884,-0.0008727175080559535,-0.0022636904058894736,0.0036851803106079384
2008-07-22,0.0041743090253620885,0.0019056215836716905,0.0034663668727750174,0.007445870481042505,0.003499742665980632,0.006387863060185683,0.006265537861990245,0.0053859964093356805,-0.0009204470742931736
2008-07-23,0.0065571683218741406,-0.003995804405374281,0.005321631967136753,0.008655061752406823,0.008198422581984222,0.0004958841614597365,0.0054753359485852915,0.011538461538461497,0.01170679792470386
2008-07-24,0.0032573289902277924,0.009530052440500203,-0.0005572065378900426,0.0017354415734669448,0.006896551724137945,0.002577319587629079,0.0027725665332958283,0.003317296500349176,0.01348254011055694
2008-07-25,-0.0019124115509657758,-0.0024144869215292353,0.002508827355510057,-0.00038498556304134013,0.000836645053335916,0.005240261024322512,-0.0004139072847683112,-0.005645894158819886,-0.00026957811025740686
2008-07-28,-0.003810249571346902,-0.003159003159003082,-0.003707479840578398,-0.005199306759098854,-0.0009403406122659996,0.005212943837906936,-0.005283643892339485,-0.0026834153265793415,-0.004294725540195943
2008-07-29,0.010200153964588177,0.006967937389548151,0.006512233696157832,0.011807975222609679,0.006625999158603069,0.00391389432485334,0.012271879579059508,0.009553705472908458,0.011814231395980368
2008-07-30,0.0018638729995499315,-0.0002523977788996268,-0.00018485996857375842,0.002869714941649004,0.007843968624125397,-0.0019493177387914784,-0.0029279686806047422,-0.00419088819791813,0.0024503130955622066
2008-07-31,-0.001924433895695632,0.00020195900232256037,-0.0006471295183507753,0.00047691720717280006,0.0020180562931493284,0.002050781249999911,-0.0013692980285406886,-0.004635196462511204,0.0008174386920982712
2008-08-01,0.0014132459690370247,0.0031910044066252308,-0.004717853839037889,-0.0008580417580321686,0.010518407212622094,-0.0009745638826625935,0.004097006541994297,0.0009937065253395883,0.009906439185470406
2008-08-04,-0.00012846040208103204,0.006987656839742895,0.0059485082256716115,0.0011450381679387611,0.0019356920098934083,0.010145351673007674,-0.00037841395195792327,-0.0002725113870830631,-0.0037011651816312163
2008-08-05,0.006529609516420898,0.0037886545156664564,-0.0002771874711262612,0.005337399923751374,0.015507262203778627,0.006760019314340893,0.004789571571999884,0.010572429906541947,0.005236323549676181
2008-08-06,0.003828931144136627,0.0027208788952206575,0.010998151571164572,0.005119453924914641,0.008702357347433187,0.004316546762589857,0.0006879832263138042,0.003410207502456686,0.010865022983702621
2008-08-07,0.004432566325532905,0.0020577190184678518,0.00045708017186218974,0.0014148273910583598,-0.00011014428901856554,0.0038204393505252288,0.0009330495989523513,0.0010368663594468863,0.004055944055944005
2008-08-08,0.019538778494051945,0.01281717292762985,0.005939327485380064,0.01733069605349913,0.018395961862030408,0.015889628924833588,0.020802328814169213,0.025818084167721578,0.014184397163120588
2008-08-11,0.005949993314614321,0.002559548683660706,-9.083477155058528e-05,0.0024997685399499314,0.0051866050287516785,-0.0003746370703382462,0.005943703039138715,0.00037397157816010385,0.00541928123217339
2008-08-12,0.003555853740355497,0.007313864772428236,-0.002725290697674354,0.0048023642408572265,0.012789768185451633,-0.002998219806989444,0.003137442267877155,0.005457943925233799,0.0032908856774931383
2008-08-13,0.0006713662302786361,0.01728936944652615,-0.009746766259792428,-0.0022977941176471894,0.009452449567723287,0.0015975942110704189,-0.0016511343610586815,0.0018218322427128175,0.0031577436486291965
2008-08-14,0.0026252019386105996,-0.001763291477424489,0.0095667371906909,0.0051589129433440295,-0.0039040073487197624,-0.00347157065115411,0.002337674729259165,-0.0033958062720356175,-0.004002859185132324
2008-08-15,0.01095610751956455,0.003431451396707974,0.00665148063781329,0.004490880762533234,0.003803596127247566,-0.001129837115149357,0.010011105822624211,0.009440110227717069,-0.00850460666194186
2008-08-18,-0.002376103190767198,-0.0011781716917473872,-0.0037110789283129053,-9.12408759123906e-05,-0.004132231404958442,-0.0005655575454801554,-0.003188765492216694,-0.002490131700298881,-0.009685569904547942
2008-08-19,-0.0010850400108503022,0.0009648887697666364,-0.0035431997819568295,-0.002919974450223628,0.0002296211251433533,0.00028293879090823815,0.005137256137918156,-0.0031065663196434556,0.00014039028499213124
2008-08-20,0.0030610162573974087,0.002795248078266921,0.00273522975929974,0.007412830603093168,-0.00022956841138643824,0.0019800113143504383,0.001348300514235401,0.003208992598913163,0.0015466816647917714
2008-08-21,-0.011697478991596788,-0.008263141059814405,-0.014820876523004234,-0.01326308139534882,-0.00830961866818447,-0.0162792886044979,-0.013887584155315436,-0.014847274609866234,-0.00988444939440336
2008-08-22,0.0050675675675675436,0.011540120793787523,0.014120904476234486,0.009942920272509648,0.011048452065830272,0.00019131432944319293,0.003445374148579816,0.00624988269739668,0.010835913312693402
2008-08-25,-0.00020266162264392928,-0.0023134448808307395,-0.007007644703312721,-0.004010938924339125,0.001498386353158132,0.0006694720734505832,0.0006962025316454845,-0.001753273398738986,0.002115357495416914
2008-08-26,0.009754433833560672,0.01087725023114161,0.006598845202089532,0.007138934651290452,0.013433010162364312,0.0021982223071776996,0.010593890329517519,0.01065022421524664,0.01765212399540772
2008-08-27,-0.0016344320348677943,0.003766786767114283,-0.0010015478466721683,0.0004543802253724749,0.0009353443236292946,-0.00028609574670990234,0.0025972400413054597,-0.004714364947310035,-0.00200515611572627
2008-08-28,-6.809669731011603e-05,0.002956636005256197,-0.0014582573824279965,-0.0013625215732583351,-0.007542353214202935,0.0041972717733473885,0.0020599250936328417,0.0006687099470605862,-0.005271406183216976
2008-08-29,0.0010907355647962191,0.004068169323804494,-0.007940854326396574,0.0022739676187013558,0.006422982599556315,0.00987935784174021,0.0029122282439419944,0.0068682593603237585,0.004005149477900094
2008-09-02,0.010122572648395556,0.018876379320001968,0.0014720765479805387,0.004628369180506242,0.024282296650717683,0.006302323393848397,0.010357303684839891,0.013034420456849993,0.018799183911396122
2008-09-03,0.002277589895782972,0.0032593425119415986,-0.006155259531465229,-0.0013550135501355642,0.0009578544061301653,-0.008225836604973003,0.005133249316079169,0.006042076144718633,0.002337131171487039
2008-09-04,0.008983286908077925,0.00599242467069927,-0.0038824181919023815,0.0035278154681139817,0.006507592190889477,0.002827521206409056,0.00759938837920493,0.006819826338639645,0.007653812187224052
2008-09-05,0.006095424928186155,0.00011307740148125411,-0.00742390497401646,0.0014422210203715036,0.023559886517824147,-0.00028195488721804995,0.005675523923699188,0.007348581490199013,0.01966081344739612
2008-09-08,0.010406342913775957,0.008208402211708377,0.008881824981301412,0.017641764176417718,-0.005398110661268607,0.005358653755757947,0.01201128698827536,0.011646987479042581,-0.005373936408419211
2008-09-09,-0.0033161645382063787,-0.007299683114531552,-0.007506255212677226,-0.004953122235980989,0.008662294270511017,-0.001589676454086253,0.0006262394322096299,0.0006347079461910266,-0.002976633427593467
2008-09-10,0.010912981455064141,0.007123724853251634,0.00709617180205413,0.009777777777777663,0.005599800895968343,0.005432237519902516,0.01055000074505652,0.011646550964672597,0.008555989192434721
2008-09-11,0.005811033790085407,0.0028576327370406496,-0.011125533098460982,0.0030809859154929953,0.007269992479318255,0.005775500698649516,0.008522936726779395,0.015309321443500057,0.0238205009989243
2008-09-12,-0.0164408693197855,-0.02229548502458656,0.00796924807800492,-0.005265467310223815,-0.023500611995104115,-0.017690099101602352,-0.018027633598947324,-0.017823140921176872,-0.019291635267520868
2008-09-15,-0.0002116402116403293,0.0010628181462215558,-0.01711468700585994,-0.012439347154830194,0.011138613861386037,0.006034320196115273,0.005851523182752061,0.009396395137627467,0.005303030303030365
2008-09-16,0.0014129282938892818,0.004213009774182597,-0.005299517365382811,0.00044666785778080254,0.017760423227106692,0.0062792877225867905,0.0055806379986678145,0.012492646295463317,0.002430133657351341
2008-09-17,-0.004220893422441252,-0.005196982397317806,-0.003805537056417174,0.000803643182427205,0.013791342101902693,0.004749930148086001,0.0036507095330624573,0.013517670380750468,0.006727828746177389
2008-09-18,-0.01161173689333872,-0.016001319696469785,0.0013370260720084737,-0.019628836545324768,-0.01977719364125685,-0.00852799406748228,-0.020299207978879408,-0.02621950191377076,-0.02649598094671024
2008-09-19,-0.00013904338153503115,-0.0060665682898836115,0.022222222222222365,0.010829996359665195,-0.03607625482625476,-0.021222887060583506,-0.005404515240433505,-0.011739853165258385,-0.021982821371378747
2008-09-22,-0.021296863305436675,-0.010116857822981995,-0.007743982086210188,-0.024579094264878143,-0.018125814476957602,-0.008214729200496595,-0.019748626477007702,-0.028208991835161346,-0.010087908920593636
2008-09-23,-0.002714256632964651,-0.003987498652871957,-0.005171603196991059,-0.001938342255861203,0.006678592725104293,-0.002696715785418413,0.004115289529045052,0.00522861676042119,0.012992700729926865
2008-09-24,0.005595359945411271,0.0030266998162360448,0.0021739130434783593,0.007028576713215662,0.0022710972985895417,-0.000386286817962489,0.00931320823966586,0.008214657244323353,-0.0017487612940834119
2008-09-25,0.0008195041999590202,0.005215690535694817,0.004244081863623572,-0.0005510147855632974,0.0007177033492822282,-0.0012559173026759352,-0.0015606060606060401,0.0034867999715362252,0.003950256035113453
2008-09-26,0.0032200602904906006,0.0003260869565218094,-0.003944402704733285,0.0006432049986215826,0.008200675349734787,0.0013542271232345193,0.006874364538598243,0.0031023968231456145,-0.003353747448235689
2008-09-29,0.014950281621584072,0.019729549988916073,-0.009051480294173131,0.006795224977043324,0.020553846153846145,0.00396058732612059,0.022411454408440168,0.02468939434105666,0.011206133883810088
2008-09-30,0.021305305020950405,0.013480116827679023,0.007992388201712775,0.02052170740605619,0.02796052631578938,0.019628596170499613,0.023910255465306562,0.015695067264573925,0.013751868460388783
2008-10-01,0.0016360791008678266,0.0,0.0011327166320558302,0.0017874698364466202,-0.00415774221998233,0.0009436633009340945,-0.0050677378021566355,-0.0009679062659194715,-0.014001473839351464
2008-10-02,0.014724989172802072,0.008439535542339227,-0.007165755232887094,0.011597823177803557,0.02149292149292159,0.015272932968794173,0.013761268757144673,0.015926435843829134,0.021222155328115555
2008-10-03,0.002750434279096714,-0.004791431792559142,0.004368471035137711,-0.003880412734808991,0.002580645161290196,0.004271520104002224,0.004039510120185996,0.0031286598628075257,0.00271657108361012
2008-10-06,0.0228013029315961,0.020713463751438566,-0.042549167927382725,0.01425409473218231,0.08558621655694076,0.019602404068423507,0.026030337925250002,0.04121286922294298,0.057790549169859595
2008-10-07,-0.010330427137519305,-0.012050932241928103,0.010270590558957071,-0.004975558659217949,-0.010670731707317138,0.0025392219098574476,-0.01934268137227735,-0.015714102646248396,-0.015403961018547685
2008-10-08,-0.002266081871345138,0.016291161178509483,-0.02512218963831858,-0.011141328186683008,0.07862481315396108,0.01727725011307113,0.00043800158245721477,0.0006184191254252625,0.057337543626391874
2008-10-09,0.002491572622013827,0.004934687953555894,0.009425448711521067,0.0034599006387507902,-0.04632929436920874,0.02107415970122717,0.0002965808465265063,6.505651784993738e-05,-0.024955436720142443
2008-10-10,0.012990869274738248,0.011034806597405744,-0.012218138472236073,-0.007956856157722458,0.0741080998315724,0.036314551946355245,0.012212684249166994,0.02354892745043835,0.03540268456375828
2008-10-14,-0.013691609313222997,-0.02545475346070225,0.027453740949316296,0.011228945726762252,-0.07414233059257158,-0.0252941176470588,-0.004100818768917436,-0.007308896197785075,-0.04594205218504899
2008-10-15,0.006707451905358708,0.0028682882055988124,-0.006851326221004261,-8.812902088661811e-05,0.03234304112395714,0.017673937408397178,0.02816566058348169,0.01984730380780131,0.010187580853816547
2008-10-16,0.011255217650566474,0.010960969668851295,-0.00995368089090376,-0.001233915036136124,0.0186344663088851,0.012622839715350942,0.014657403623484555,0.03324073638118552,0.013438216978039819
2008-10-17,-0.0034170257019761063,-0.0036979256948056483,0.00935695799323133,0.0006177197317329686,-0.028811350803532698,-0.011126913745503342,-0.006793222887522488,-0.010495936811726225,-0.008288639687957011
2008-10-20,0.011116118371639061,0.010096883389751232,0.0033530571992108626,0.015168886145162874,-0.00889654182809585,0.013282571912013541,0.011097593944309425,0.016363748004420975,-0.006779661016949268
2008-10-21,0.016180735765531917,0.0176397220407436,-0.012875958325142434,0.006081139779341438,0.02289740202553925,0.0192869666861486,0.024919452948489962,0.030826159190454616,0.011924207775237061
2008-10-22,0.02080249318270333,0.0409917150983059,-0.017922931395001562,0.006476124686987328,0.017169304269931462,0.023591087811271283,0.021209156720798372,0.03558922213593929,0.031160518780528834
2008-10-23,-0.0033390277993475825,-0.00043260614300733025,-0.010443070059819592,-0.0026595744680849576,0.006158930449151168,0.0061619718309859906,-0.013066636011802135,-0.01308715336728905,0.0076374745417515655
2008-10-24,0.018909723870559336,0.03518648838845895,-0.050819672131147464,-0.008516129032258068,0.07980535279805334,0.012884753042233354,0.017432831184966746,-0.017532793348147058,0.06372991514713844
2008-10-27,0.015506990197653892,0.010276628748707495,0.006908462867012188,0.004771820232517543,0.015149020253581558,0.01570475068708288,0.02785727914520142,0.025229090060117754,0.02384473197781878
2008-10-28,-0.0024046168643797605,-0.007632608556218501,0.025728987993139052,0.0026767982039548333,-0.028630838131797898,0.0005411673753381585,-0.004962564197760089,-0.016666429455885923,-0.021345875542691628
2008-10-29,-0.02918060851295612,-0.04337955577371444,0.01881270903010024,-0.02075439200826734,-0.06449199461319766,-0.049451398547365244,-0.04464951992438182,-0.029135909683022154,-0.05584970111016241
2008-10-30,7.782101167319588e-05,0.0017209588199138537,-0.00010258514567096366,0.00694749802128225,-0.0017923823749066425,-0.00593399447244336,0.002994245840602039,-0.002161694768698652,-0.003743406499914892
2008-10-31,0.013247121905062276,0.006495515001546437,0.008310249307479145,0.019126637554585102,0.01840584119257671,-0.005805871289557674,0.01002024816987701,0.0023456642562600383,0.010662080825451392
2008-11-03,-0.0029090337290668122,0.019552191737622238,0.006817256817256867,0.001028365755420202,-0.03649421075773118,-0.024017108076986204,-0.005345944278811521,-0.0034580929809655547,-0.02677824267782425
2008-11-04,-0.0231933031257201,-0.014911463187325169,0.01546235472460844,-0.004622891875695423,-0.02598144182726625,-0.030675880667453415,-0.01864341085271326,-0.013865414242338114,-0.02448979591836742
2008-11-05,-0.0013804739627272244,-0.0037756870512503093,-0.01522691082802552,-0.0018061408789885602,0.004733218588640176,0.007650843331594714,0.01161183301078239,0.014075534657970623,0.008230452674897082
2008-11-06,0.022185638131075658,0.021626406981156032,-0.009196563921172296,0.011976563846286314,0.02680412371134011,0.019499568593615235,0.02289202097892984,0.025636423464656444,0.018611670020120652
2008-11-07,-0.0016435783047663577,0.0016468203699011585,0.0011219910240718445,0.0013622818220517807,0.009515313707999074,0.0011848341232227888,-0.0007633782030077585,-0.000904159132007254,0.011190233977619535
2008-11-10,0.0013322884012538783,0.009527463392799973,-0.001935812531839165,0.001955616019045925,-0.004293116210214776,0.009974640743871444,-0.0045201049173648755,-0.007896657422274078,0.004598875830352567
2008-11-12,0.01608536391145088,0.041766586730615396,-0.024703960800326552,0.0005091649694501932,0.04744921693285775,0.029126213592232997,0.028689101211260892,0.03837043358001435,0.04095744680851077
2008-11-13,0.0025546862525946956,0.014392864382728465,0.0042913962738120315,0.017387616624257918,0.007341455795063956,0.0012199089134679042,-0.0023251187426952535,-0.001714439548294644,0.014023732470334282
2008-11-14,-0.016102427146335696,-0.004104979811574649,0.007399687337154681,-0.010421008753647265,-0.03395201448619278,-0.005685971895053266,-0.02102468874238206,-0.02441239922788696,-0.01102418207681366
2008-11-17,0.0003928964325004003,-0.01131071190951416,0.0038278501965653966,0.007076663858466725,0.009905516610789311,-0.0022873948206845185,0.009967919340055031,0.014373836126629458,0.004106409569719638
2008-11-18,0.0028368794326241176,-0.0007977662544874642,0.0036071318149024645,0.0018403881545925316,-0.0019771863117870048,0.0019651191353475816,0.007512447217495444,0.0034708278354655953,0.009189189189189095
2008-11-19,0.007542675664946374,-0.003511096389533064,-0.006469500924214389,0.010604542418169549,0.011382864174742213,0.010868676963308177,0.014912862343771316,0.0017579967412741926,0.007991282237559183
2008-11-20,0.005588822355289347,0.020691054161877,-0.018294573643410805,0.007766669420804728,0.050072686157325075,0.038803556992724086,0.016949570405433878,0.018876000513632807,0.03652108433734913
2008-11-21,-0.0004788125448887959,-0.00182235421166288,0.004632554221941421,0.003279494957776574,-0.010073552926127216,-7.782101167319588e-05,0.022812674246648346,0.010600459306558951,-0.00018821757952180995
2008-11-24,-0.027851047323506517,-0.023785991961520758,0.013309578704673974,-0.021982512053607794,-0.03799415474542389,-0.04692972215736635,-0.04657501777672446,-0.03587412878105556,-0.028879546700786074
2008-11-25,-0.01074443591711427,-0.011205941755163096,-0.011997104147274729,-0.008773395721925259,0.0020036991368679313,-0.0026130981544992826,-0.02287134866376639,-0.004167864328830095,0.0003656975681112229
2008-11-26,0.015746803866542036,0.008608227099487387,-0.0007327541086570299,0.016943437579027165,0.002782071097372496,0.010152284263959421,0.027222999618369048,0.017549429932169236,-0.004187909686817259
2008-11-28,0.010556168268473165,-0.008470158978368558,0.0,0.008372015915119269,-0.011610143599144362,0.001783109093856261,0.005560371517027818,-0.006878847190309956,-0.001454545454545375
2008-12-01,0.004749089757796421,0.034231805929919146,-0.01833228577414625,-0.007316070694615595,0.015355979525360386,0.0008090614886733238,0.02013571595709318,0.011910712500535547,0.027077497665733086
2008-12-02,-0.007073247406475858,-0.007291457622583319,-0.0007469853804289439,-0.001159324279562779,0.0006208288064568634,0.004203718674211654,-0.015368085568727818,-0.009371251146708004,0.006768189509306133
2008-12-03,0.004341305548977825,0.01122911452343911,-0.004164886800512635,0.006632399270436018,-0.00601666152422109,0.012155852519723176,0.004708132563357337,0.010642390050006334,-0.003185907046476699
2008-12-04,-0.013317757009345899,-0.0005408694476373155,-0.005040214477211813,-0.014083347059792417,-0.0068944384862875685,-0.002624671916010568,4.8813228384902985e-05,-0.0027629761199921,-0.008547008547008517
2008-12-05,0.014698909435751473,0.01266602765986602,-0.006466910972192208,0.02230390109431113,0.02900835566766502,0.03437001594896327,0.03549768758618144,0.02977015068841693,0.025533536585365724
2008-12-08,-0.022253129346314293,-0.015170925763603349,0.006400520720329705,-0.01650596502696522,-0.045304033714629766,-0.030915118340914316,-0.05133281482005225,-0.03198440588622886,-0.03688750229399895
2008-12-09,0.0003864883667001884,0.003722252301028739,-0.003557184434623273,0.0021601861083415663,0.006666666666666599,0.002545743834526659,0.01362699063377315,0.0013755353243143364,0.002760397497239664
2008-12-10,-0.006679975429975227,-0.0036412677006069094,0.005408913890090794,-0.009368263969490864,-0.0022675736961450532,-0.003888271702904178,-0.006740278679885803,-0.006896551724137834,-0.007851013328464496
2008-12-11,-0.02030991424702877,-0.008225774092155413,-0.010544437271357898,-0.006444053895723556,-0.024192358754978605,-0.02963435035449702,-0.017606633024466745,-0.016983230663928928,-0.014396256973186916
2008-12-12,-0.004120158813394337,0.005311281430684378,-0.007612005219660545,-0.006401617250673897,0.03024316109422487,0.022329857975535772,0.014518600386827618,0.004612907437225422,0.020007342143906204
2008-12-15,-0.023053278688524692,-0.026443251734520223,-0.0063554678939293785,-0.017463546965072907,-0.019812304483837306,-0.008271099333493903,-0.005892693555175854,-0.005068226120857777,-0.019438444924406162
2008-12-16,-0.010572049239681358,-0.002741514360313335,-0.007719453021614475,-0.01587575496117344,-0.00915129151291505,-0.009068825910931277,0.007857836666583573,0.012524672007430793,-0.016985138004246392
2008-12-17,-0.03816687560941623,-0.008863298182053558,-0.023783062902867358,-0.048570927581974455,-0.027558490024400695,-0.014708285667592746,-0.05163530327554888,-0.05089798902059717,-0.040733197556008016
2008-12-18,0.004196391103650665,0.02343905184400441,0.022427140255009137,-0.007095466273497997,-0.0025769506084466487,-0.007961519323270938,0.0005993172994240847,0.024616406910716426,-0.0074123989218330966
2008-12-19,0.030486486486486664,0.016763161437996388,-0.0036744237835429905,0.030626450116009396,0.02630032324419629,0.02599899682327389,0.021679687500000044,0.044129351767237424,0.03091351163598488
2008-12-22,-0.005518922018348693,0.003309692671394915,0.006593652212784962,-0.014047726249437287,-0.0038056206088993294,-0.0069257720198809825,0.0018734467597019133,0.0013551665725579642,0.0027864855451060766
2008-12-23,-0.0010024344837463728,0.002980827857191226,0.005551237926057606,-0.008493926385971351,0.004115226337448652,-0.0022973416475222663,0.014298071541240631,0.0032705537385810945,0.012877050626212805
2008-12-24,0.00014322543683764621,0.005997410209227727,0.0012145301976373979,-0.006263817243920333,-0.003222970993261076,-0.0028782894736842923,0.007788201063509526,0.0048476843525180335,-0.01322889469103583
2008-12-26,-0.006969136680415322,-0.001836734693877573,-0.00033083370092634734,-0.008157211716722235,0.0017610801291458866,0.006762886597938111,-0.003546672971863174,-0.001048760365248369,-0.0026041666666666297
2008-12-29,-0.011944912872400293,0.007470358440134328,-0.004964147821290732,-0.02672897196261681,-0.019568345323740854,-0.0036864094372081047,-0.033944449995004344,-0.019471429771270143,-0.011158798283261828
2008-12-30,0.010436634717784887,0.01361583883292794,0.0018847006651885323,0.014691761090839028,0.006371271358239117,0.004357835882256245,0.006735269022933421,-0.000242694191043058,0.009532062391681029
2008-12-31,0.011926144119549065,-0.015322525480539029,0.004647560030983655,0.010031229298760325,-0.011026779321208657,0.002046663937781412,0.011492776886035339,-0.003912608881907809,-0.007738607050730928
2009-01-02,-0.001936039007600865,0.006818181818182056,0.0036347615376142173,0.0011243324276211109,-0.014118311449950571,-0.011356209150326868,-0.011857306080995333,-0.014091977751017892,-0.005982905982905851
2009-01-05,0.027253977607542668,-0.005615669086426522,0.022827041264266823,0.03668694431445951,-0.00881612090680095,-0.014957441533757554,0.017742432807441366,0.012592150989487072,-0.005102040816326592
2009-01-06,0.009743399033097733,-0.011842728564661509,0.010729613733905685,0.012187415365171095,-0.005704744677890727,-0.008221476510067105,-0.006337023618667725,0.004006375737733103,-0.010933557611438327
2009-01-07,-0.019900860183700186,-0.03127048642978891,-0.015923566878980888,-0.02417053157331417,-0.003466444814198444,0.002368465572661238,-0.01342819030680309,-0.020137875797362592,-0.01015651015651009
2009-01-08,0.000291672743182092,0.004213298222514927,-0.016720604099244807,-0.0014623891783200893,0.01994060246075513,0.0033755274261604296,0.009606222153545119,0.01839147569697852,0.01298701298701288
2009-01-09,0.016228232678769938,-0.003215434083601254,-0.009873834339001686,0.0156521739130433,0.0011326631742885063,0.002523128679562614,0.011338707208815801,0.0025655725956714726,-0.0006741951795045109
2009-01-12,0.01108863414999628,0.027787145073177255,-0.01473684210526316,0.003875270367700079,0.03654241267977709,0.013003355704698016,0.01676062199689765,0.0022587885459406376,0.02522896146535336
2009-01-13,0.011289589331716865,0.020580947136563887,0.008209626630679256,0.006553550588024093,0.020823970037453288,0.014906832298136719,0.022289201458658647,0.018585875875447577,0.04780010863661044
2009-01-14,0.0018217701533322916,-0.006088800711500197,-0.0041271611823759935,-0.0029432750624331927,0.00527108433734913,0.00962872297021633,0.01858794695397914,0.009480464920879506,0.01731442254558857
2009-01-15,0.00610966855048134,0.0010272565402000833,0.003472222222222321,0.004741032292691738,0.012503812137846904,0.020205285702739717,-0.004335862586508643,-0.0033293104165800225,0.023374175306314804
2009-01-16,-0.011325883418906835,-0.00916061613625585,0.007813372028128152,-0.004896723646723666,-0.01531531531531527,-0.006575299057276385,-0.018866570160431695,-0.03247178031093867,-0.0203139427516158
2009-01-20,0.02301869303259685,0.050916351707908314,-0.0011075423634955284,0.022814708776952797,0.013081837541831565,0.005103668261563055,0.023399585416412405,0.024656903645308814,0.026929641570263563
2009-01-21,0.005905205905206046,0.021488927738927854,-0.026499611930369205,0.003586424072778094,0.012163202463433498,0.011504284354173278,-0.006374435534797218,-0.019486718706126727,0.01112176414189836
2009-01-22,-0.006561173292165434,-0.008092485549133,0.009567198177676595,0.005665475464133207,-0.007487775061124635,-0.009804690563965712,-0.012770702928268096,-0.002290950744558984,-0.009496676163342821
2009-01-23,0.008249669234960066,0.013325523502708991,0.0009025270758122872,0.007886982145952626,0.003373198405397071,-0.01156527249683137,0.002004154064788599,0.0039466130884040496,-0.0009487666034156961
2009-01-26,-0.020879372094795512,-0.021633237822349605,0.005973850315599716,-0.01651044801788637,-0.013313161875945556,-0.02227921141208533,-0.032269013504012345,-0.03966835823029091,-0.0067847719562758035
2009-01-27,-0.0027357701953035773,-0.01328809725756297,-0.002913165266106521,-0.004284340299029354,0.0012117540139351402,0.0075409836065574165,0.012175568694257732,0.01062816314379278,0.00416351249053748
2009-01-28,-0.006418000604047069,-0.011804148913878598,-0.0013484661197886716,0.00474183350895685,-0.014479773100462667,-0.015945330296127658,-0.015642789960892967,-0.015715674433676052,-0.011412535079513564
2009-01-29,0.019710502001847985,0.003856401626700423,0.010127152019804075,0.005680825030589087,0.022748091603053355,0.00752314814814814,0.0209202916771436,0.018121417989734656,0.03565200542530511
2009-01-30,0.014370509215869909,-0.010476653021577853,0.0006683747354350178,0.00912488050751703,0.026645768025078453,0.01460572741445798,0.030084724890399483,0.01646138922366913,0.015145554681353257
2009-02-02,-0.00031230480949395734,0.013002530222097297,0.00033396415451414363,0.0024112986565620886,0.009493670886076,0.003477557622320937,0.002199720252967996,0.01817577142196125,0.011539992041384561
2009-02-03,-0.015526518063028405,-0.011532583020703036,-0.008568884932116605,-0.01898625429553269,-0.0240889437924644,-0.005963894261766467,-0.01498252436449532,-0.017240644748988232,-0.017015450811656452
2009-02-04,0.011900132223691129,-0.005389718076285299,0.0049388259063867235,0.014011734827918287,-0.0035390060009232727,-0.005351062104751225,0.0023372691492582476,-0.0007514342278289732,-0.0007817080320501324
2009-02-05,0.0014799813054995337,-0.0110025285314016,0.01653077180833251,0.006477243285257783,-0.0061171432940817505,0.0031790022823605657,-0.001002803015658249,-0.012321219395797556,-0.007371483996120087
2009-02-06,-0.002796333695821107,-0.009610829103214868,0.010328535325788257,0.0034322979234597817,-0.026209977661950767,0.006581620216137063,-0.011368446513877917,-0.00541751467853635,-0.027358490566038007
2009-02-09,-0.014543784445805175,-0.010779325120514271,-0.005220228384991921,-0.01094578416281844,-0.017412935323383172,-0.015983209557636324,-0.02250902195852955,-0.025733508030680086,-0.026093348033811026
2009-02-10,0.007558229214869705,0.02273349767187094,-0.008964687875806177,-0.0026802697561819633,0.037183184094703225,0.011648892534864563,0.02606845629184651,0.013357711660798799,0.02951191827468791
2009-02-11,0.005661987124796486,0.0164961369805805,0.00011031439602859905,0.005548331166016496,0.006107802717972177,0.006973726889393461,0.022515490071717714,0.008693318223163216,0.004942965779467512
2009-02-12,0.005537357666510534,0.008352049410443652,-0.0012133245091551226,0.0030175015087507973,0.006454587367450637,0.004831695925269663,0.005558603907722448,0.015714159004228012,0.010955218143378964
2009-02-13,-0.004425809457256014,-0.012064900845929816,0.014246272777471036,-0.004555612858862079,-0.013343442001516381,-0.003446065074531157,-0.009489916963226541,-0.014612350638198768,-0.011963539688568114
2009-02-17,0.0245008352557472,0.013920134983127053,0.0035932055749128278,0.01407477765305254,0.03272784215471347,0.013751507840771948,0.05623952095808371,0.03875636954434669,0.03052837573385503
2009-02-18,0.001912807842512354,-0.0007727432384966315,0.017793208202234956,0.005875340599454937,0.0001566170712608006,-0.0011105822624145611,-0.007120504331262101,-0.00014218885523742397,0.0005874290189935572
2009-02-19,-0.010098619329388714,-0.005032501572656778,0.002984756422556245,-0.006010327605180832,-0.010077519379845024,-0.0001588310038120877,-0.0034030696144710104,-0.0198097242566021,-0.003123170017567678
2009-02-20,-0.0011820330969265491,-0.0018139956743179475,-0.0023381868423849594,-0.005195026400953817,0.00482941268110304,-0.0037331215250198113,0.008571101180245178,-0.005571192293184035,0.009657075285770533
2009-02-23,-0.004471640385973141,-0.015117157974300799,0.008096303398316795,-0.004109237222840401,-0.005731102850061842,-0.0027904010204895524,-0.004726305982867274,-0.003968369758688084,-0.005488043904351203
2009-02-24,0.0003924030764399511,0.010063853414769452,0.020817922434745784,0.0031806068941804266,0.004199720018665198,-0.003197953309881707,0.018469897947535507,0.00385235095942571,0.0005883506569914765
2009-02-25,0.0008640326761448769,0.010024535576586002,0.007556935817805366,-0.0020565552699228773,-0.007257566399011539,0.007218479307026016,-0.00048195471867296114,0.002582697386660504,-0.003517686144225207
2009-02-26,-0.002585396427452258,-0.005368846743829203,0.01253467584506307,8.586639189411827e-05,-0.009179926560587526,-0.00820194298455168,0.0005943236484744485,0.005530490467180904,0.0007823195775475966
2009-02-27,0.008055599431369576,0.004623143737741531,-0.008219178082191858,0.002146475487249999,0.018227138183517733,0.020473705339220993,0.011319063095371451,0.020031842524243615,0.0165009940357852
2009-03-02,0.006518282988871249,0.02051611980842094,-0.005831798649478137,0.004369431117203559,0.018727186160926834,0.014240755310778841,0.019004875886524886,0.014359905780855442,0.02111246447421844
2009-03-03,0.0024703163598693845,-0.003206498503634081,0.010188329731398493,0.002729676703915551,-0.013619286161552946,0.003568381041036517,0.00842803545212334,0.018073468930979386,-0.005250403877221199
2009-03-04,-0.00460061870389461,-0.007636826474331726,0.012021189894050544,0.0005954912803061152,-0.017079550700107693,-0.013063306794465546,-0.021255257198317556,-0.03158921652147628,-0.02134387351778677
2009-03-05,0.003342618384400975,0.0012744265080713024,-0.010267767263942074,-0.0029756844074135813,0.014200998751560334,0.008380325814536516,0.02318227393426553,0.00627137161423974,0.00897308075772707
2009-03-06,-0.008600284046078599,0.000992204110559891,-0.004475183075671296,-0.017225206787754743,0.0,-0.0007766990291262488,-0.009164037345336773,-0.0043569605617518326,-0.005157706804205686
2009-03-09,0.0030072807850585193,0.025659664170967655,0.010114425827544071,0.009457700650759238,0.015369988908255472,0.01010493587252248,-0.00991175064122074,0.0003257236730300761,0.023137812056017948
2009-03-10,-0.009096612296110362,-0.0059971098265896305,-0.004854859917062804,-0.008079766202509941,-0.025027035377722884,-0.015313582146979643,-0.02467618002195393,-0.011892121469526562,-0.02067183462532296
2009-03-11,-0.0017222483168938263,0.004354136429608246,-0.006606362435206847,0.0038994800693241682,-0.00369401262120983,0.0009377930603311491,-0.0106469184711655,-0.005945984669388893,-0.006516587677725005
2009-03-12,-0.001953277599812453,-0.0022445876475273296,0.0012277470841006721,0.026586102719033278,0.003707708944847843,0.007885696439725143,-0.005676518098878258,0.0032430095128279657,-0.014785992217899002
2009-03-13,-0.00713676208207259,-0.011523046092184464,0.0018393623543839777,-0.0010930799630035626,-0.01566301703163009,-0.01216205747927801,-0.01184115688674825,-0.016780403706630254,-0.019832189168573544
2009-03-16,-0.008155728244979787,-0.008445106805762492,0.0013259893920847254,-0.005134680134680103,-0.005294206625321429,-0.002274153074027563,-0.022310470985967723,-0.011032044069728353,-0.014285714285714346
2009-03-17,0.001927227875424098,0.005207590241118609,0.0069267597025566285,0.0005922666892292927,0.0030344409042635245,-0.0004715868898843567,0.007034164248919339,0.0005171241984573971,0.00681302043906129
2009-03-18,-0.010526315789473717,0.003148704737369279,-0.007789580171977728,-0.013444951801116156,0.000303536196691212,-0.00015726979633556848,-0.014828490457319488,-0.005685426111611602,-0.0001892147587511106
2009-03-19,-0.04515659140568096,-0.041826659352715234,-0.04312805872756942,-0.04139881717665206,-0.048794571964775324,-0.029807314195831713,-0.05037121917448506,-0.06240717637973037,-0.05759629101283881
2009-03-20,0.012089046144773796,0.010322133702805436,0.024826851358551005,0.005275393419170271,0.0050783517121297805,0.0027561608300907814,0.02621986475275917,0.010533819103437425,0.0005352363960748896
2009-03-23,-0.00022109219544552694,-0.004208057395143405,0.011644832605531175,0.004180378902428172,-0.014583929082070402,-0.0038803556992725863,-0.014379501249326299,-0.008213809859706989,-0.01563048823322799
2009-03-24,0.0033274179236912893,-0.015885947046843207,0.0057553956834532904,-0.00044286979627983225,-0.0032777540259368854,-0.004788183736406437,0.0056791350813967245,0.00380901202762729,0.0019355973957417838
2009-03-25,-0.0011079104808332518,0.009941720946177623,-0.0016349887594522272,-0.004076207354896,0.0011413896418890346,-0.0014678300578977455,-0.002804997096148454,0.024892933618843482,-0.0008790436005625679
2009-03-26,-0.0015486725663715895,0.0060702214251224795,0.007881269191402307,0.0029362042886378337,-0.0018513244090003766,0.0066966108615762465,-0.007273853779430017,-0.00035334060498060094,-0.018464193270060436
2009-03-27,0.01908913272208035,0.012006980802792278,-0.004874581090687613,0.014460610361958892,0.010941549093003156,0.005272978015737895,0.017475316115986184,0.020547103119717303,0.014353229476632201
2009-03-30,0.012171002586338187,0.012510602205258792,-0.005612817634452427,0.008482728465238232,0.023276370064820195,0.015332472562943789,0.022254118974887493,0.027647687743761917,0.01672895533013019
2009-03-31,-0.008672045848729382,-0.010629370629370527,0.017549261083743994,-0.011879986125563735,-0.019783393501805024,0.0019074868860275984,-0.009660734215800493,-0.011810735166976949,-0.012825017568517505
2009-04-01,0.002873780533918069,-0.007082349673656396,-0.002218860312657611,0.006143045195261099,-0.0023051433511023234,0.002697128351578648,-0.004120113424299077,-0.0018684105164820108,0.010115350488021368
2009-04-02,-0.017461732798335627,-0.020272108843537584,0.00555948650560989,-0.010117749672917675,-0.031803598828288315,-0.020569620253164556,-0.023849504757732842,-0.028420317630104996,-0.031454107940873
2009-04-03,0.0008180263255745945,-0.0068238632524828535,0.004624045034177682,-0.002467177724909564,0.009291848514711987,-0.003634894991922377,-0.003452918152127782,0.0010856601119300091,0.003103448275862064
2009-04-06,0.0062860136196960514,0.006049483414899415,0.007104262557534602,0.005918205105555963,0.0002816504717646495,0.007458451560599766,0.007455125398711626,0.006476347584352782,-0.012093340146482778
2009-04-07,0.006098479144707181,-0.0021703743895822303,0.0005961251862889316,0.004829645240604252,-0.008240223463687246,-0.007081355113864873,0.014266025999180698,0.012550650296693222,0.012590548464987972
2009-04-08,-0.0004515352197471678,0.0035393411380342243,-0.007546420415053046,0.001398234728654968,0.007032348804500765,0.0011346138260799332,0.00706328804015155,-0.00139388489208625,0.0019008121651977739
2009-04-09,0.010571146094759953,0.004718593995760356,0.00480240120060027,0.010821188585391495,-0.008091517857142794,-0.006476159637335055,0.010295744344634095,0.0016059555435483652,-0.003615702479338845
2009-04-10,0.00045651677699143356,-0.0008199521694569611,-0.001294433934083572,-0.0006906673573341404,-0.0029211295034079487,0.0,-0.0048607936087783354,0.0006143794767285993,-0.0036026762738032847
2009-04-13,-0.01580050921072329,-0.01321556199851659,-0.001794616151545303,-0.01892008639308862,-0.013583973655323933,-0.005133219261794109,-0.012416878249304819,-0.014795956570572755,-0.00968399592252811
2009-04-14,0.005799502899751285,-0.005098275977728495,-0.010387534958050448,0.002729834448749635,0.00027449903925336194,-0.009582309582309656,-0.00179964007198552,0.00384574459999687,0.004951340276592164
2009-04-15,0.007206797147625732,-0.005537024683122116,0.0029269277351635647,0.005796083252832096,0.00802434975096844,-0.00438270073596303,0.0190590659340657,0.01924591156874622,0.017016843201944853
2009-04-16,-0.0011366219595363436,0.005432959957072825,-0.0008050719533058137,0.0015716406181787157,0.003749479238994713,0.001827242524916839,-0.00012035142616428907,-0.009106981028360828,0.008758101243650396
2009-04-17,0.012816577129700857,0.008864528352957146,-0.0008057206163764041,0.017696800627669873,-0.0004164353137148247,0.006964019233957952,0.01739287433798764,0.0037032594680499464,0.006168487839266712
2009-04-20,0.009842672246764161,0.016928158546655636,-0.009273258744078139,0.0033407572383072903,0.026210826210826488,0.01580767330808497,0.026477373558118744,0.021435506759279965,0.020687173952149696
2009-04-21,-0.0057790106333796,-0.010620915032679812,0.0031539322413265403,-0.005037138222487858,-0.010570824524313127,0.00283676446749892,-0.01785323236863634,-0.008920737057619199,-0.012260127931769782
2009-04-22,-0.0026129726406393106,0.013245033112582849,-0.0046653144016226555,-0.0017161489617298908,-0.0019693346462229533,-0.0009698537137315943,-0.012239772807285276,-0.009620776154640631,0.006797853309481017
2009-04-23,-0.0027590435315757444,-0.009497779296207765,-0.002649276543713164,-0.004555612858862079,0.0005629838142153787,-0.0056629722514358605,-0.005880885340556752,-0.009863225960249133,0.0019716795124575803
2009-04-24,-0.01724787226029989,-0.004218548002993816,-0.008173273395995051,-0.01839219411104387,-0.015927977839335083,-0.015946627613701136,-0.0340121420718007,-0.014325267846394651,-0.024991261796574737
2009-04-27,0.010733861144945234,0.0012944542853250418,-0.005253399258343672,0.009148486980999238,0.008802570909598906,0.0009094667217857122,0.004725968081157994,0.022670371275036683,0.004917456972251433
2009-04-28,0.005742286195544066,0.0048606832340658546,-0.0008284146215180588,0.003922594142259372,0.016186284253869143,0.01090368412357523,0.010540314239274817,0.0037468838167460383,0.018604651162790642
2009-04-29,-0.019738817172020418,-0.01317389541953784,0.004974608767748023,-0.01806025874793782,-0.030957622454595546,-0.018793920575257306,-0.023456158307744723,-0.0269928613920285,-0.0293453724604964
2009-04-30,0.006040471156750327,0.0002027163997566639,0.01845931731463346,0.008223538774427608,-0.006696733634003027,-0.005746169220519737,-0.003256678686847314,0.003744745892243051,0.011237928007023612
2009-05-01,-0.001733624783296861,-0.005510382366776367,0.004860267314702238,-0.0033327486405894113,0.0037037037037037646,-0.005946896725018802,0.006547157056658648,-0.0031825795644890853,0.0014067170740286183
2009-05-04,-0.0073325851103628326,-0.006940273606940162,-0.0012091898428052694,-0.006599788806758267,-0.013264753654575023,-0.0074991573980452975,-0.015546296872085086,-0.007042361100502603,-0.00923344947735183
2009-05-05,-0.0007476635514017671,-0.007550168885356756,-0.003631961259079941,0.0007086544423775543,-0.0064550833781603645,-0.0017828338568639523,0.0016423472932853844,0.00423076923076926,-0.013915134856553824
2009-05-06,0.004657102080672937,0.0023899621589325015,-0.001620089104900857,0.001416305213773672,-0.0041516003749833,-0.0027215512842319045,0.00041621996594565225,-0.00010723860589811895,-0.0006866952789700287
2009-05-07,-0.00730743419580937,0.0029296224781942826,0.0040567951318459805,-0.003093785910015079,-0.014777675155033587,-0.0010233668770255333,-0.011094581305630458,-0.008135686707115286,-0.022978866152297828
2009-05-08,-0.0061508818734252735,-0.004705102717031062,0.00010101010101015717,-0.006738783472246657,-0.003942699434879793,-0.011439303397643874,-0.012901909788622823,-0.009221928727003115,-0.003676470588235503
2009-05-11,-0.00925110132158602,-0.0036315615714757055,-0.015755984244015808,-0.012051419389394802,-0.0006566850538480828,0.0009499136442141509,0.0027380983132281322,0.00035859058309939407,-0.012867040580666234
2009-05-12,-0.0013198416190055573,-0.00623359580052496,-0.008825038481272474,-0.0013553808620222485,-0.002750491159135615,0.0069019066517126415,0.0064401452896776235,0.008135529822483445,0.0036423841059602946
2009-05-13,0.0019100793417572426,0.004945598417408492,-0.008696552438140603,0.0008143322475571146,0.00858652575957719,0.0012852369120042173,0.007845094576262479,0.0067403571152508945,0.015638136875735675
2009-05-14,0.00029394473838917357,-0.001974333662389083,-0.0013577023498694274,-9.04077389024538e-05,-0.0003961441964874801,0.003422899195618667,-0.003288847125750838,-0.0041461279771501935,0.0005047106325706263
2009-05-15,0.005096388211832448,-0.0017737485218762838,-0.007634386111692204,0.006509945750452051,0.006245017273452058,0.0025584171925634447,0.001286755338123724,0.004764768469260217,0.011056302092192771
2009-05-18,0.0026660742057320608,-0.005682931608857578,0.012224681209821897,0.004401724757456149,-0.009215376513954876,-0.008506294658046976,-0.009084778542618355,-0.004005524861878551,-0.005245346869712342
2009-05-19,-0.007716049382715973,-0.012386297658215528,0.0005205622071837723,-0.005366246310705702,-0.018731430047797315,-0.007635552505147469,-0.01187739955572098,-0.004792061510963119,-0.018924302788844716
2009-05-20,-0.01140573919360699,-0.010784939374601121,-0.009781477627471391,-0.008902077151335286,-0.00373230373230371,-0.011498227716780551,-0.015463783559009348,-0.008391651700006109,-0.011648892534864674
2009-05-21,-0.002825268038249895,-0.005899892152509079,-0.0019966372425388457,-0.0010887316276538828,0.0034870205346764216,-0.0019240860591218656,0.00047515970645695127,0.002560659525965736,0.0059415745172470835
2009-05-22,-0.014352017136736728,-0.008117291719103914,-0.0054754132884068385,-0.014804722979109841,-0.014007385712466625,-0.015597616543988835,-0.015659630606860264,-0.013782899859835052,-0.025100563153660604
2009-05-26,0.0009291023441966306,-0.0028861839628561148,0.0038115404976177825,-0.0012906794505394004,0.0014027033919918885,-0.0031155421043261855,0.013228257810301125,0.007248322147651143,-0.000964475164764389
2009-05-27,0.004883654122378456,-0.008090614886731351,0.002109482122139017,0.0025846949136898445,-0.004064008128016217,-0.007054201267970184,0.012037037037037068,0.0032296500689827923,-0.0014446227929373334
2009-05-28,-0.001720676799541021,0.007019303083479755,0.018419113777497165,-0.002117668722953714,0.0016537336216766452,0.0002697841726617689,0.0070971114886944076,0.0038599781215815643,-0.004633328007669024
2009-05-29,-0.012600877813960132,-0.012623762376237746,-0.012505167424555652,-0.013471120132865999,-0.01651445014387587,-0.014924031286523531,-0.010784784498981237,-0.017092952659682137,-0.017425431711145967
2009-06-01,-0.00465050732807204,-0.017509727626459193,0.01025641025641022,-0.00037411148522259463,-0.013331687445994334,-0.007940129597517553,-0.03034556952061085,-0.02008267473352443,-0.021355046858196447
2009-06-02,-0.0054660126138753595,-0.004056917953375705,-0.008391173728374612,-0.0059880239520957446,-0.011349768123016912,-0.0038638454461821237,0.015870868229850288,0.000533367813676966,-0.006411234925965403
2009-06-03,0.005354375088065577,0.006705272782688176,0.0,0.005647590361445687,0.011230408490682686,0.013391207979312814,0.01960523161343586,0.02109718273455674,0.02407378458652487
2009-06-04,0.000493409459364047,0.014344895814011105,0.006790639364814055,-0.00046798951703475034,0.014142678347934812,0.0021871867310672144,-0.0013585181701806226,-0.005046669830722883,0.012984956452889884
2009-06-05,0.014081486776268859,0.009739651620153555,0.018781778561793194,0.01620001872834531,-0.002745881178232712,0.013367281985996238,0.016115107913669213,0.01739517578031835,-0.002054361567635943
2009-06-08,0.007634687409968199,0.002566349524286471,0.0038704420452229105,0.007095466273498108,0.02050694179085455,0.007537688442210921,0.010813315826059933,0.008830194576853856,0.024279702168986672
2009-06-09,-0.00927643784786647,-0.01788897768488351,-0.009740259740259827,-0.009790465733369835,-0.016165413533834605,-0.016565728535803292,-0.018351544789995122,-0.016312935708752807,-0.01088696765930186
2009-06-10,0.002216977758706884,-0.0041018733929226725,0.005430327868852558,-0.0005544261689153229,-0.007832898172323688,0.005252671617460569,-0.002672513330133186,0.005323086130053278,-0.007783955520254127
2009-06-11,-0.007805293408074898,-0.012872424004351402,-0.0030571690614490388,-0.008783284023668458,-0.01854789505796217,-0.011081081081081301,-0.0044878048780487845,-0.007879689825330938,-0.02478698683191327
2009-06-12,0.0037749287749289095,0.0014525207286812947,0.0034754165388939384,0.0032646208376083674,0.007747171667486397,0.017582217363578456,-0.000980007840062691,-0.001421082549106223,0.004200373366521237
2009-06-15,0.01857225769007531,0.01567494467666597,-0.0014260975858205738,0.01729267385645228,0.026767676767676774,0.015040286481647236,0.03233274475181469,0.025204768982638015,0.021939586645469022
2009-06-16,-0.0067733102752556285,-0.010823300498601474,-0.018055697235540125,-0.008133796380917713,-0.009999999999999898,-0.0011465866995941099,-0.008159438468458236,-0.00926954161268434,-0.008668242710795915
2009-06-17,0.0020216606498195677,0.009390535812925815,-0.006337003947641806,0.0015663871740532187,0.014327374160010287,0.004061810154525336,0.013821647100903167,-0.0016346228691522802,0.009546539379474916
2009-06-18,-0.009157247102589805,-0.004642922597592913,0.007422895974908528,-0.003955841766329349,-0.01878576760388173,-0.008618415266907098,-0.009374409374409365,-0.00714174333385309,-0.023613484542488905
2009-06-19,-0.0014287755393627144,-0.01015903731027401,-0.002179327521793173,-0.004987531172069848,-0.009000123289360173,0.0012419054377716954,-0.0012846440518435864,-0.0009266239477322413,-0.006022235948116017
2009-06-22,0.010977899754441633,0.011870525607293736,-0.0026001040041602197,0.009468114731272514,0.027228976697061924,0.02303535040311866,0.020593479368313794,0.030795592095955282,0.0253324889170361
2009-06-23,-0.013466334164588534,-6.118453255021805e-05,-0.006047966631908319,-0.015448275862068872,-0.0006328312871789477,0.0008660258075690042,-0.009770767560552618,-0.008646983468553637,-0.007698350353495531
2009-06-24,0.0014270424545130833,-0.00861336891908282,0.0006294586655477552,0.012608573830204639,-0.01581963129048325,-0.008220126330362398,-0.011139955137737134,-0.009183908930082252,-0.014553336429788066
2009-06-25,0.004443488855443434,0.009182174338883575,0.008702033969385514,0.0108836008116584,0.004755944931164047,0.009945908218460975,0.012845673505798239,0.010775058998882203,0.004510108864696827
2009-06-26,-0.007327831531018902,-0.009819372045096308,-0.01060180854381032,-0.009489051094890733,-0.007823171488886116,-0.0042328956461643585,-0.020118775006920164,-0.006881509016620102,-0.002327385570209506
2009-06-29,-0.00014226774790149221,-0.0021169781648823216,0.006828448366425155,-0.0006448047162858073,-0.0016117034465658042,0.0045979005812439855,-0.00752449312394865,-0.006511584743403298,-0.009071340713407094
2009-06-30,0.0027104136947218027,0.004923413566739532,0.0060517529215358135,0.0016591390911604442,0.0013656114214772863,0.003972366148532025,-0.0001423156042591467,0.0018837669110891575,0.008841321544904579
2009-07-01,-0.011701677710418856,-0.004357298474945481,-0.00010371292263022802,-0.013527192417410405,-0.0061690314620603814,-0.015482539136418394,-0.022178515048782432,-0.018538086210647342,-0.0007749535027896659
2009-07-02,0.011984591239834641,0.007683863885839859,-0.005289907685924633,0.010820895522387852,0.019753397081026636,0.013454481915079475,0.026545627778953973,0.014154304080049362,0.0249404289118349
2009-07-03,0.0019298120220141435,0.0037952987267384497,0.0005213764337852478,0.002491694352159568,-0.004758327072376667,0.0021551724137931494,0.0018434011395571659,0.0010459761142769253,-0.0017443704408501848
2009-07-06,0.003802554168460315,0.006531115218730621,-0.00990099009900991,0.001288778422166903,0.008078767987881763,-0.0014623655913978961,0.010177953343541324,0.01342752877327591,0.0007935248373274195
2009-07-07,-0.0019334049409238663,0.004455997029335412,0.0011578947368420245,-0.001746805185253053,-0.005148813261333762,0.0018952446588560434,0.005719162378356346,-0.0014773094501639994,-0.008185109397135126
2009-07-08,0.0081576667629224,0.00817370686965746,-0.023236252759962106,0.005986369497144928,0.023521850899743013,0.0017196904557179593,0.013336372962498455,0.013592861436034998,0.01778276193527706
2009-07-09,-0.012405532582347,-0.016808784737132876,-0.001184068891280976,-0.01373249107388097,-0.006893030380393239,-0.0023175965665235276,-0.019372578427696463,-0.014277243078046009,-0.009677931143899698
2009-07-10,0.007180812868016639,0.007167130058696403,-0.004957430757624781,0.007704446300937473,0.010708295703780069,0.0022369439903637822,0.014211062962018906,0.0071571803177541415,0.007029876977152849
2009-07-13,-0.0033636298575825396,0.00037085110328205495,0.004440593523231895,-0.0012896094325717256,-0.007173049827078115,-0.009271182075714757,-0.007477222745837286,-0.0042882960149477345,-0.008082408874801827
2009-07-14,0.00014315367547057534,-0.00705781269178829,0.0031270217813241796,0.0007378712414682909,-0.011146295123495964,-0.012130664587124196,-0.002342365155735604,-0.0028763035653859292,-0.006768455847630972
2009-07-15,-0.010272031737035947,-0.00882048786422529,0.011394173922390616,-0.009585253456221188,-0.01815694565352577,-0.018331725287255463,-0.014074497112760986,-0.017662393755688344,-0.021712349861410574
2009-07-16,7.08466170740163e-05,0.0013400743132119253,-0.005314061005420312,0.0008375209380233617,0.00274348422496562,-0.0017869907076483171,0.005226166876914684,0.0032662290757199397,0.007602792862684282
2009-07-17,-0.00035410764872512157,0.005327617881200286,0.005235602094240788,0.0010227801022781868,0.0007487832272556894,-0.0003580379520228272,0.002753162936024234,0.00032868993582724215,0.002021144278607112
2009-07-20,-0.006403490254028754,-0.00994300957924088,0.0046768707482993666,-0.007245030652052731,-0.014512360103308364,-0.009222779369627454,-0.008377284278544672,-0.01010780616795226,-0.018165165623568957
2009-07-21,0.0010566356720203007,0.004567878677142367,-0.01227253491324587,-0.0010291916167664006,0.0009848578111535389,0.0010845006778128496,-0.014475022858688291,-0.003793566743064858,0.0009167303284951522
2009-07-22,-0.0016877637130801038,-0.0012166190157552048,0.004391602399314465,-0.0016858668165214974,-0.004656292121063665,-0.008756883632752399,-0.006625112705319736,-0.0008726695755653102,-0.004411317310617724
2009-07-23,-0.003224449740642177,-0.007426639294771165,0.01045110376453029,0.0007505394502298479,-0.005483792347062977,-0.010291438979963652,-0.021126019468560964,-0.009639510878195923,-0.006047777441790081
2009-07-24,0.0037289805108000618,0.007911392405063333,0.0011609498680738017,0.0031874003937377715,0.005390835579514697,-0.0022085212110057872,0.0024592146639073054,-0.0001603514904671144,0.0066971080669711025
2009-07-27,7.036307345886783e-05,-0.003275506490355573,0.004849251528568299,0.00261657788991676,-0.006088650754992653,-0.000922253988748567,-0.0038875557998311328,-0.0064311260083717015,0.0029003205617463834
2009-07-28,-0.00021104467112198488,0.0005462159373672559,-0.007553503986571508,-0.0023301332836237476,-0.009050319777965554,-0.002861626511584836,0.00028261132867712924,-0.005358987603305776,-0.006219660194174859
2009-07-29,0.012969429202593918,0.005983271261981837,0.005602536997885821,0.016629297458893966,0.015066144047035879,0.007313460470283362,0.009323538908621254,0.016244725738396637,0.007796972939917435
2009-07-30,-0.0023460827527370665,-0.006309531031972404,0.0056764427625355385,0.0011027384671933316,-0.013056092843326872,-0.00615752228655464,-0.01186334493008634,-0.005541272097219774,0.0015311590874291792
2009-07-31,-0.014917010995167734,-0.013761742356249718,-0.011811435141632631,-0.02074536442078201,-0.00803453651516961,-0.002126872572591032,-0.026439681105070667,-0.018097440344284954,-0.01120363361090071
2009-08-03,-0.009503329633740232,-0.014331210191082744,0.007298497990268604,-0.008436445444319318,-0.010560037968675884,-0.013066444259104859,-0.01768023167200128,-0.01679559095294958,-0.011671405057608886
2009-08-04,0.0011111111111110628,0.0014174344436568287,0.0018901606636563262,0.0025524673851389235,0.0007124198527665992,0.0032863849765258912,0.008844065166795811,0.004840319361277601,0.001798830760005865
2009-08-05,0.0006253908692932519,-0.0026506449902808926,-0.004506865108479086,0.0023573785950024018,0.004532442748091503,0.003462798315395421,-1.3981711920796336e-05,-0.0024333316780057457,-0.007587027670336255
2009-08-06,0.002368182767987781,0.012102062716108364,0.00610654874710459,0.0026340545625589407,-0.0015481719661784021,0.0035441149039359132,-0.0006012220187077144,0.0031527943714324547,0.001788375558867461
2009-08-07,0.012482369534555726,0.0062991181234626215,0.021871075763918002,0.015762807280915725,0.0031059610560268958,0.0072490706319703335,0.004099163378941784,0.012935455056737322,-0.0020820939916715853
2009-08-10,0.0026161351905535923,0.01103900042457684,-0.004301075268817178,0.0026787363753923987,-0.0007162468664200228,0.0009226794611549849,0.011271962213150077,0.01116990005878904,-0.004736530491415092
2009-08-11,0.00014143271338662444,-0.0008484334282770067,-0.01326751002776927,-0.002763703362505643,0.009763741562198502,0.012813421828908655,0.010416092587489656,0.008252583979328154,0.01046963804965606
2009-08-12,-0.00520576855434407,-0.002237271737815849,0.002293099854075553,-0.0055427251732101945,-0.004440177607104245,-0.010193865477382436,-0.01880386167775705,-0.02280918133619525,-0.005799256505576222
2009-08-13,-0.004760904571868507,-0.0025331724969842595,-0.007279534109816965,-0.004644681839294118,-0.007503573130062002,0.0005517241379311422,-0.007170949316953279,-0.010162768206926964,-0.007673011657075457
2009-08-14,0.004712999437253673,0.0030854861153124524,-0.008589985334171324,0.00037330844610372615,0.008770875886098928,0.00845510522929871,0.0064108845060959485,0.006309304982860642,0.00014757969303436091
2009-08-17,0.009085746734809774,0.012620229124548077,-0.003275570583262888,0.006343875361507489,0.010808841389361223,0.009477809167957707,0.0129348113325638,0.017558583464981625,0.013612565445026092
2009-08-18,0.0009236234458258608,-0.005786332074552258,0.004134421711014635,0.0007416334476684217,0.004023899524448149,0.001805543017062483,-0.0004256546156063967,-0.002264089916713896,-0.004171011470281538
2009-08-19,-0.013111765530781083,-0.00827544548474779,-0.008973817567567544,-0.015284854099119949,-0.01109369347642597,-0.011624763449580855,-0.01403884722107751,-0.019677445498014534,-0.005186721991701115
2009-08-20,0.001896733403582651,0.00369831453862024,0.002663257696814636,0.002728127939793046,-0.0018054886856040397,-0.006017505470459428,-0.0024660053499776513,-0.0032076189216447837,-0.001184132622853773
2009-08-21,-0.004893393918210531,-0.0005453553899291697,0.005099872503187219,-0.0043156018388218476,-0.0049107677566176955,-0.009447807741698733,-0.01874327853740987,-0.0038648464843166197,-0.010689705667008331
2009-08-24,-0.0010474860335194514,0.00523847231528296,-0.0013742071881606144,-0.0006595684537830104,-0.00689901272748894,-0.005463468839707386,0.0013664118877836362,-0.0027308755453425704,-0.007989540964555508
2009-08-25,-0.002090592334494823,-0.0007912355447353692,-0.0020112204932782873,-0.0029228738449932345,-0.00059438896814068,-0.0012104283054004128,-0.0007107017469049071,0.00220404074135927,-0.0008708272859214716
2009-08-26,0.008432888264230609,0.012011087157376199,-0.0003182011030972154,0.011536643026004656,0.01680164390184924,0.02433112706255236,0.01462242009587067,0.012695345040151906,0.013533392174168712
2009-08-27,-0.0029428251121076388,0.0014187021959042312,-0.007214854111405877,-0.0028045246330747897,-0.009814482345900544,-0.002457226064797924,0.0011215320127293538,-0.0009871018689129318,-0.003956043956044097
2009-08-28,-0.0059896921576819695,-0.0072867552507500655,-0.0002137437212781368,-0.010030936533233281,-0.008308605341246333,-0.00784599945260489,-0.01088067664645509,-0.012235689348527812,-0.006405590333381728
2009-08-31,0.00027866796711717434,0.0010420497732008815,-0.007803313735970097,0.0008522727272726183,-0.0016589643322668657,0.0084597701149427,0.0066681767987089025,0.0011670362281388513,0.0018961493582263511
2009-09-01,0.008359676852827347,0.009030183077684217,0.0029088558500325323,0.007947771785410174,0.01601252106910689,0.005562140968359719,0.019196962238942294,0.01057434513996447,0.009125699146305566
2009-09-02,-0.00077214656745761,-0.006208125883582327,-0.007089912987431446,-0.002346756782127035,-0.0020425327405984017,0.0029017047515416117,-0.00407064992410644,0.0019773918201890783,0.01086147894658529
2009-09-03,-0.0022412102535367406,-0.00519750519750517,0.0011900897976846458,-0.002822732404967887,-0.00987389959552698,-0.0023508137432189935,0.0004710772428127008,-0.006907213103970022,-0.00972447325769854
2009-09-04,0.0,-0.0014653803883258876,0.0022692889561271024,0.001415361388941161,-0.009310548025928234,-0.012688055102410778,-0.005013225498206597,-0.0016725731129730859,-0.010929758088020991
2009-09-08,-0.015106573773884358,-0.008115310077519422,-0.005822102425876108,-0.014133609723923413,-0.017484946734599327,-0.012116761520102659,-0.02068283992372677,-0.018561831301318832,-0.015071049232094125
2009-09-09,-0.0052151238591916504,-0.0027178836745787027,-0.0039041318728988417,-0.005734492975246086,-0.0003472624146312331,0.0019513101653967357,-0.004860647233552728,-0.005171889260723983,-0.0005738057667481478
2009-09-10,0.0003432180120812589,-0.005525857408853363,0.00010887316276542158,-0.0006728828222627437,0.0050023266635643715,0.002596679959194992,0.0048558248475414345,0.012198436969079074,-0.0017184591149934647
2009-09-11,-0.0012340600575893035,-0.0027553159628630475,-0.01698236446766821,-0.0022123893805309214,-0.006127876055035175,-0.0063823883082044786,-0.005244531616424353,-0.007183859814025251,-0.013561237462918374
2009-09-14,-0.0018476698829810179,0.0064504461056185125,0.006090808416389759,-0.0013496577653524522,0.0052301255230124966,0.010891826475516675,0.00022860408629821194,0.0030431107354182974,0.011285714285714343
2009-09-15,-0.00027365396456180413,0.00924799221221706,0.0011007154650524154,0.001448016217781678,0.00011623852144615476,-0.009116861589465008,-0.0029426049195783177,-0.004365413787291383,-0.002706938310300666
2009-09-16,-0.005510953871274982,-0.003939155202714928,0.0005497526113249496,-0.0044341623288993715,-0.013869784502521743,-0.009107806691449838,-0.013395415472779448,-0.008193529820047063,-0.015706072079652134
2009-09-17,-0.002511028164234874,-0.0012710325626436036,0.0016483516483516425,-0.0036793183578621713,-0.0008017409231474426,-0.004408178578127808,-0.0034269948449865417,-0.0017239319302916334,0.002530577815267554
2009-09-18,0.0021082698585419557,0.015738349932373996,0.0017553483269336922,0.00029154518950447184,0.0072681125980618155,0.009985869053226404,0.000407990791065016,0.003607700988270679,0.0031025243266114
2009-09-21,0.0008167710318540689,0.0023416317475968285,0.0061329536742964486,0.002331681725444401,0.0037054191755441224,0.005036843578024364,0.006481494967738088,0.006337632246963265,0.0024031665253039236
2009-09-22,-0.006961811422777964,-0.009279609279609247,-0.008599107434418274,-0.007754192110109526,-0.011446886446886406,-0.008538283062644925,-0.015238343318572545,-0.012832450185376487,-0.020085884471533366
2009-09-23,0.0029148590021690346,-0.001463057790782818,0.00406236275801497,0.0021490671095047986,0.0016051364365972098,0.0036506599269867657,0.005745859601169689,-0.00560786129546742,-0.0012451577199779074
2009-09-24,0.003810560696788201,0.020911127707244237,-0.0031711317659923743,0.0019495077492932555,0.004144600506562179,0.013243797798918155,0.007933956750438176,0.0020867825607064905,0.003470776065528147
2009-09-25,0.0009535485628662244,0.0063255464395317595,-0.014589732338745054,-0.00019457145636736506,0.0035817446562680377,0.00497054491899851,0.005523099894176875,-0.0005851475776611492,0.0048828125
2009-09-28,0.0021843003412966855,0.003582652419861665,-0.005454747857063236,0.002335311861438205,-0.00904511106022432,-0.005312328265250077,0.0011677527247562214,0.0017392502281687872,-0.0027824151363383676
2009-09-29,0.006665292379578247,-0.0008791760864105269,0.01029773897470343,0.008154548102125903,0.0037926675094814843,0.001104972375690405,0.011419108647130916,0.006669875541497561,0.00615901455767065
2009-09-30,-0.0052631578947368585,-0.004998750312421807,-0.008530910702415406,-0.000962927298988836,-0.013939256572982783,-0.014072847682119138,-0.006933568723482941,-0.013439207650273177,-0.012304714502972436
2009-10-01,0.00674373795761074,0.0033855799373041506,0.002681863895407366,0.004722891566264931,0.010767468499427224,0.005037783375314797,0.009490903356224267,0.008273761099475418,0.009068080357143016
2009-10-02,-0.003975325565455767,0.004534576143090829,-0.0012258999219881828,-0.007578664620107478,0.008548983364140561,0.006497725795971521,-0.0005254711487934216,-0.002695232699867822,0.00041870202372629173
2009-10-05,-0.003891581893903151,-0.0030139394700489097,-0.0006694934166481259,-0.002223296278395348,-0.013223894208846287,-0.008115835100986901,0.0006820506991018771,-0.00922642613695046,-0.01308539944903564
2009-10-06,-0.006578947368421129,0.0013832997987928142,-0.008820902188477087,-0.00716915326487122,-0.0157091561938959,-0.017201301720130124,-0.016187663296603372,-0.013899023593592519,-0.014256619144603078
2009-10-07,0.0047018739352640004,0.00031448518774768175,-0.00011265067027133036,0.008294301327088416,0.003829691371930677,0.004635761589404153,0.015010680676635246,0.005109411889072879,0.004911993450675611
2009-10-08,-0.0069026189348312395,-0.011870727159726369,-0.003605227579991044,-0.006096970870028251,-0.02138447971781321,-0.00809869102552041,-0.010736021841760923,-0.010587575375122671,-0.01465447700994893
2009-10-09,0.004213387699626425,0.012204328132863651,0.01413387607417449,0.004479065238559121,0.004206331636041893,-0.010253489034462993,0.008049562305049607,0.00044291687336106556,0.01570394647002593
2009-10-13,-0.008356358245164786,0.0,0.00022299029992201014,-0.008336564559907056,-0.004408199250606093,-0.012278177458033501,-0.0058606282707581725,-0.004533460836919301,-0.004215392983410449
2009-10-14,-0.004027115913819768,-0.004882934768999703,-0.003009697915505427,-0.005669599217986154,-0.006460089784298684,-0.0007769253180539559,-0.0074586190080035975,-0.010424634870937255,-0.002982646420824353
2009-10-15,-0.0030779524924723356,-0.016924118407286692,0.010621645796064394,-0.0035391270153363186,-0.007714037375054383,0.0014578676256196132,0.00018786670134973704,-0.0007010983874737864,-0.010331410170401067
2009-10-16,0.003761165961448043,-0.006177370030581053,0.0037614780396062475,0.00513022888713488,0.005022930770910872,0.008249223602484479,0.007180939446041812,0.013564078578110372,0.007706868577609383
2009-10-19,-0.0038803773332442004,-0.0030487804878048808,-0.00011021712774172965,-0.005692972124067608,-0.01165551478523652,-0.007892963711618073,-0.0056234578527570855,-0.012157892868552844,-0.017795484727755606
2009-10-20,0.002817846360281706,0.0012210012210014387,0.0012125220458554242,0.0013820335636722803,0.0061895971332393,0.01814300960512294,0.004861792371169571,0.008139137934132235,0.009518702238906052
2009-10-21,-0.006929175827836587,-0.013847080072245666,0.002312011449961515,-0.007886435331230346,-0.007115902964959675,-0.007718696397941871,-0.01966893026861738,-0.013206202103011822,-0.013881544156530867
2009-10-22,0.00039992001599675753,0.0009038867128652317,0.004173989455184435,0.0004968203497615065,0.005638078716252881,0.006050129645635449,0.003177950587994083,0.0010294569163249445,0.0030499933695795622
2009-10-23,-0.0017299886885354665,0.014922634701241444,0.005031721723911531,9.931472837410027e-05,-0.0034575904916261946,0.0029591447117218728,-0.00864233576642326,-0.00023454696351898896,-0.0034359719836131175
2009-10-26,0.005889833344488338,0.0,0.0008707009142359112,0.006554121151936654,0.005978260869565322,0.010564385647663599,0.004491370677976114,0.00923970909353411,0.00960640426951298
2009-10-27,0.008096619661291271,0.0010407738459654592,0.0008699434536756367,0.008089976322020576,0.004037978827894806,0.002448672066302393,0.019629689355401325,0.009083594099239978,0.00523068669527893
2009-10-28,0.003928740770846151,-0.00250381679389311,-0.01053889613211656,0.0013701311411236095,0.01664262731609889,0.010616309658023404,0.01256613756613767,0.00746017401165977,0.0188576113692267
2009-10-29,-0.0037789324515823397,-0.011111782112446345,0.0037333918963435853,-0.0037138389366693225,-0.014218527835502592,-0.005112949707167469,-0.00840598642546797,-0.0070883315158123406,-0.00040978008468783855
2009-10-30,0.004337512707556668,0.004854663511135504,-0.009955147139262599,0.004316264469295561,0.011617614516485908,0.006073631096991106,0.009651459174614185,0.008839524543409416,0.01258644536652831
2009-11-02,-0.004923118424602024,0.004204753199268607,0.0006629834254143763,-0.005958194959953089,-0.004954310249917326,-0.0023219095384043875,-0.007616157031826165,0.0005618964003510918,0.0006920415224913601
2009-11-03,0.011597762314094595,0.0016480498077275918,-0.0028710247349823526,0.012675641151616235,0.010907067334446463,-0.003816793893129722,0.019851081162195916,0.017672247376364414,0.006547784898300435
2009-11-04,-0.011997843084389337,-0.011345120994508462,0.0073089700996678,-0.01193479526489416,-0.011224826675470534,-0.005326604990187889,-0.014335762331838642,-0.01938298642846059,-0.00993103448275856
2009-11-05,-0.0014134751295685755,0.0003622094778146234,-0.005606860158311244,-0.0012766375331435542,0.00044038313332595,0.00046974821495671115,-0.003625403414987738,-0.0008968609865470656,0.008485185700375597
2009-11-06,0.0014829794405122332,-0.0012661280598094127,-0.006522940851299119,0.0011799410029500468,-0.008838934962898226,0.006385576110433,-0.0003567249793100524,0.002534586545569706,-0.007455474251001015
2009-11-09,-0.010934062270817946,-0.008073679803839329,0.0006677053193857585,-0.010312315851502607,-0.013881416119659984,-0.014369693011103912,-0.02231040438500076,-0.018803328768566274,-0.023064472619368614
2009-11-10,0.0026069518716578255,0.0023979377735146024,-0.0011120996441281727,0.0014885382554332693,0.0016167277430478855,-0.004449493515099823,-0.0007153911291499782,0.001538819403438918,0.0006748549061950104
2009-11-12,0.006390850992263886,0.008341896874811017,0.0064573591627701266,0.00713436385255628,0.0032439446366783198,-0.00028527957398272186,0.006808386295565683,0.00948671680989066,0.009950926935659687
2009-11-13,-0.0014107214832729253,-0.0068439695023113645,-0.009402654867256777,-0.002262888626524906,-0.006766190527333293,-0.0012365642537809363,-0.007212201245084149,-0.00591108594081835,-0.011054192504718174
2009-11-16,-0.00607598317420055,-0.008216731169990998,-0.0030150753768843908,-0.0065082339019819635,-0.006190628669014764,-0.0040000000000000036,-0.0067822375537170965,-0.010592843154708875,-0.006961178045515437
2009-11-17,0.009912339851652074,0.0016102099236638967,0.0014560931899640916,0.011612903225806548,0.011334196891191528,0.012526295658825681,0.014790286975717493,0.011767881241565359,0.005383580080753569
2009-11-18,-0.010673782521681163,0.0007161613750299445,-0.0005592215635834563,-0.010989010989011061,-0.004085142980004286,-0.00878269902729234,-0.01122471176854467,-0.008518735883618622,-0.0046885465505693835
2009-11-19,0.005702784300570363,0.0058830591907792495,-0.004588182632050075,0.00684523809523796,0.012627912040061195,0.013147865853658347,0.011044132529590245,0.011246636771300444,0.021203830369357135
2009-11-20,0.002353732347007309,0.007804464879907824,-0.0005621135469364713,0.0027588925017243415,0.0033861277990168137,0.00601843144630454,0.005875184959526658,0.0017560352626071474,0.007997793712079426
2009-11-23,-0.006547300908605003,-0.00421712151334408,0.002699662542182235,-0.007860862729684559,-0.009949172704661002,-0.01383436156290907,-0.0077012936442695246,-0.01073022168708837,-0.012258240261509123
2009-11-24,0.0020753832764275337,0.0013271400132714994,-0.006282252636302443,0.0018817470535803515,0.0085069255098702,0.005497630331753545,0.009635927621539198,0.00911043493824959,0.014368610113290936
2009-11-25,-0.00981107059993358,-0.005638533981164873,-0.010498983969293163,-0.011071569790431113,-0.012174100409394484,-0.010275263951734503,-0.010263718546668965,-0.01097926532928939,-0.007677543186180413
2009-11-27,0.008153445164739592,0.010731174972717472,-0.00889903023388483,0.005897640943622662,0.021234459236439518,0.011524907134012663,0.013729910551959934,0.016445480631277043,0.025446365809081772
2009-11-30,-0.0020674936641323916,0.005180084100188775,-0.00863359042247036,-0.001291861273974071,-0.005906157716285554,-0.004708097928437072,0.003156429790958315,0.0044286041957055655,-0.005313942105999003
2009-12-01,-0.007019867549668768,-0.013051846505473419,0.005805852299117564,-0.006567164179104412,-0.011460698453886975,-0.013245033112582849,-0.012385760665913348,-0.013508291174817333,-0.018393960192175762
2009-12-02,0.002722624344245972,-0.0009013881377319954,0.005887785730777972,0.00220352564102555,-0.0014035845389764878,0.003355704697986628,-0.004778937917252035,-0.0014779465446322915,0.006632582561834965
2009-12-03,-0.0014587892049597873,0.003800217155266017,0.01228050040169859,-0.001099340395762427,-0.00032379924446823694,0.0070711896798854035,-0.004423555432679027,0.0008203152863970331,0.0005530208765380795
2009-12-04,0.013167618407793125,0.003814713896457711,0.018934240362811883,0.014107053526763336,0.012678981309432569,-0.002277255906632414,0.018532863678218048,0.011724457432023216,0.008927325986888057
2009-12-07,0.004385964912280826,0.005234646052711733,-0.004784688995215336,0.006215469613259694,0.0020810514786417933,-0.0006657156443178325,0.011106806147487935,0.0069390630503698425,0.005469845722300137
2009-12-08,0.005359202225086568,0.007790455158876108,-0.011516100178890931,0.004510246102559012,0.0051745018165805234,0.008660068519223518,0.00945203729722821,0.008133067478224287,0.003659909909909942
2009-12-09,0.001086587436332831,0.003694126339120807,-0.006560343852505368,0.0016593460224501033,0.0006610113473615176,-0.004623077648834961,0.0007310866478269507,0.0017696351428719836,-0.0029473684210526985
2009-12-10,0.0006115792334873138,-0.0009226794611550959,0.0042126835933054,0.0007795751315531341,-0.009385572410782528,-0.003033175355450113,-0.0033296337402884957,-0.003065412791603772,-0.023303632625085613
2009-12-11,0.007876172864872188,0.001293422025129276,0.011678004535147446,0.008373904576436386,0.005597014925373012,0.006179882106864376,0.005920329283076287,0.004169272461955309,0.007735875120873148
2009-12-14,-0.003004438374871965,-0.003008903899293869,-0.00650005603496584,-0.0033796832753959505,-0.004805591961555167,0.0006614381555323234,-0.005002662481432663,0.00039789633935360946,-0.00685965152970236
2009-12-15,0.009025768223783759,0.003141554761611598,0.014213197969543012,0.009688983625617764,0.00992720052945062,0.003021718602455259,0.011604816562213793,0.006588617773704231,0.009836519811582178
2009-12-16,-0.0043218769294092185,-0.008247296719408714,-0.004337671004337684,-0.006333365320026818,0.005768804082538326,-0.0040482018452268065,-0.002867922426874947,-0.012317894447498645,-0.0006922331441230334
2009-12-17,0.01816022909827475,0.014502634025410632,0.009271671134941872,0.013133751810719296,0.01795595708639186,0.01266660364873795,0.01933736369601946,0.024490789862761098,0.017467248908296984
2009-12-18,0.002520831874518681,0.0032332276316606734,0.0013281682346431012,-0.0037174721189591198,-0.001240694789081842,-0.00317371417903467,-0.001164255971948247,-0.006400787789266338,0.0012693935119887367
2009-12-21,-0.002653816607305015,0.0,0.005305626174422429,-0.0010524301569077021,0.0037359900373599153,-0.008146830227549584,-0.003030593914128632,0.000375927001811327,0.0002821670428894141
2009-12-22,0.005335954503966844,0.007959388317874128,0.007916437603078696,0.004309931998850658,0.006380312179560255,-0.0034932024169183062,0.008527963467305,0.004765646351462038,0.009255304001138942
2009-12-23,-0.006833554145457055,6.26762770290501e-05,-0.0016363041343951945,-0.01010871638374966,-0.0038588128475770533,-0.007484604452865917,-0.007214751370666406,-0.009945089505805527,-0.004817911293750865
2009-12-24,-0.0018097027911185837,0.000878238504485207,0.0018575174825175012,-0.001059730250481783,-0.0019256909832350289,0.0008591065292096189,0.0013600208811286318,-0.001596895497785078,0.0009929078014185855
2009-12-28,-0.0017370761534185597,-0.003749765639647351,-0.001308757770749347,-0.002700356832867068,-0.00529577464788733,-0.005245588936576118,-0.010302913900016475,-0.004832745721902065,-0.00550148116800675
2009-12-29,0.0025076623014768096,0.006858796878932871,0.004149830730588722,0.0023208587177254714,-0.010480544096331923,-0.0028763183125598557,-0.0018158883297986206,0.003214433844877629,-0.015143095304251286
2009-12-30,0.0027940765576977,-0.009844236760124692,0.0077215878194669685,0.00250844187168342,0.002683063163778865,0.011826923076923013,-0.004166088043327187,-0.0006029285099051762,-0.002079578538749405
2009-12-31,-0.0011163829193413521,-0.007236964186305372,0.004532700194258554,-0.003175825233374896,-0.0037866132085979665,-0.005891855934619383,-0.0024822200529912575,-0.0019994828923554087,-0.005789110957960086
